,fold,kinship,image1,image2,kinship_type
0,1,1,father-dau/fd_240_1.jpg,father-dau/fd_240_2.jpg,father-dau
1,1,1,father-dau/fd_024_1.jpg,father-dau/fd_024_2.jpg,father-dau
2,1,1,father-dau/fd_220_1.jpg,father-dau/fd_220_2.jpg,father-dau
3,1,1,father-dau/fd_092_1.jpg,father-dau/fd_092_2.jpg,father-dau
4,1,1,father-dau/fd_155_1.jpg,father-dau/fd_155_2.jpg,father-dau
5,1,1,father-dau/fd_124_1.jpg,father-dau/fd_124_2.jpg,father-dau
6,1,1,father-dau/fd_031_1.jpg,father-dau/fd_031_2.jpg,father-dau
7,1,1,father-dau/fd_162_1.jpg,father-dau/fd_162_2.jpg,father-dau
8,1,1,father-dau/fd_163_1.jpg,father-dau/fd_163_2.jpg,father-dau
9,1,1,father-dau/fd_008_1.jpg,father-dau/fd_008_2.jpg,father-dau
10,1,1,father-dau/fd_042_1.jpg,father-dau/fd_042_2.jpg,father-dau
11,1,1,father-dau/fd_153_1.jpg,father-dau/fd_153_2.jpg,father-dau
12,1,1,father-dau/fd_159_1.jpg,father-dau/fd_159_2.jpg,father-dau
13,1,1,father-dau/fd_208_1.jpg,father-dau/fd_208_2.jpg,father-dau
14,1,1,father-dau/fd_152_1.jpg,father-dau/fd_152_2.jpg,father-dau
15,1,1,father-dau/fd_242_1.jpg,father-dau/fd_242_2.jpg,father-dau
16,1,1,father-dau/fd_193_1.jpg,father-dau/fd_193_2.jpg,father-dau
17,1,1,father-dau/fd_120_1.jpg,father-dau/fd_120_2.jpg,father-dau
18,1,1,father-dau/fd_166_1.jpg,father-dau/fd_166_2.jpg,father-dau
19,1,1,father-dau/fd_021_1.jpg,father-dau/fd_021_2.jpg,father-dau
20,1,1,father-dau/fd_118_1.jpg,father-dau/fd_118_2.jpg,father-dau
21,1,1,father-dau/fd_099_1.jpg,father-dau/fd_099_2.jpg,father-dau
22,1,1,father-dau/fd_194_1.jpg,father-dau/fd_194_2.jpg,father-dau
23,1,1,father-dau/fd_171_1.jpg,father-dau/fd_171_2.jpg,father-dau
24,1,1,father-dau/fd_158_1.jpg,father-dau/fd_158_2.jpg,father-dau
25,1,1,father-dau/fd_207_1.jpg,father-dau/fd_207_2.jpg,father-dau
26,1,1,father-dau/fd_181_1.jpg,father-dau/fd_181_2.jpg,father-dau
27,1,1,father-dau/fd_145_1.jpg,father-dau/fd_145_2.jpg,father-dau
28,1,1,father-dau/fd_091_1.jpg,father-dau/fd_091_2.jpg,father-dau
29,1,1,father-dau/fd_221_1.jpg,father-dau/fd_221_2.jpg,father-dau
30,1,1,father-dau/fd_025_1.jpg,father-dau/fd_025_2.jpg,father-dau
31,1,1,father-dau/fd_055_1.jpg,father-dau/fd_055_2.jpg,father-dau
32,1,1,father-dau/fd_175_1.jpg,father-dau/fd_175_2.jpg,father-dau
33,1,1,father-dau/fd_229_1.jpg,father-dau/fd_229_2.jpg,father-dau
34,1,1,father-dau/fd_213_1.jpg,father-dau/fd_213_2.jpg,father-dau
35,1,1,father-dau/fd_228_1.jpg,father-dau/fd_228_2.jpg,father-dau
36,1,1,father-dau/fd_199_1.jpg,father-dau/fd_199_2.jpg,father-dau
37,1,1,father-dau/fd_085_1.jpg,father-dau/fd_085_2.jpg,father-dau
38,1,1,father-dau/fd_198_1.jpg,father-dau/fd_198_2.jpg,father-dau
39,1,1,father-dau/fd_015_1.jpg,father-dau/fd_015_2.jpg,father-dau
40,1,1,father-dau/fd_050_1.jpg,father-dau/fd_050_2.jpg,father-dau
41,1,1,father-dau/fd_164_1.jpg,father-dau/fd_164_2.jpg,father-dau
42,1,1,father-dau/fd_196_1.jpg,father-dau/fd_196_2.jpg,father-dau
43,1,1,father-dau/fd_230_1.jpg,father-dau/fd_230_2.jpg,father-dau
44,1,1,father-dau/fd_051_1.jpg,father-dau/fd_051_2.jpg,father-dau
45,1,1,father-dau/fd_027_1.jpg,father-dau/fd_027_2.jpg,father-dau
46,1,1,father-dau/fd_248_1.jpg,father-dau/fd_248_2.jpg,father-dau
47,1,1,father-dau/fd_030_1.jpg,father-dau/fd_030_2.jpg,father-dau
48,1,1,father-dau/fd_094_1.jpg,father-dau/fd_094_2.jpg,father-dau
49,1,1,father-dau/fd_039_1.jpg,father-dau/fd_039_2.jpg,father-dau
50,1,0,father-dau/fd_166_1.jpg,father-dau/fd_240_2.jpg,father-dau
51,1,0,father-dau/fd_118_1.jpg,father-dau/fd_085_2.jpg,father-dau
52,1,0,father-dau/fd_015_1.jpg,father-dau/fd_027_2.jpg,father-dau
53,1,0,father-dau/fd_196_1.jpg,father-dau/fd_166_2.jpg,father-dau
54,1,0,father-dau/fd_055_1.jpg,father-dau/fd_199_2.jpg,father-dau
55,1,0,father-dau/fd_008_1.jpg,father-dau/fd_027_2.jpg,father-dau
56,1,0,father-dau/fd_091_1.jpg,father-dau/fd_055_2.jpg,father-dau
57,1,0,father-dau/fd_153_1.jpg,father-dau/fd_145_2.jpg,father-dau
58,1,0,father-dau/fd_248_1.jpg,father-dau/fd_193_2.jpg,father-dau
59,1,0,father-dau/fd_175_1.jpg,father-dau/fd_021_2.jpg,father-dau
60,1,0,father-dau/fd_055_1.jpg,father-dau/fd_213_2.jpg,father-dau
61,1,0,father-dau/fd_175_1.jpg,father-dau/fd_164_2.jpg,father-dau
62,1,0,father-dau/fd_166_1.jpg,father-dau/fd_099_2.jpg,father-dau
63,1,0,father-dau/fd_228_1.jpg,father-dau/fd_207_2.jpg,father-dau
64,1,0,father-dau/fd_198_1.jpg,father-dau/fd_158_2.jpg,father-dau
65,1,0,father-dau/fd_008_1.jpg,father-dau/fd_228_2.jpg,father-dau
66,1,0,father-dau/fd_039_1.jpg,father-dau/fd_050_2.jpg,father-dau
67,1,0,father-dau/fd_228_1.jpg,father-dau/fd_158_2.jpg,father-dau
68,1,0,father-dau/fd_124_1.jpg,father-dau/fd_229_2.jpg,father-dau
69,1,0,father-dau/fd_166_1.jpg,father-dau/fd_162_2.jpg,father-dau
70,1,0,father-dau/fd_091_1.jpg,father-dau/fd_164_2.jpg,father-dau
71,1,0,father-dau/fd_229_1.jpg,father-dau/fd_039_2.jpg,father-dau
72,1,0,father-dau/fd_094_1.jpg,father-dau/fd_220_2.jpg,father-dau
73,1,0,father-dau/fd_166_1.jpg,father-dau/fd_145_2.jpg,father-dau
74,1,0,father-dau/fd_208_1.jpg,father-dau/fd_221_2.jpg,father-dau
75,1,0,father-dau/fd_220_1.jpg,father-dau/fd_091_2.jpg,father-dau
76,1,0,father-dau/fd_228_1.jpg,father-dau/fd_094_2.jpg,father-dau
77,1,0,father-dau/fd_099_1.jpg,father-dau/fd_055_2.jpg,father-dau
78,1,0,father-dau/fd_050_1.jpg,father-dau/fd_155_2.jpg,father-dau
79,1,0,father-dau/fd_025_1.jpg,father-dau/fd_159_2.jpg,father-dau
80,1,0,father-dau/fd_230_1.jpg,father-dau/fd_207_2.jpg,father-dau
81,1,0,father-dau/fd_199_1.jpg,father-dau/fd_099_2.jpg,father-dau
82,1,0,father-dau/fd_094_1.jpg,father-dau/fd_092_2.jpg,father-dau
83,1,0,father-dau/fd_145_1.jpg,father-dau/fd_152_2.jpg,father-dau
84,1,0,father-dau/fd_196_1.jpg,father-dau/fd_193_2.jpg,father-dau
85,1,0,father-dau/fd_213_1.jpg,father-dau/fd_220_2.jpg,father-dau
86,1,0,father-dau/fd_120_1.jpg,father-dau/fd_158_2.jpg,father-dau
87,1,0,father-dau/fd_099_1.jpg,father-dau/fd_091_2.jpg,father-dau
88,1,0,father-dau/fd_025_1.jpg,father-dau/fd_124_2.jpg,father-dau
89,1,0,father-dau/fd_051_1.jpg,father-dau/fd_085_2.jpg,father-dau
90,1,0,father-dau/fd_229_1.jpg,father-dau/fd_042_2.jpg,father-dau
91,1,0,father-dau/fd_208_1.jpg,father-dau/fd_055_2.jpg,father-dau
92,1,0,father-dau/fd_181_1.jpg,father-dau/fd_220_2.jpg,father-dau
93,1,0,father-dau/fd_155_1.jpg,father-dau/fd_208_2.jpg,father-dau
94,1,0,father-dau/fd_118_1.jpg,father-dau/fd_171_2.jpg,father-dau
95,1,0,father-dau/fd_027_1.jpg,father-dau/fd_221_2.jpg,father-dau
96,1,0,father-dau/fd_193_1.jpg,father-dau/fd_171_2.jpg,father-dau
97,1,0,father-dau/fd_221_1.jpg,father-dau/fd_163_2.jpg,father-dau
98,1,0,father-dau/fd_164_1.jpg,father-dau/fd_030_2.jpg,father-dau
99,1,0,father-dau/fd_221_1.jpg,father-dau/fd_024_2.jpg,father-dau
100,2,1,father-dau/fd_026_1.jpg,father-dau/fd_026_2.jpg,father-dau
101,2,1,father-dau/fd_146_1.jpg,father-dau/fd_146_2.jpg,father-dau
102,2,1,father-dau/fd_111_1.jpg,father-dau/fd_111_2.jpg,father-dau
103,2,1,father-dau/fd_142_1.jpg,father-dau/fd_142_2.jpg,father-dau
104,2,1,father-dau/fd_131_1.jpg,father-dau/fd_131_2.jpg,father-dau
105,2,1,father-dau/fd_106_1.jpg,father-dau/fd_106_2.jpg,father-dau
106,2,1,father-dau/fd_002_1.jpg,father-dau/fd_002_2.jpg,father-dau
107,2,1,father-dau/fd_191_1.jpg,father-dau/fd_191_2.jpg,father-dau
108,2,1,father-dau/fd_188_1.jpg,father-dau/fd_188_2.jpg,father-dau
109,2,1,father-dau/fd_215_1.jpg,father-dau/fd_215_2.jpg,father-dau
110,2,1,father-dau/fd_192_1.jpg,father-dau/fd_192_2.jpg,father-dau
111,2,1,father-dau/fd_088_1.jpg,father-dau/fd_088_2.jpg,father-dau
112,2,1,father-dau/fd_186_1.jpg,father-dau/fd_186_2.jpg,father-dau
113,2,1,father-dau/fd_212_1.jpg,father-dau/fd_212_2.jpg,father-dau
114,2,1,father-dau/fd_138_1.jpg,father-dau/fd_138_2.jpg,father-dau
115,2,1,father-dau/fd_087_1.jpg,father-dau/fd_087_2.jpg,father-dau
116,2,1,father-dau/fd_029_1.jpg,father-dau/fd_029_2.jpg,father-dau
117,2,1,father-dau/fd_185_1.jpg,father-dau/fd_185_2.jpg,father-dau
118,2,1,father-dau/fd_097_1.jpg,father-dau/fd_097_2.jpg,father-dau
119,2,1,father-dau/fd_068_1.jpg,father-dau/fd_068_2.jpg,father-dau
120,2,1,father-dau/fd_241_1.jpg,father-dau/fd_241_2.jpg,father-dau
121,2,1,father-dau/fd_095_1.jpg,father-dau/fd_095_2.jpg,father-dau
122,2,1,father-dau/fd_053_1.jpg,father-dau/fd_053_2.jpg,father-dau
123,2,1,father-dau/fd_049_1.jpg,father-dau/fd_049_2.jpg,father-dau
124,2,1,father-dau/fd_122_1.jpg,father-dau/fd_122_2.jpg,father-dau
125,2,1,father-dau/fd_072_1.jpg,father-dau/fd_072_2.jpg,father-dau
126,2,1,father-dau/fd_154_1.jpg,father-dau/fd_154_2.jpg,father-dau
127,2,1,father-dau/fd_203_1.jpg,father-dau/fd_203_2.jpg,father-dau
128,2,1,father-dau/fd_133_1.jpg,father-dau/fd_133_2.jpg,father-dau
129,2,1,father-dau/fd_104_1.jpg,father-dau/fd_104_2.jpg,father-dau
130,2,1,father-dau/fd_202_1.jpg,father-dau/fd_202_2.jpg,father-dau
131,2,1,father-dau/fd_069_1.jpg,father-dau/fd_069_2.jpg,father-dau
132,2,1,father-dau/fd_067_1.jpg,father-dau/fd_067_2.jpg,father-dau
133,2,1,father-dau/fd_227_1.jpg,father-dau/fd_227_2.jpg,father-dau
134,2,1,father-dau/fd_022_1.jpg,father-dau/fd_022_2.jpg,father-dau
135,2,1,father-dau/fd_174_1.jpg,father-dau/fd_174_2.jpg,father-dau
136,2,1,father-dau/fd_204_1.jpg,father-dau/fd_204_2.jpg,father-dau
137,2,1,father-dau/fd_167_1.jpg,father-dau/fd_167_2.jpg,father-dau
138,2,1,father-dau/fd_075_1.jpg,father-dau/fd_075_2.jpg,father-dau
139,2,1,father-dau/fd_149_1.jpg,father-dau/fd_149_2.jpg,father-dau
140,2,1,father-dau/fd_057_1.jpg,father-dau/fd_057_2.jpg,father-dau
141,2,1,father-dau/fd_044_1.jpg,father-dau/fd_044_2.jpg,father-dau
142,2,1,father-dau/fd_112_1.jpg,father-dau/fd_112_2.jpg,father-dau
143,2,1,father-dau/fd_156_1.jpg,father-dau/fd_156_2.jpg,father-dau
144,2,1,father-dau/fd_205_1.jpg,father-dau/fd_205_2.jpg,father-dau
145,2,1,father-dau/fd_247_1.jpg,father-dau/fd_247_2.jpg,father-dau
146,2,1,father-dau/fd_016_1.jpg,father-dau/fd_016_2.jpg,father-dau
147,2,1,father-dau/fd_019_1.jpg,father-dau/fd_019_2.jpg,father-dau
148,2,1,father-dau/fd_136_1.jpg,father-dau/fd_136_2.jpg,father-dau
149,2,1,father-dau/fd_238_1.jpg,father-dau/fd_238_2.jpg,father-dau
150,2,0,father-dau/fd_057_1.jpg,father-dau/fd_202_2.jpg,father-dau
151,2,0,father-dau/fd_174_1.jpg,father-dau/fd_131_2.jpg,father-dau
152,2,0,father-dau/fd_095_1.jpg,father-dau/fd_097_2.jpg,father-dau
153,2,0,father-dau/fd_188_1.jpg,father-dau/fd_044_2.jpg,father-dau
154,2,0,father-dau/fd_044_1.jpg,father-dau/fd_053_2.jpg,father-dau
155,2,0,father-dau/fd_019_1.jpg,father-dau/fd_191_2.jpg,father-dau
156,2,0,father-dau/fd_156_1.jpg,father-dau/fd_075_2.jpg,father-dau
157,2,0,father-dau/fd_053_1.jpg,father-dau/fd_069_2.jpg,father-dau
158,2,0,father-dau/fd_019_1.jpg,father-dau/fd_067_2.jpg,father-dau
159,2,0,father-dau/fd_186_1.jpg,father-dau/fd_185_2.jpg,father-dau
160,2,0,father-dau/fd_215_1.jpg,father-dau/fd_122_2.jpg,father-dau
161,2,0,father-dau/fd_241_1.jpg,father-dau/fd_049_2.jpg,father-dau
162,2,0,father-dau/fd_202_1.jpg,father-dau/fd_142_2.jpg,father-dau
163,2,0,father-dau/fd_087_1.jpg,father-dau/fd_202_2.jpg,father-dau
164,2,0,father-dau/fd_188_1.jpg,father-dau/fd_069_2.jpg,father-dau
165,2,0,father-dau/fd_186_1.jpg,father-dau/fd_104_2.jpg,father-dau
166,2,0,father-dau/fd_203_1.jpg,father-dau/fd_019_2.jpg,father-dau
167,2,0,father-dau/fd_185_1.jpg,father-dau/fd_241_2.jpg,father-dau
168,2,0,father-dau/fd_087_1.jpg,father-dau/fd_241_2.jpg,father-dau
169,2,0,father-dau/fd_138_1.jpg,father-dau/fd_068_2.jpg,father-dau
170,2,0,father-dau/fd_072_1.jpg,father-dau/fd_204_2.jpg,father-dau
171,2,0,father-dau/fd_087_1.jpg,father-dau/fd_106_2.jpg,father-dau
172,2,0,father-dau/fd_026_1.jpg,father-dau/fd_227_2.jpg,father-dau
173,2,0,father-dau/fd_204_1.jpg,father-dau/fd_138_2.jpg,father-dau
174,2,0,father-dau/fd_212_1.jpg,father-dau/fd_174_2.jpg,father-dau
175,2,0,father-dau/fd_149_1.jpg,father-dau/fd_238_2.jpg,father-dau
176,2,0,father-dau/fd_049_1.jpg,father-dau/fd_247_2.jpg,father-dau
177,2,0,father-dau/fd_053_1.jpg,father-dau/fd_057_2.jpg,father-dau
178,2,0,father-dau/fd_044_1.jpg,father-dau/fd_188_2.jpg,father-dau
179,2,0,father-dau/fd_068_1.jpg,father-dau/fd_154_2.jpg,father-dau
180,2,0,father-dau/fd_174_1.jpg,father-dau/fd_133_2.jpg,father-dau
181,2,0,father-dau/fd_131_1.jpg,father-dau/fd_053_2.jpg,father-dau
182,2,0,father-dau/fd_097_1.jpg,father-dau/fd_087_2.jpg,father-dau
183,2,0,father-dau/fd_112_1.jpg,father-dau/fd_167_2.jpg,father-dau
184,2,0,father-dau/fd_019_1.jpg,father-dau/fd_203_2.jpg,father-dau
185,2,0,father-dau/fd_026_1.jpg,father-dau/fd_104_2.jpg,father-dau
186,2,0,father-dau/fd_057_1.jpg,father-dau/fd_136_2.jpg,father-dau
187,2,0,father-dau/fd_088_1.jpg,father-dau/fd_174_2.jpg,father-dau
188,2,0,father-dau/fd_154_1.jpg,father-dau/fd_016_2.jpg,father-dau
189,2,0,father-dau/fd_174_1.jpg,father-dau/fd_088_2.jpg,father-dau
190,2,0,father-dau/fd_053_1.jpg,father-dau/fd_188_2.jpg,father-dau
191,2,0,father-dau/fd_136_1.jpg,father-dau/fd_185_2.jpg,father-dau
192,2,0,father-dau/fd_111_1.jpg,father-dau/fd_167_2.jpg,father-dau
193,2,0,father-dau/fd_205_1.jpg,father-dau/fd_138_2.jpg,father-dau
194,2,0,father-dau/fd_186_1.jpg,father-dau/fd_016_2.jpg,father-dau
195,2,0,father-dau/fd_002_1.jpg,father-dau/fd_019_2.jpg,father-dau
196,2,0,father-dau/fd_174_1.jpg,father-dau/fd_112_2.jpg,father-dau
197,2,0,father-dau/fd_192_1.jpg,father-dau/fd_053_2.jpg,father-dau
198,2,0,father-dau/fd_131_1.jpg,father-dau/fd_112_2.jpg,father-dau
199,2,0,father-dau/fd_133_1.jpg,father-dau/fd_087_2.jpg,father-dau
200,3,1,father-dau/fd_121_1.jpg,father-dau/fd_121_2.jpg,father-dau
201,3,1,father-dau/fd_036_1.jpg,father-dau/fd_036_2.jpg,father-dau
202,3,1,father-dau/fd_231_1.jpg,father-dau/fd_231_2.jpg,father-dau
203,3,1,father-dau/fd_102_1.jpg,father-dau/fd_102_2.jpg,father-dau
204,3,1,father-dau/fd_048_1.jpg,father-dau/fd_048_2.jpg,father-dau
205,3,1,father-dau/fd_223_1.jpg,father-dau/fd_223_2.jpg,father-dau
206,3,1,father-dau/fd_105_1.jpg,father-dau/fd_105_2.jpg,father-dau
207,3,1,father-dau/fd_129_1.jpg,father-dau/fd_129_2.jpg,father-dau
208,3,1,father-dau/fd_201_1.jpg,father-dau/fd_201_2.jpg,father-dau
209,3,1,father-dau/fd_139_1.jpg,father-dau/fd_139_2.jpg,father-dau
210,3,1,father-dau/fd_173_1.jpg,father-dau/fd_173_2.jpg,father-dau
211,3,1,father-dau/fd_010_1.jpg,father-dau/fd_010_2.jpg,father-dau
212,3,1,father-dau/fd_078_1.jpg,father-dau/fd_078_2.jpg,father-dau
213,3,1,father-dau/fd_033_1.jpg,father-dau/fd_033_2.jpg,father-dau
214,3,1,father-dau/fd_237_1.jpg,father-dau/fd_237_2.jpg,father-dau
215,3,1,father-dau/fd_182_1.jpg,father-dau/fd_182_2.jpg,father-dau
216,3,1,father-dau/fd_151_1.jpg,father-dau/fd_151_2.jpg,father-dau
217,3,1,father-dau/fd_172_1.jpg,father-dau/fd_172_2.jpg,father-dau
218,3,1,father-dau/fd_007_1.jpg,father-dau/fd_007_2.jpg,father-dau
219,3,1,father-dau/fd_236_1.jpg,father-dau/fd_236_2.jpg,father-dau
220,3,1,father-dau/fd_209_1.jpg,father-dau/fd_209_2.jpg,father-dau
221,3,1,father-dau/fd_235_1.jpg,father-dau/fd_235_2.jpg,father-dau
222,3,1,father-dau/fd_115_1.jpg,father-dau/fd_115_2.jpg,father-dau
223,3,1,father-dau/fd_035_1.jpg,father-dau/fd_035_2.jpg,father-dau
224,3,1,father-dau/fd_098_1.jpg,father-dau/fd_098_2.jpg,father-dau
225,3,1,father-dau/fd_179_1.jpg,father-dau/fd_179_2.jpg,father-dau
226,3,1,father-dau/fd_004_1.jpg,father-dau/fd_004_2.jpg,father-dau
227,3,1,father-dau/fd_233_1.jpg,father-dau/fd_233_2.jpg,father-dau
228,3,1,father-dau/fd_061_1.jpg,father-dau/fd_061_2.jpg,father-dau
229,3,1,father-dau/fd_130_1.jpg,father-dau/fd_130_2.jpg,father-dau
230,3,1,father-dau/fd_046_1.jpg,father-dau/fd_046_2.jpg,father-dau
231,3,1,father-dau/fd_103_1.jpg,father-dau/fd_103_2.jpg,father-dau
232,3,1,father-dau/fd_083_1.jpg,father-dau/fd_083_2.jpg,father-dau
233,3,1,father-dau/fd_038_1.jpg,father-dau/fd_038_2.jpg,father-dau
234,3,1,father-dau/fd_109_1.jpg,father-dau/fd_109_2.jpg,father-dau
235,3,1,father-dau/fd_070_1.jpg,father-dau/fd_070_2.jpg,father-dau
236,3,1,father-dau/fd_054_1.jpg,father-dau/fd_054_2.jpg,father-dau
237,3,1,father-dau/fd_077_1.jpg,father-dau/fd_077_2.jpg,father-dau
238,3,1,father-dau/fd_246_1.jpg,father-dau/fd_246_2.jpg,father-dau
239,3,1,father-dau/fd_180_1.jpg,father-dau/fd_180_2.jpg,father-dau
240,3,1,father-dau/fd_116_1.jpg,father-dau/fd_116_2.jpg,father-dau
241,3,1,father-dau/fd_074_1.jpg,father-dau/fd_074_2.jpg,father-dau
242,3,1,father-dau/fd_150_1.jpg,father-dau/fd_150_2.jpg,father-dau
243,3,1,father-dau/fd_107_1.jpg,father-dau/fd_107_2.jpg,father-dau
244,3,1,father-dau/fd_101_1.jpg,father-dau/fd_101_2.jpg,father-dau
245,3,1,father-dau/fd_165_1.jpg,father-dau/fd_165_2.jpg,father-dau
246,3,1,father-dau/fd_206_1.jpg,father-dau/fd_206_2.jpg,father-dau
247,3,1,father-dau/fd_060_1.jpg,father-dau/fd_060_2.jpg,father-dau
248,3,1,father-dau/fd_119_1.jpg,father-dau/fd_119_2.jpg,father-dau
249,3,1,father-dau/fd_028_1.jpg,father-dau/fd_028_2.jpg,father-dau
250,3,0,father-dau/fd_007_1.jpg,father-dau/fd_107_2.jpg,father-dau
251,3,0,father-dau/fd_007_1.jpg,father-dau/fd_102_2.jpg,father-dau
252,3,0,father-dau/fd_139_1.jpg,father-dau/fd_231_2.jpg,father-dau
253,3,0,father-dau/fd_061_1.jpg,father-dau/fd_105_2.jpg,father-dau
254,3,0,father-dau/fd_004_1.jpg,father-dau/fd_223_2.jpg,father-dau
255,3,0,father-dau/fd_246_1.jpg,father-dau/fd_007_2.jpg,father-dau
256,3,0,father-dau/fd_074_1.jpg,father-dau/fd_231_2.jpg,father-dau
257,3,0,father-dau/fd_130_1.jpg,father-dau/fd_060_2.jpg,father-dau
258,3,0,father-dau/fd_237_1.jpg,father-dau/fd_101_2.jpg,father-dau
259,3,0,father-dau/fd_010_1.jpg,father-dau/fd_206_2.jpg,father-dau
260,3,0,father-dau/fd_102_1.jpg,father-dau/fd_033_2.jpg,father-dau
261,3,0,father-dau/fd_028_1.jpg,father-dau/fd_173_2.jpg,father-dau
262,3,0,father-dau/fd_098_1.jpg,father-dau/fd_237_2.jpg,father-dau
263,3,0,father-dau/fd_038_1.jpg,father-dau/fd_060_2.jpg,father-dau
264,3,0,father-dau/fd_246_1.jpg,father-dau/fd_038_2.jpg,father-dau
265,3,0,father-dau/fd_121_1.jpg,father-dau/fd_237_2.jpg,father-dau
266,3,0,father-dau/fd_116_1.jpg,father-dau/fd_028_2.jpg,father-dau
267,3,0,father-dau/fd_121_1.jpg,father-dau/fd_116_2.jpg,father-dau
268,3,0,father-dau/fd_103_1.jpg,father-dau/fd_061_2.jpg,father-dau
269,3,0,father-dau/fd_078_1.jpg,father-dau/fd_074_2.jpg,father-dau
270,3,0,father-dau/fd_033_1.jpg,father-dau/fd_077_2.jpg,father-dau
271,3,0,father-dau/fd_083_1.jpg,father-dau/fd_173_2.jpg,father-dau
272,3,0,father-dau/fd_083_1.jpg,father-dau/fd_139_2.jpg,father-dau
273,3,0,father-dau/fd_103_1.jpg,father-dau/fd_201_2.jpg,father-dau
274,3,0,father-dau/fd_004_1.jpg,father-dau/fd_103_2.jpg,father-dau
275,3,0,father-dau/fd_107_1.jpg,father-dau/fd_121_2.jpg,father-dau
276,3,0,father-dau/fd_182_1.jpg,father-dau/fd_246_2.jpg,father-dau
277,3,0,father-dau/fd_182_1.jpg,father-dau/fd_206_2.jpg,father-dau
278,3,0,father-dau/fd_038_1.jpg,father-dau/fd_102_2.jpg,father-dau
279,3,0,father-dau/fd_102_1.jpg,father-dau/fd_121_2.jpg,father-dau
280,3,0,father-dau/fd_010_1.jpg,father-dau/fd_179_2.jpg,father-dau
281,3,0,father-dau/fd_115_1.jpg,father-dau/fd_070_2.jpg,father-dau
282,3,0,father-dau/fd_130_1.jpg,father-dau/fd_179_2.jpg,father-dau
283,3,0,father-dau/fd_102_1.jpg,father-dau/fd_139_2.jpg,father-dau
284,3,0,father-dau/fd_007_1.jpg,father-dau/fd_033_2.jpg,father-dau
285,3,0,father-dau/fd_246_1.jpg,father-dau/fd_182_2.jpg,father-dau
286,3,0,father-dau/fd_103_1.jpg,father-dau/fd_028_2.jpg,father-dau
287,3,0,father-dau/fd_179_1.jpg,father-dau/fd_060_2.jpg,father-dau
288,3,0,father-dau/fd_074_1.jpg,father-dau/fd_165_2.jpg,father-dau
289,3,0,father-dau/fd_223_1.jpg,father-dau/fd_116_2.jpg,father-dau
290,3,0,father-dau/fd_165_1.jpg,father-dau/fd_129_2.jpg,father-dau
291,3,0,father-dau/fd_105_1.jpg,father-dau/fd_246_2.jpg,father-dau
292,3,0,father-dau/fd_054_1.jpg,father-dau/fd_083_2.jpg,father-dau
293,3,0,father-dau/fd_077_1.jpg,father-dau/fd_038_2.jpg,father-dau
294,3,0,father-dau/fd_101_1.jpg,father-dau/fd_033_2.jpg,father-dau
295,3,0,father-dau/fd_209_1.jpg,father-dau/fd_173_2.jpg,father-dau
296,3,0,father-dau/fd_036_1.jpg,father-dau/fd_048_2.jpg,father-dau
297,3,0,father-dau/fd_150_1.jpg,father-dau/fd_172_2.jpg,father-dau
298,3,0,father-dau/fd_035_1.jpg,father-dau/fd_165_2.jpg,father-dau
299,3,0,father-dau/fd_010_1.jpg,father-dau/fd_107_2.jpg,father-dau
300,4,1,father-dau/fd_003_1.jpg,father-dau/fd_003_2.jpg,father-dau
301,4,1,father-dau/fd_147_1.jpg,father-dau/fd_147_2.jpg,father-dau
302,4,1,father-dau/fd_161_1.jpg,father-dau/fd_161_2.jpg,father-dau
303,4,1,father-dau/fd_160_1.jpg,father-dau/fd_160_2.jpg,father-dau
304,4,1,father-dau/fd_011_1.jpg,father-dau/fd_011_2.jpg,father-dau
305,4,1,father-dau/fd_080_1.jpg,father-dau/fd_080_2.jpg,father-dau
306,4,1,father-dau/fd_249_1.jpg,father-dau/fd_249_2.jpg,father-dau
307,4,1,father-dau/fd_144_1.jpg,father-dau/fd_144_2.jpg,father-dau
308,4,1,father-dau/fd_148_1.jpg,father-dau/fd_148_2.jpg,father-dau
309,4,1,father-dau/fd_168_1.jpg,father-dau/fd_168_2.jpg,father-dau
310,4,1,father-dau/fd_110_1.jpg,father-dau/fd_110_2.jpg,father-dau
311,4,1,father-dau/fd_195_1.jpg,father-dau/fd_195_2.jpg,father-dau
312,4,1,father-dau/fd_132_1.jpg,father-dau/fd_132_2.jpg,father-dau
313,4,1,father-dau/fd_064_1.jpg,father-dau/fd_064_2.jpg,father-dau
314,4,1,father-dau/fd_216_1.jpg,father-dau/fd_216_2.jpg,father-dau
315,4,1,father-dau/fd_244_1.jpg,father-dau/fd_244_2.jpg,father-dau
316,4,1,father-dau/fd_066_1.jpg,father-dau/fd_066_2.jpg,father-dau
317,4,1,father-dau/fd_096_1.jpg,father-dau/fd_096_2.jpg,father-dau
318,4,1,father-dau/fd_218_1.jpg,father-dau/fd_218_2.jpg,father-dau
319,4,1,father-dau/fd_040_1.jpg,father-dau/fd_040_2.jpg,father-dau
320,4,1,father-dau/fd_176_1.jpg,father-dau/fd_176_2.jpg,father-dau
321,4,1,father-dau/fd_114_1.jpg,father-dau/fd_114_2.jpg,father-dau
322,4,1,father-dau/fd_043_1.jpg,father-dau/fd_043_2.jpg,father-dau
323,4,1,father-dau/fd_052_1.jpg,father-dau/fd_052_2.jpg,father-dau
324,4,1,father-dau/fd_157_1.jpg,father-dau/fd_157_2.jpg,father-dau
325,4,1,father-dau/fd_141_1.jpg,father-dau/fd_141_2.jpg,father-dau
326,4,1,father-dau/fd_226_1.jpg,father-dau/fd_226_2.jpg,father-dau
327,4,1,father-dau/fd_170_1.jpg,father-dau/fd_170_2.jpg,father-dau
328,4,1,father-dau/fd_243_1.jpg,father-dau/fd_243_2.jpg,father-dau
329,4,1,father-dau/fd_079_1.jpg,father-dau/fd_079_2.jpg,father-dau
330,4,1,father-dau/fd_056_1.jpg,father-dau/fd_056_2.jpg,father-dau
331,4,1,father-dau/fd_177_1.jpg,father-dau/fd_177_2.jpg,father-dau
332,4,1,father-dau/fd_076_1.jpg,father-dau/fd_076_2.jpg,father-dau
333,4,1,father-dau/fd_047_1.jpg,father-dau/fd_047_2.jpg,father-dau
334,4,1,father-dau/fd_183_1.jpg,father-dau/fd_183_2.jpg,father-dau
335,4,1,father-dau/fd_169_1.jpg,father-dau/fd_169_2.jpg,father-dau
336,4,1,father-dau/fd_135_1.jpg,father-dau/fd_135_2.jpg,father-dau
337,4,1,father-dau/fd_071_1.jpg,father-dau/fd_071_2.jpg,father-dau
338,4,1,father-dau/fd_178_1.jpg,father-dau/fd_178_2.jpg,father-dau
339,4,1,father-dau/fd_250_1.jpg,father-dau/fd_250_2.jpg,father-dau
340,4,1,father-dau/fd_225_1.jpg,father-dau/fd_225_2.jpg,father-dau
341,4,1,father-dau/fd_090_1.jpg,father-dau/fd_090_2.jpg,father-dau
342,4,1,father-dau/fd_014_1.jpg,father-dau/fd_014_2.jpg,father-dau
343,4,1,father-dau/fd_137_1.jpg,father-dau/fd_137_2.jpg,father-dau
344,4,1,father-dau/fd_032_1.jpg,father-dau/fd_032_2.jpg,father-dau
345,4,1,father-dau/fd_108_1.jpg,father-dau/fd_108_2.jpg,father-dau
346,4,1,father-dau/fd_006_1.jpg,father-dau/fd_006_2.jpg,father-dau
347,4,1,father-dau/fd_125_1.jpg,father-dau/fd_125_2.jpg,father-dau
348,4,1,father-dau/fd_113_1.jpg,father-dau/fd_113_2.jpg,father-dau
349,4,1,father-dau/fd_128_1.jpg,father-dau/fd_128_2.jpg,father-dau
350,4,0,father-dau/fd_076_1.jpg,father-dau/fd_032_2.jpg,father-dau
351,4,0,father-dau/fd_157_1.jpg,father-dau/fd_128_2.jpg,father-dau
352,4,0,father-dau/fd_218_1.jpg,father-dau/fd_226_2.jpg,father-dau
353,4,0,father-dau/fd_168_1.jpg,father-dau/fd_141_2.jpg,father-dau
354,4,0,father-dau/fd_114_1.jpg,father-dau/fd_047_2.jpg,father-dau
355,4,0,father-dau/fd_047_1.jpg,father-dau/fd_125_2.jpg,father-dau
356,4,0,father-dau/fd_168_1.jpg,father-dau/fd_080_2.jpg,father-dau
357,4,0,father-dau/fd_243_1.jpg,father-dau/fd_113_2.jpg,father-dau
358,4,0,father-dau/fd_147_1.jpg,father-dau/fd_137_2.jpg,father-dau
359,4,0,father-dau/fd_147_1.jpg,father-dau/fd_141_2.jpg,father-dau
360,4,0,father-dau/fd_168_1.jpg,father-dau/fd_169_2.jpg,father-dau
361,4,0,father-dau/fd_132_1.jpg,father-dau/fd_006_2.jpg,father-dau
362,4,0,father-dau/fd_249_1.jpg,father-dau/fd_226_2.jpg,father-dau
363,4,0,father-dau/fd_032_1.jpg,father-dau/fd_125_2.jpg,father-dau
364,4,0,father-dau/fd_066_1.jpg,father-dau/fd_114_2.jpg,father-dau
365,4,0,father-dau/fd_052_1.jpg,father-dau/fd_144_2.jpg,father-dau
366,4,0,father-dau/fd_249_1.jpg,father-dau/fd_226_2.jpg,father-dau
367,4,0,father-dau/fd_135_1.jpg,father-dau/fd_040_2.jpg,father-dau
368,4,0,father-dau/fd_096_1.jpg,father-dau/fd_216_2.jpg,father-dau
369,4,0,father-dau/fd_137_1.jpg,father-dau/fd_177_2.jpg,father-dau
370,4,0,father-dau/fd_132_1.jpg,father-dau/fd_113_2.jpg,father-dau
371,4,0,father-dau/fd_076_1.jpg,father-dau/fd_195_2.jpg,father-dau
372,4,0,father-dau/fd_249_1.jpg,father-dau/fd_147_2.jpg,father-dau
373,4,0,father-dau/fd_064_1.jpg,father-dau/fd_080_2.jpg,father-dau
374,4,0,father-dau/fd_160_1.jpg,father-dau/fd_014_2.jpg,father-dau
375,4,0,father-dau/fd_168_1.jpg,father-dau/fd_147_2.jpg,father-dau
376,4,0,father-dau/fd_135_1.jpg,father-dau/fd_226_2.jpg,father-dau
377,4,0,father-dau/fd_064_1.jpg,father-dau/fd_218_2.jpg,father-dau
378,4,0,father-dau/fd_003_1.jpg,father-dau/fd_032_2.jpg,father-dau
379,4,0,father-dau/fd_137_1.jpg,father-dau/fd_132_2.jpg,father-dau
380,4,0,father-dau/fd_243_1.jpg,father-dau/fd_144_2.jpg,father-dau
381,4,0,father-dau/fd_079_1.jpg,father-dau/fd_066_2.jpg,father-dau
382,4,0,father-dau/fd_076_1.jpg,father-dau/fd_137_2.jpg,father-dau
383,4,0,father-dau/fd_243_1.jpg,father-dau/fd_128_2.jpg,father-dau
384,4,0,father-dau/fd_250_1.jpg,father-dau/fd_144_2.jpg,father-dau
385,4,0,father-dau/fd_090_1.jpg,father-dau/fd_168_2.jpg,father-dau
386,4,0,father-dau/fd_178_1.jpg,father-dau/fd_218_2.jpg,father-dau
387,4,0,father-dau/fd_056_1.jpg,father-dau/fd_148_2.jpg,father-dau
388,4,0,father-dau/fd_003_1.jpg,father-dau/fd_250_2.jpg,father-dau
389,4,0,father-dau/fd_141_1.jpg,father-dau/fd_110_2.jpg,father-dau
390,4,0,father-dau/fd_161_1.jpg,father-dau/fd_125_2.jpg,father-dau
391,4,0,father-dau/fd_144_1.jpg,father-dau/fd_040_2.jpg,father-dau
392,4,0,father-dau/fd_244_1.jpg,father-dau/fd_148_2.jpg,father-dau
393,4,0,father-dau/fd_032_1.jpg,father-dau/fd_066_2.jpg,father-dau
394,4,0,father-dau/fd_135_1.jpg,father-dau/fd_176_2.jpg,father-dau
395,4,0,father-dau/fd_040_1.jpg,father-dau/fd_141_2.jpg,father-dau
396,4,0,father-dau/fd_148_1.jpg,father-dau/fd_226_2.jpg,father-dau
397,4,0,father-dau/fd_076_1.jpg,father-dau/fd_003_2.jpg,father-dau
398,4,0,father-dau/fd_183_1.jpg,father-dau/fd_052_2.jpg,father-dau
399,4,0,father-dau/fd_011_1.jpg,father-dau/fd_090_2.jpg,father-dau
400,5,1,father-dau/fd_012_1.jpg,father-dau/fd_012_2.jpg,father-dau
401,5,1,father-dau/fd_117_1.jpg,father-dau/fd_117_2.jpg,father-dau
402,5,1,father-dau/fd_081_1.jpg,father-dau/fd_081_2.jpg,father-dau
403,5,1,father-dau/fd_189_1.jpg,father-dau/fd_189_2.jpg,father-dau
404,5,1,father-dau/fd_023_1.jpg,father-dau/fd_023_2.jpg,father-dau
405,5,1,father-dau/fd_234_1.jpg,father-dau/fd_234_2.jpg,father-dau
406,5,1,father-dau/fd_065_1.jpg,father-dau/fd_065_2.jpg,father-dau
407,5,1,father-dau/fd_222_1.jpg,father-dau/fd_222_2.jpg,father-dau
408,5,1,father-dau/fd_009_1.jpg,father-dau/fd_009_2.jpg,father-dau
409,5,1,father-dau/fd_063_1.jpg,father-dau/fd_063_2.jpg,father-dau
410,5,1,father-dau/fd_045_1.jpg,father-dau/fd_045_2.jpg,father-dau
411,5,1,father-dau/fd_041_1.jpg,father-dau/fd_041_2.jpg,father-dau
412,5,1,father-dau/fd_073_1.jpg,father-dau/fd_073_2.jpg,father-dau
413,5,1,father-dau/fd_143_1.jpg,father-dau/fd_143_2.jpg,father-dau
414,5,1,father-dau/fd_197_1.jpg,father-dau/fd_197_2.jpg,father-dau
415,5,1,father-dau/fd_037_1.jpg,father-dau/fd_037_2.jpg,father-dau
416,5,1,father-dau/fd_059_1.jpg,father-dau/fd_059_2.jpg,father-dau
417,5,1,father-dau/fd_232_1.jpg,father-dau/fd_232_2.jpg,father-dau
418,5,1,father-dau/fd_058_1.jpg,father-dau/fd_058_2.jpg,father-dau
419,5,1,father-dau/fd_187_1.jpg,father-dau/fd_187_2.jpg,father-dau
420,5,1,father-dau/fd_210_1.jpg,father-dau/fd_210_2.jpg,father-dau
421,5,1,father-dau/fd_219_1.jpg,father-dau/fd_219_2.jpg,father-dau
422,5,1,father-dau/fd_214_1.jpg,father-dau/fd_214_2.jpg,father-dau
423,5,1,father-dau/fd_123_1.jpg,father-dau/fd_123_2.jpg,father-dau
424,5,1,father-dau/fd_089_1.jpg,father-dau/fd_089_2.jpg,father-dau
425,5,1,father-dau/fd_084_1.jpg,father-dau/fd_084_2.jpg,father-dau
426,5,1,father-dau/fd_224_1.jpg,father-dau/fd_224_2.jpg,father-dau
427,5,1,father-dau/fd_005_1.jpg,father-dau/fd_005_2.jpg,father-dau
428,5,1,father-dau/fd_184_1.jpg,father-dau/fd_184_2.jpg,father-dau
429,5,1,father-dau/fd_020_1.jpg,father-dau/fd_020_2.jpg,father-dau
430,5,1,father-dau/fd_093_1.jpg,father-dau/fd_093_2.jpg,father-dau
431,5,1,father-dau/fd_062_1.jpg,father-dau/fd_062_2.jpg,father-dau
432,5,1,father-dau/fd_239_1.jpg,father-dau/fd_239_2.jpg,father-dau
433,5,1,father-dau/fd_190_1.jpg,father-dau/fd_190_2.jpg,father-dau
434,5,1,father-dau/fd_018_1.jpg,father-dau/fd_018_2.jpg,father-dau
435,5,1,father-dau/fd_013_1.jpg,father-dau/fd_013_2.jpg,father-dau
436,5,1,father-dau/fd_034_1.jpg,father-dau/fd_034_2.jpg,father-dau
437,5,1,father-dau/fd_140_1.jpg,father-dau/fd_140_2.jpg,father-dau
438,5,1,father-dau/fd_211_1.jpg,father-dau/fd_211_2.jpg,father-dau
439,5,1,father-dau/fd_017_1.jpg,father-dau/fd_017_2.jpg,father-dau
440,5,1,father-dau/fd_001_1.jpg,father-dau/fd_001_2.jpg,father-dau
441,5,1,father-dau/fd_082_1.jpg,father-dau/fd_082_2.jpg,father-dau
442,5,1,father-dau/fd_134_1.jpg,father-dau/fd_134_2.jpg,father-dau
443,5,1,father-dau/fd_217_1.jpg,father-dau/fd_217_2.jpg,father-dau
444,5,1,father-dau/fd_126_1.jpg,father-dau/fd_126_2.jpg,father-dau
445,5,1,father-dau/fd_086_1.jpg,father-dau/fd_086_2.jpg,father-dau
446,5,1,father-dau/fd_245_1.jpg,father-dau/fd_245_2.jpg,father-dau
447,5,1,father-dau/fd_100_1.jpg,father-dau/fd_100_2.jpg,father-dau
448,5,1,father-dau/fd_127_1.jpg,father-dau/fd_127_2.jpg,father-dau
449,5,1,father-dau/fd_200_1.jpg,father-dau/fd_200_2.jpg,father-dau
450,5,0,father-dau/fd_063_1.jpg,father-dau/fd_214_2.jpg,father-dau
451,5,0,father-dau/fd_012_1.jpg,father-dau/fd_037_2.jpg,father-dau
452,5,0,father-dau/fd_059_1.jpg,father-dau/fd_126_2.jpg,father-dau
453,5,0,father-dau/fd_123_1.jpg,father-dau/fd_184_2.jpg,father-dau
454,5,0,father-dau/fd_093_1.jpg,father-dau/fd_190_2.jpg,father-dau
455,5,0,father-dau/fd_093_1.jpg,father-dau/fd_018_2.jpg,father-dau
456,5,0,father-dau/fd_084_1.jpg,father-dau/fd_013_2.jpg,father-dau
457,5,0,father-dau/fd_084_1.jpg,father-dau/fd_093_2.jpg,father-dau
458,5,0,father-dau/fd_127_1.jpg,father-dau/fd_082_2.jpg,father-dau
459,5,0,father-dau/fd_037_1.jpg,father-dau/fd_020_2.jpg,father-dau
460,5,0,father-dau/fd_065_1.jpg,father-dau/fd_073_2.jpg,father-dau
461,5,0,father-dau/fd_001_1.jpg,father-dau/fd_190_2.jpg,father-dau
462,5,0,father-dau/fd_012_1.jpg,father-dau/fd_184_2.jpg,father-dau
463,5,0,father-dau/fd_214_1.jpg,father-dau/fd_086_2.jpg,father-dau
464,5,0,father-dau/fd_197_1.jpg,father-dau/fd_189_2.jpg,father-dau
465,5,0,father-dau/fd_123_1.jpg,father-dau/fd_200_2.jpg,father-dau
466,5,0,father-dau/fd_245_1.jpg,father-dau/fd_184_2.jpg,father-dau
467,5,0,father-dau/fd_239_1.jpg,father-dau/fd_211_2.jpg,father-dau
468,5,0,father-dau/fd_234_1.jpg,father-dau/fd_012_2.jpg,father-dau
469,5,0,father-dau/fd_005_1.jpg,father-dau/fd_012_2.jpg,father-dau
470,5,0,father-dau/fd_214_1.jpg,father-dau/fd_063_2.jpg,father-dau
471,5,0,father-dau/fd_017_1.jpg,father-dau/fd_093_2.jpg,father-dau
472,5,0,father-dau/fd_012_1.jpg,father-dau/fd_126_2.jpg,father-dau
473,5,0,father-dau/fd_211_1.jpg,father-dau/fd_086_2.jpg,father-dau
474,5,0,father-dau/fd_140_1.jpg,father-dau/fd_187_2.jpg,father-dau
475,5,0,father-dau/fd_059_1.jpg,father-dau/fd_084_2.jpg,father-dau
476,5,0,father-dau/fd_184_1.jpg,father-dau/fd_211_2.jpg,father-dau
477,5,0,father-dau/fd_211_1.jpg,father-dau/fd_089_2.jpg,father-dau
478,5,0,father-dau/fd_001_1.jpg,father-dau/fd_123_2.jpg,father-dau
479,5,0,father-dau/fd_045_1.jpg,father-dau/fd_184_2.jpg,father-dau
480,5,0,father-dau/fd_100_1.jpg,father-dau/fd_211_2.jpg,father-dau
481,5,0,father-dau/fd_034_1.jpg,father-dau/fd_217_2.jpg,father-dau
482,5,0,father-dau/fd_200_1.jpg,father-dau/fd_084_2.jpg,father-dau
483,5,0,father-dau/fd_062_1.jpg,father-dau/fd_017_2.jpg,father-dau
484,5,0,father-dau/fd_214_1.jpg,father-dau/fd_224_2.jpg,father-dau
485,5,0,father-dau/fd_045_1.jpg,father-dau/fd_234_2.jpg,father-dau
486,5,0,father-dau/fd_222_1.jpg,father-dau/fd_214_2.jpg,father-dau
487,5,0,father-dau/fd_017_1.jpg,father-dau/fd_197_2.jpg,father-dau
488,5,0,father-dau/fd_041_1.jpg,father-dau/fd_086_2.jpg,father-dau
489,5,0,father-dau/fd_012_1.jpg,father-dau/fd_020_2.jpg,father-dau
490,5,0,father-dau/fd_005_1.jpg,father-dau/fd_239_2.jpg,father-dau
491,5,0,father-dau/fd_037_1.jpg,father-dau/fd_041_2.jpg,father-dau
492,5,0,father-dau/fd_210_1.jpg,father-dau/fd_197_2.jpg,father-dau
493,5,0,father-dau/fd_190_1.jpg,father-dau/fd_245_2.jpg,father-dau
494,5,0,father-dau/fd_232_1.jpg,father-dau/fd_184_2.jpg,father-dau
495,5,0,father-dau/fd_234_1.jpg,father-dau/fd_009_2.jpg,father-dau
496,5,0,father-dau/fd_143_1.jpg,father-dau/fd_005_2.jpg,father-dau
497,5,0,father-dau/fd_089_1.jpg,father-dau/fd_100_2.jpg,father-dau
498,5,0,father-dau/fd_041_1.jpg,father-dau/fd_123_2.jpg,father-dau
499,5,0,father-dau/fd_224_1.jpg,father-dau/fd_017_2.jpg,father-dau
500,1,1,mother-dau/md_240_1.jpg,mother-dau/md_240_2.jpg,mother-dau
501,1,1,mother-dau/md_024_1.jpg,mother-dau/md_024_2.jpg,mother-dau
502,1,1,mother-dau/md_220_1.jpg,mother-dau/md_220_2.jpg,mother-dau
503,1,1,mother-dau/md_092_1.jpg,mother-dau/md_092_2.jpg,mother-dau
504,1,1,mother-dau/md_155_1.jpg,mother-dau/md_155_2.jpg,mother-dau
505,1,1,mother-dau/md_124_1.jpg,mother-dau/md_124_2.jpg,mother-dau
506,1,1,mother-dau/md_031_1.jpg,mother-dau/md_031_2.jpg,mother-dau
507,1,1,mother-dau/md_162_1.jpg,mother-dau/md_162_2.jpg,mother-dau
508,1,1,mother-dau/md_163_1.jpg,mother-dau/md_163_2.jpg,mother-dau
509,1,1,mother-dau/md_008_1.jpg,mother-dau/md_008_2.jpg,mother-dau
510,1,1,mother-dau/md_042_1.jpg,mother-dau/md_042_2.jpg,mother-dau
511,1,1,mother-dau/md_153_1.jpg,mother-dau/md_153_2.jpg,mother-dau
512,1,1,mother-dau/md_159_1.jpg,mother-dau/md_159_2.jpg,mother-dau
513,1,1,mother-dau/md_208_1.jpg,mother-dau/md_208_2.jpg,mother-dau
514,1,1,mother-dau/md_152_1.jpg,mother-dau/md_152_2.jpg,mother-dau
515,1,1,mother-dau/md_242_1.jpg,mother-dau/md_242_2.jpg,mother-dau
516,1,1,mother-dau/md_193_1.jpg,mother-dau/md_193_2.jpg,mother-dau
517,1,1,mother-dau/md_120_1.jpg,mother-dau/md_120_2.jpg,mother-dau
518,1,1,mother-dau/md_166_1.jpg,mother-dau/md_166_2.jpg,mother-dau
519,1,1,mother-dau/md_021_1.jpg,mother-dau/md_021_2.jpg,mother-dau
520,1,1,mother-dau/md_118_1.jpg,mother-dau/md_118_2.jpg,mother-dau
521,1,1,mother-dau/md_099_1.jpg,mother-dau/md_099_2.jpg,mother-dau
522,1,1,mother-dau/md_194_1.jpg,mother-dau/md_194_2.jpg,mother-dau
523,1,1,mother-dau/md_171_1.jpg,mother-dau/md_171_2.jpg,mother-dau
524,1,1,mother-dau/md_158_1.jpg,mother-dau/md_158_2.jpg,mother-dau
525,1,1,mother-dau/md_207_1.jpg,mother-dau/md_207_2.jpg,mother-dau
526,1,1,mother-dau/md_181_1.jpg,mother-dau/md_181_2.jpg,mother-dau
527,1,1,mother-dau/md_145_1.jpg,mother-dau/md_145_2.jpg,mother-dau
528,1,1,mother-dau/md_091_1.jpg,mother-dau/md_091_2.jpg,mother-dau
529,1,1,mother-dau/md_221_1.jpg,mother-dau/md_221_2.jpg,mother-dau
530,1,1,mother-dau/md_025_1.jpg,mother-dau/md_025_2.jpg,mother-dau
531,1,1,mother-dau/md_055_1.jpg,mother-dau/md_055_2.jpg,mother-dau
532,1,1,mother-dau/md_175_1.jpg,mother-dau/md_175_2.jpg,mother-dau
533,1,1,mother-dau/md_229_1.jpg,mother-dau/md_229_2.jpg,mother-dau
534,1,1,mother-dau/md_213_1.jpg,mother-dau/md_213_2.jpg,mother-dau
535,1,1,mother-dau/md_228_1.jpg,mother-dau/md_228_2.jpg,mother-dau
536,1,1,mother-dau/md_199_1.jpg,mother-dau/md_199_2.jpg,mother-dau
537,1,1,mother-dau/md_085_1.jpg,mother-dau/md_085_2.jpg,mother-dau
538,1,1,mother-dau/md_198_1.jpg,mother-dau/md_198_2.jpg,mother-dau
539,1,1,mother-dau/md_015_1.jpg,mother-dau/md_015_2.jpg,mother-dau
540,1,1,mother-dau/md_050_1.jpg,mother-dau/md_050_2.jpg,mother-dau
541,1,1,mother-dau/md_164_1.jpg,mother-dau/md_164_2.jpg,mother-dau
542,1,1,mother-dau/md_196_1.jpg,mother-dau/md_196_2.jpg,mother-dau
543,1,1,mother-dau/md_230_1.jpg,mother-dau/md_230_2.jpg,mother-dau
544,1,1,mother-dau/md_051_1.jpg,mother-dau/md_051_2.jpg,mother-dau
545,1,1,mother-dau/md_027_1.jpg,mother-dau/md_027_2.jpg,mother-dau
546,1,1,mother-dau/md_248_1.jpg,mother-dau/md_248_2.jpg,mother-dau
547,1,1,mother-dau/md_030_1.jpg,mother-dau/md_030_2.jpg,mother-dau
548,1,1,mother-dau/md_094_1.jpg,mother-dau/md_094_2.jpg,mother-dau
549,1,1,mother-dau/md_039_1.jpg,mother-dau/md_039_2.jpg,mother-dau
550,1,0,mother-dau/md_166_1.jpg,mother-dau/md_240_2.jpg,mother-dau
551,1,0,mother-dau/md_118_1.jpg,mother-dau/md_085_2.jpg,mother-dau
552,1,0,mother-dau/md_015_1.jpg,mother-dau/md_027_2.jpg,mother-dau
553,1,0,mother-dau/md_196_1.jpg,mother-dau/md_166_2.jpg,mother-dau
554,1,0,mother-dau/md_055_1.jpg,mother-dau/md_199_2.jpg,mother-dau
555,1,0,mother-dau/md_008_1.jpg,mother-dau/md_027_2.jpg,mother-dau
556,1,0,mother-dau/md_091_1.jpg,mother-dau/md_055_2.jpg,mother-dau
557,1,0,mother-dau/md_153_1.jpg,mother-dau/md_145_2.jpg,mother-dau
558,1,0,mother-dau/md_248_1.jpg,mother-dau/md_193_2.jpg,mother-dau
559,1,0,mother-dau/md_175_1.jpg,mother-dau/md_021_2.jpg,mother-dau
560,1,0,mother-dau/md_055_1.jpg,mother-dau/md_213_2.jpg,mother-dau
561,1,0,mother-dau/md_175_1.jpg,mother-dau/md_164_2.jpg,mother-dau
562,1,0,mother-dau/md_166_1.jpg,mother-dau/md_099_2.jpg,mother-dau
563,1,0,mother-dau/md_228_1.jpg,mother-dau/md_207_2.jpg,mother-dau
564,1,0,mother-dau/md_198_1.jpg,mother-dau/md_158_2.jpg,mother-dau
565,1,0,mother-dau/md_008_1.jpg,mother-dau/md_228_2.jpg,mother-dau
566,1,0,mother-dau/md_039_1.jpg,mother-dau/md_050_2.jpg,mother-dau
567,1,0,mother-dau/md_228_1.jpg,mother-dau/md_158_2.jpg,mother-dau
568,1,0,mother-dau/md_124_1.jpg,mother-dau/md_229_2.jpg,mother-dau
569,1,0,mother-dau/md_166_1.jpg,mother-dau/md_162_2.jpg,mother-dau
570,1,0,mother-dau/md_091_1.jpg,mother-dau/md_164_2.jpg,mother-dau
571,1,0,mother-dau/md_229_1.jpg,mother-dau/md_039_2.jpg,mother-dau
572,1,0,mother-dau/md_094_1.jpg,mother-dau/md_220_2.jpg,mother-dau
573,1,0,mother-dau/md_166_1.jpg,mother-dau/md_145_2.jpg,mother-dau
574,1,0,mother-dau/md_208_1.jpg,mother-dau/md_221_2.jpg,mother-dau
575,1,0,mother-dau/md_220_1.jpg,mother-dau/md_091_2.jpg,mother-dau
576,1,0,mother-dau/md_228_1.jpg,mother-dau/md_094_2.jpg,mother-dau
577,1,0,mother-dau/md_099_1.jpg,mother-dau/md_055_2.jpg,mother-dau
578,1,0,mother-dau/md_050_1.jpg,mother-dau/md_155_2.jpg,mother-dau
579,1,0,mother-dau/md_025_1.jpg,mother-dau/md_159_2.jpg,mother-dau
580,1,0,mother-dau/md_230_1.jpg,mother-dau/md_207_2.jpg,mother-dau
581,1,0,mother-dau/md_199_1.jpg,mother-dau/md_099_2.jpg,mother-dau
582,1,0,mother-dau/md_094_1.jpg,mother-dau/md_092_2.jpg,mother-dau
583,1,0,mother-dau/md_145_1.jpg,mother-dau/md_152_2.jpg,mother-dau
584,1,0,mother-dau/md_196_1.jpg,mother-dau/md_193_2.jpg,mother-dau
585,1,0,mother-dau/md_213_1.jpg,mother-dau/md_220_2.jpg,mother-dau
586,1,0,mother-dau/md_120_1.jpg,mother-dau/md_158_2.jpg,mother-dau
587,1,0,mother-dau/md_099_1.jpg,mother-dau/md_091_2.jpg,mother-dau
588,1,0,mother-dau/md_025_1.jpg,mother-dau/md_124_2.jpg,mother-dau
589,1,0,mother-dau/md_051_1.jpg,mother-dau/md_085_2.jpg,mother-dau
590,1,0,mother-dau/md_229_1.jpg,mother-dau/md_042_2.jpg,mother-dau
591,1,0,mother-dau/md_208_1.jpg,mother-dau/md_055_2.jpg,mother-dau
592,1,0,mother-dau/md_181_1.jpg,mother-dau/md_220_2.jpg,mother-dau
593,1,0,mother-dau/md_155_1.jpg,mother-dau/md_208_2.jpg,mother-dau
594,1,0,mother-dau/md_118_1.jpg,mother-dau/md_171_2.jpg,mother-dau
595,1,0,mother-dau/md_027_1.jpg,mother-dau/md_221_2.jpg,mother-dau
596,1,0,mother-dau/md_193_1.jpg,mother-dau/md_171_2.jpg,mother-dau
597,1,0,mother-dau/md_221_1.jpg,mother-dau/md_163_2.jpg,mother-dau
598,1,0,mother-dau/md_164_1.jpg,mother-dau/md_030_2.jpg,mother-dau
599,1,0,mother-dau/md_221_1.jpg,mother-dau/md_024_2.jpg,mother-dau
600,2,1,mother-dau/md_026_1.jpg,mother-dau/md_026_2.jpg,mother-dau
601,2,1,mother-dau/md_146_1.jpg,mother-dau/md_146_2.jpg,mother-dau
602,2,1,mother-dau/md_111_1.jpg,mother-dau/md_111_2.jpg,mother-dau
603,2,1,mother-dau/md_142_1.jpg,mother-dau/md_142_2.jpg,mother-dau
604,2,1,mother-dau/md_131_1.jpg,mother-dau/md_131_2.jpg,mother-dau
605,2,1,mother-dau/md_106_1.jpg,mother-dau/md_106_2.jpg,mother-dau
606,2,1,mother-dau/md_002_1.jpg,mother-dau/md_002_2.jpg,mother-dau
607,2,1,mother-dau/md_191_1.jpg,mother-dau/md_191_2.jpg,mother-dau
608,2,1,mother-dau/md_188_1.jpg,mother-dau/md_188_2.jpg,mother-dau
609,2,1,mother-dau/md_215_1.jpg,mother-dau/md_215_2.jpg,mother-dau
610,2,1,mother-dau/md_192_1.jpg,mother-dau/md_192_2.jpg,mother-dau
611,2,1,mother-dau/md_088_1.jpg,mother-dau/md_088_2.jpg,mother-dau
612,2,1,mother-dau/md_186_1.jpg,mother-dau/md_186_2.jpg,mother-dau
613,2,1,mother-dau/md_212_1.jpg,mother-dau/md_212_2.jpg,mother-dau
614,2,1,mother-dau/md_138_1.jpg,mother-dau/md_138_2.jpg,mother-dau
615,2,1,mother-dau/md_087_1.jpg,mother-dau/md_087_2.jpg,mother-dau
616,2,1,mother-dau/md_029_1.jpg,mother-dau/md_029_2.jpg,mother-dau
617,2,1,mother-dau/md_185_1.jpg,mother-dau/md_185_2.jpg,mother-dau
618,2,1,mother-dau/md_097_1.jpg,mother-dau/md_097_2.jpg,mother-dau
619,2,1,mother-dau/md_068_1.jpg,mother-dau/md_068_2.jpg,mother-dau
620,2,1,mother-dau/md_241_1.jpg,mother-dau/md_241_2.jpg,mother-dau
621,2,1,mother-dau/md_095_1.jpg,mother-dau/md_095_2.jpg,mother-dau
622,2,1,mother-dau/md_053_1.jpg,mother-dau/md_053_2.jpg,mother-dau
623,2,1,mother-dau/md_049_1.jpg,mother-dau/md_049_2.jpg,mother-dau
624,2,1,mother-dau/md_122_1.jpg,mother-dau/md_122_2.jpg,mother-dau
625,2,1,mother-dau/md_072_1.jpg,mother-dau/md_072_2.jpg,mother-dau
626,2,1,mother-dau/md_154_1.jpg,mother-dau/md_154_2.jpg,mother-dau
627,2,1,mother-dau/md_203_1.jpg,mother-dau/md_203_2.jpg,mother-dau
628,2,1,mother-dau/md_133_1.jpg,mother-dau/md_133_2.jpg,mother-dau
629,2,1,mother-dau/md_104_1.jpg,mother-dau/md_104_2.jpg,mother-dau
630,2,1,mother-dau/md_202_1.jpg,mother-dau/md_202_2.jpg,mother-dau
631,2,1,mother-dau/md_069_1.jpg,mother-dau/md_069_2.jpg,mother-dau
632,2,1,mother-dau/md_067_1.jpg,mother-dau/md_067_2.jpg,mother-dau
633,2,1,mother-dau/md_227_1.jpg,mother-dau/md_227_2.jpg,mother-dau
634,2,1,mother-dau/md_022_1.jpg,mother-dau/md_022_2.jpg,mother-dau
635,2,1,mother-dau/md_174_1.jpg,mother-dau/md_174_2.jpg,mother-dau
636,2,1,mother-dau/md_204_1.jpg,mother-dau/md_204_2.jpg,mother-dau
637,2,1,mother-dau/md_167_1.jpg,mother-dau/md_167_2.jpg,mother-dau
638,2,1,mother-dau/md_075_1.jpg,mother-dau/md_075_2.jpg,mother-dau
639,2,1,mother-dau/md_149_1.jpg,mother-dau/md_149_2.jpg,mother-dau
640,2,1,mother-dau/md_057_1.jpg,mother-dau/md_057_2.jpg,mother-dau
641,2,1,mother-dau/md_044_1.jpg,mother-dau/md_044_2.jpg,mother-dau
642,2,1,mother-dau/md_112_1.jpg,mother-dau/md_112_2.jpg,mother-dau
643,2,1,mother-dau/md_156_1.jpg,mother-dau/md_156_2.jpg,mother-dau
644,2,1,mother-dau/md_205_1.jpg,mother-dau/md_205_2.jpg,mother-dau
645,2,1,mother-dau/md_247_1.jpg,mother-dau/md_247_2.jpg,mother-dau
646,2,1,mother-dau/md_016_1.jpg,mother-dau/md_016_2.jpg,mother-dau
647,2,1,mother-dau/md_019_1.jpg,mother-dau/md_019_2.jpg,mother-dau
648,2,1,mother-dau/md_136_1.jpg,mother-dau/md_136_2.jpg,mother-dau
649,2,1,mother-dau/md_238_1.jpg,mother-dau/md_238_2.jpg,mother-dau
650,2,0,mother-dau/md_057_1.jpg,mother-dau/md_202_2.jpg,mother-dau
651,2,0,mother-dau/md_174_1.jpg,mother-dau/md_131_2.jpg,mother-dau
652,2,0,mother-dau/md_095_1.jpg,mother-dau/md_097_2.jpg,mother-dau
653,2,0,mother-dau/md_188_1.jpg,mother-dau/md_044_2.jpg,mother-dau
654,2,0,mother-dau/md_044_1.jpg,mother-dau/md_053_2.jpg,mother-dau
655,2,0,mother-dau/md_019_1.jpg,mother-dau/md_191_2.jpg,mother-dau
656,2,0,mother-dau/md_156_1.jpg,mother-dau/md_075_2.jpg,mother-dau
657,2,0,mother-dau/md_053_1.jpg,mother-dau/md_069_2.jpg,mother-dau
658,2,0,mother-dau/md_019_1.jpg,mother-dau/md_067_2.jpg,mother-dau
659,2,0,mother-dau/md_186_1.jpg,mother-dau/md_185_2.jpg,mother-dau
660,2,0,mother-dau/md_215_1.jpg,mother-dau/md_122_2.jpg,mother-dau
661,2,0,mother-dau/md_241_1.jpg,mother-dau/md_049_2.jpg,mother-dau
662,2,0,mother-dau/md_202_1.jpg,mother-dau/md_142_2.jpg,mother-dau
663,2,0,mother-dau/md_087_1.jpg,mother-dau/md_202_2.jpg,mother-dau
664,2,0,mother-dau/md_188_1.jpg,mother-dau/md_069_2.jpg,mother-dau
665,2,0,mother-dau/md_186_1.jpg,mother-dau/md_104_2.jpg,mother-dau
666,2,0,mother-dau/md_203_1.jpg,mother-dau/md_019_2.jpg,mother-dau
667,2,0,mother-dau/md_185_1.jpg,mother-dau/md_241_2.jpg,mother-dau
668,2,0,mother-dau/md_087_1.jpg,mother-dau/md_241_2.jpg,mother-dau
669,2,0,mother-dau/md_138_1.jpg,mother-dau/md_068_2.jpg,mother-dau
670,2,0,mother-dau/md_072_1.jpg,mother-dau/md_204_2.jpg,mother-dau
671,2,0,mother-dau/md_087_1.jpg,mother-dau/md_106_2.jpg,mother-dau
672,2,0,mother-dau/md_026_1.jpg,mother-dau/md_227_2.jpg,mother-dau
673,2,0,mother-dau/md_204_1.jpg,mother-dau/md_138_2.jpg,mother-dau
674,2,0,mother-dau/md_212_1.jpg,mother-dau/md_174_2.jpg,mother-dau
675,2,0,mother-dau/md_149_1.jpg,mother-dau/md_238_2.jpg,mother-dau
676,2,0,mother-dau/md_049_1.jpg,mother-dau/md_247_2.jpg,mother-dau
677,2,0,mother-dau/md_053_1.jpg,mother-dau/md_057_2.jpg,mother-dau
678,2,0,mother-dau/md_044_1.jpg,mother-dau/md_188_2.jpg,mother-dau
679,2,0,mother-dau/md_068_1.jpg,mother-dau/md_154_2.jpg,mother-dau
680,2,0,mother-dau/md_174_1.jpg,mother-dau/md_133_2.jpg,mother-dau
681,2,0,mother-dau/md_131_1.jpg,mother-dau/md_053_2.jpg,mother-dau
682,2,0,mother-dau/md_097_1.jpg,mother-dau/md_087_2.jpg,mother-dau
683,2,0,mother-dau/md_112_1.jpg,mother-dau/md_167_2.jpg,mother-dau
684,2,0,mother-dau/md_019_1.jpg,mother-dau/md_203_2.jpg,mother-dau
685,2,0,mother-dau/md_026_1.jpg,mother-dau/md_104_2.jpg,mother-dau
686,2,0,mother-dau/md_057_1.jpg,mother-dau/md_136_2.jpg,mother-dau
687,2,0,mother-dau/md_088_1.jpg,mother-dau/md_174_2.jpg,mother-dau
688,2,0,mother-dau/md_154_1.jpg,mother-dau/md_016_2.jpg,mother-dau
689,2,0,mother-dau/md_174_1.jpg,mother-dau/md_088_2.jpg,mother-dau
690,2,0,mother-dau/md_053_1.jpg,mother-dau/md_188_2.jpg,mother-dau
691,2,0,mother-dau/md_136_1.jpg,mother-dau/md_185_2.jpg,mother-dau
692,2,0,mother-dau/md_111_1.jpg,mother-dau/md_167_2.jpg,mother-dau
693,2,0,mother-dau/md_205_1.jpg,mother-dau/md_138_2.jpg,mother-dau
694,2,0,mother-dau/md_186_1.jpg,mother-dau/md_016_2.jpg,mother-dau
695,2,0,mother-dau/md_002_1.jpg,mother-dau/md_019_2.jpg,mother-dau
696,2,0,mother-dau/md_174_1.jpg,mother-dau/md_112_2.jpg,mother-dau
697,2,0,mother-dau/md_192_1.jpg,mother-dau/md_053_2.jpg,mother-dau
698,2,0,mother-dau/md_131_1.jpg,mother-dau/md_112_2.jpg,mother-dau
699,2,0,mother-dau/md_133_1.jpg,mother-dau/md_087_2.jpg,mother-dau
700,3,1,mother-dau/md_121_1.jpg,mother-dau/md_121_2.jpg,mother-dau
701,3,1,mother-dau/md_036_1.jpg,mother-dau/md_036_2.jpg,mother-dau
702,3,1,mother-dau/md_231_1.jpg,mother-dau/md_231_2.jpg,mother-dau
703,3,1,mother-dau/md_102_1.jpg,mother-dau/md_102_2.jpg,mother-dau
704,3,1,mother-dau/md_048_1.jpg,mother-dau/md_048_2.jpg,mother-dau
705,3,1,mother-dau/md_223_1.jpg,mother-dau/md_223_2.jpg,mother-dau
706,3,1,mother-dau/md_105_1.jpg,mother-dau/md_105_2.jpg,mother-dau
707,3,1,mother-dau/md_129_1.jpg,mother-dau/md_129_2.jpg,mother-dau
708,3,1,mother-dau/md_201_1.jpg,mother-dau/md_201_2.jpg,mother-dau
709,3,1,mother-dau/md_139_1.jpg,mother-dau/md_139_2.jpg,mother-dau
710,3,1,mother-dau/md_173_1.jpg,mother-dau/md_173_2.jpg,mother-dau
711,3,1,mother-dau/md_010_1.jpg,mother-dau/md_010_2.jpg,mother-dau
712,3,1,mother-dau/md_078_1.jpg,mother-dau/md_078_2.jpg,mother-dau
713,3,1,mother-dau/md_033_1.jpg,mother-dau/md_033_2.jpg,mother-dau
714,3,1,mother-dau/md_237_1.jpg,mother-dau/md_237_2.jpg,mother-dau
715,3,1,mother-dau/md_182_1.jpg,mother-dau/md_182_2.jpg,mother-dau
716,3,1,mother-dau/md_151_1.jpg,mother-dau/md_151_2.jpg,mother-dau
717,3,1,mother-dau/md_172_1.jpg,mother-dau/md_172_2.jpg,mother-dau
718,3,1,mother-dau/md_007_1.jpg,mother-dau/md_007_2.jpg,mother-dau
719,3,1,mother-dau/md_236_1.jpg,mother-dau/md_236_2.jpg,mother-dau
720,3,1,mother-dau/md_209_1.jpg,mother-dau/md_209_2.jpg,mother-dau
721,3,1,mother-dau/md_235_1.jpg,mother-dau/md_235_2.jpg,mother-dau
722,3,1,mother-dau/md_115_1.jpg,mother-dau/md_115_2.jpg,mother-dau
723,3,1,mother-dau/md_035_1.jpg,mother-dau/md_035_2.jpg,mother-dau
724,3,1,mother-dau/md_098_1.jpg,mother-dau/md_098_2.jpg,mother-dau
725,3,1,mother-dau/md_179_1.jpg,mother-dau/md_179_2.jpg,mother-dau
726,3,1,mother-dau/md_004_1.jpg,mother-dau/md_004_2.jpg,mother-dau
727,3,1,mother-dau/md_233_1.jpg,mother-dau/md_233_2.jpg,mother-dau
728,3,1,mother-dau/md_061_1.jpg,mother-dau/md_061_2.jpg,mother-dau
729,3,1,mother-dau/md_130_1.jpg,mother-dau/md_130_2.jpg,mother-dau
730,3,1,mother-dau/md_046_1.jpg,mother-dau/md_046_2.jpg,mother-dau
731,3,1,mother-dau/md_103_1.jpg,mother-dau/md_103_2.jpg,mother-dau
732,3,1,mother-dau/md_083_1.jpg,mother-dau/md_083_2.jpg,mother-dau
733,3,1,mother-dau/md_038_1.jpg,mother-dau/md_038_2.jpg,mother-dau
734,3,1,mother-dau/md_109_1.jpg,mother-dau/md_109_2.jpg,mother-dau
735,3,1,mother-dau/md_070_1.jpg,mother-dau/md_070_2.jpg,mother-dau
736,3,1,mother-dau/md_054_1.jpg,mother-dau/md_054_2.jpg,mother-dau
737,3,1,mother-dau/md_077_1.jpg,mother-dau/md_077_2.jpg,mother-dau
738,3,1,mother-dau/md_246_1.jpg,mother-dau/md_246_2.jpg,mother-dau
739,3,1,mother-dau/md_180_1.jpg,mother-dau/md_180_2.jpg,mother-dau
740,3,1,mother-dau/md_116_1.jpg,mother-dau/md_116_2.jpg,mother-dau
741,3,1,mother-dau/md_074_1.jpg,mother-dau/md_074_2.jpg,mother-dau
742,3,1,mother-dau/md_150_1.jpg,mother-dau/md_150_2.jpg,mother-dau
743,3,1,mother-dau/md_107_1.jpg,mother-dau/md_107_2.jpg,mother-dau
744,3,1,mother-dau/md_101_1.jpg,mother-dau/md_101_2.jpg,mother-dau
745,3,1,mother-dau/md_165_1.jpg,mother-dau/md_165_2.jpg,mother-dau
746,3,1,mother-dau/md_206_1.jpg,mother-dau/md_206_2.jpg,mother-dau
747,3,1,mother-dau/md_060_1.jpg,mother-dau/md_060_2.jpg,mother-dau
748,3,1,mother-dau/md_119_1.jpg,mother-dau/md_119_2.jpg,mother-dau
749,3,1,mother-dau/md_028_1.jpg,mother-dau/md_028_2.jpg,mother-dau
750,3,0,mother-dau/md_007_1.jpg,mother-dau/md_107_2.jpg,mother-dau
751,3,0,mother-dau/md_007_1.jpg,mother-dau/md_102_2.jpg,mother-dau
752,3,0,mother-dau/md_139_1.jpg,mother-dau/md_231_2.jpg,mother-dau
753,3,0,mother-dau/md_061_1.jpg,mother-dau/md_105_2.jpg,mother-dau
754,3,0,mother-dau/md_004_1.jpg,mother-dau/md_223_2.jpg,mother-dau
755,3,0,mother-dau/md_246_1.jpg,mother-dau/md_007_2.jpg,mother-dau
756,3,0,mother-dau/md_074_1.jpg,mother-dau/md_231_2.jpg,mother-dau
757,3,0,mother-dau/md_130_1.jpg,mother-dau/md_060_2.jpg,mother-dau
758,3,0,mother-dau/md_237_1.jpg,mother-dau/md_101_2.jpg,mother-dau
759,3,0,mother-dau/md_010_1.jpg,mother-dau/md_206_2.jpg,mother-dau
760,3,0,mother-dau/md_102_1.jpg,mother-dau/md_033_2.jpg,mother-dau
761,3,0,mother-dau/md_028_1.jpg,mother-dau/md_173_2.jpg,mother-dau
762,3,0,mother-dau/md_098_1.jpg,mother-dau/md_237_2.jpg,mother-dau
763,3,0,mother-dau/md_038_1.jpg,mother-dau/md_060_2.jpg,mother-dau
764,3,0,mother-dau/md_246_1.jpg,mother-dau/md_038_2.jpg,mother-dau
765,3,0,mother-dau/md_121_1.jpg,mother-dau/md_237_2.jpg,mother-dau
766,3,0,mother-dau/md_116_1.jpg,mother-dau/md_028_2.jpg,mother-dau
767,3,0,mother-dau/md_121_1.jpg,mother-dau/md_116_2.jpg,mother-dau
768,3,0,mother-dau/md_103_1.jpg,mother-dau/md_061_2.jpg,mother-dau
769,3,0,mother-dau/md_078_1.jpg,mother-dau/md_074_2.jpg,mother-dau
770,3,0,mother-dau/md_033_1.jpg,mother-dau/md_077_2.jpg,mother-dau
771,3,0,mother-dau/md_083_1.jpg,mother-dau/md_173_2.jpg,mother-dau
772,3,0,mother-dau/md_083_1.jpg,mother-dau/md_139_2.jpg,mother-dau
773,3,0,mother-dau/md_103_1.jpg,mother-dau/md_201_2.jpg,mother-dau
774,3,0,mother-dau/md_004_1.jpg,mother-dau/md_103_2.jpg,mother-dau
775,3,0,mother-dau/md_107_1.jpg,mother-dau/md_121_2.jpg,mother-dau
776,3,0,mother-dau/md_182_1.jpg,mother-dau/md_246_2.jpg,mother-dau
777,3,0,mother-dau/md_182_1.jpg,mother-dau/md_206_2.jpg,mother-dau
778,3,0,mother-dau/md_038_1.jpg,mother-dau/md_102_2.jpg,mother-dau
779,3,0,mother-dau/md_102_1.jpg,mother-dau/md_121_2.jpg,mother-dau
780,3,0,mother-dau/md_010_1.jpg,mother-dau/md_179_2.jpg,mother-dau
781,3,0,mother-dau/md_115_1.jpg,mother-dau/md_070_2.jpg,mother-dau
782,3,0,mother-dau/md_130_1.jpg,mother-dau/md_179_2.jpg,mother-dau
783,3,0,mother-dau/md_102_1.jpg,mother-dau/md_139_2.jpg,mother-dau
784,3,0,mother-dau/md_007_1.jpg,mother-dau/md_033_2.jpg,mother-dau
785,3,0,mother-dau/md_246_1.jpg,mother-dau/md_182_2.jpg,mother-dau
786,3,0,mother-dau/md_103_1.jpg,mother-dau/md_028_2.jpg,mother-dau
787,3,0,mother-dau/md_179_1.jpg,mother-dau/md_060_2.jpg,mother-dau
788,3,0,mother-dau/md_074_1.jpg,mother-dau/md_165_2.jpg,mother-dau
789,3,0,mother-dau/md_223_1.jpg,mother-dau/md_116_2.jpg,mother-dau
790,3,0,mother-dau/md_165_1.jpg,mother-dau/md_129_2.jpg,mother-dau
791,3,0,mother-dau/md_105_1.jpg,mother-dau/md_246_2.jpg,mother-dau
792,3,0,mother-dau/md_054_1.jpg,mother-dau/md_083_2.jpg,mother-dau
793,3,0,mother-dau/md_077_1.jpg,mother-dau/md_038_2.jpg,mother-dau
794,3,0,mother-dau/md_101_1.jpg,mother-dau/md_033_2.jpg,mother-dau
795,3,0,mother-dau/md_209_1.jpg,mother-dau/md_173_2.jpg,mother-dau
796,3,0,mother-dau/md_036_1.jpg,mother-dau/md_048_2.jpg,mother-dau
797,3,0,mother-dau/md_150_1.jpg,mother-dau/md_172_2.jpg,mother-dau
798,3,0,mother-dau/md_035_1.jpg,mother-dau/md_165_2.jpg,mother-dau
799,3,0,mother-dau/md_010_1.jpg,mother-dau/md_107_2.jpg,mother-dau
800,4,1,mother-dau/md_003_1.jpg,mother-dau/md_003_2.jpg,mother-dau
801,4,1,mother-dau/md_147_1.jpg,mother-dau/md_147_2.jpg,mother-dau
802,4,1,mother-dau/md_161_1.jpg,mother-dau/md_161_2.jpg,mother-dau
803,4,1,mother-dau/md_160_1.jpg,mother-dau/md_160_2.jpg,mother-dau
804,4,1,mother-dau/md_011_1.jpg,mother-dau/md_011_2.jpg,mother-dau
805,4,1,mother-dau/md_080_1.jpg,mother-dau/md_080_2.jpg,mother-dau
806,4,1,mother-dau/md_249_1.jpg,mother-dau/md_249_2.jpg,mother-dau
807,4,1,mother-dau/md_144_1.jpg,mother-dau/md_144_2.jpg,mother-dau
808,4,1,mother-dau/md_148_1.jpg,mother-dau/md_148_2.jpg,mother-dau
809,4,1,mother-dau/md_168_1.jpg,mother-dau/md_168_2.jpg,mother-dau
810,4,1,mother-dau/md_110_1.jpg,mother-dau/md_110_2.jpg,mother-dau
811,4,1,mother-dau/md_195_1.jpg,mother-dau/md_195_2.jpg,mother-dau
812,4,1,mother-dau/md_132_1.jpg,mother-dau/md_132_2.jpg,mother-dau
813,4,1,mother-dau/md_064_1.jpg,mother-dau/md_064_2.jpg,mother-dau
814,4,1,mother-dau/md_216_1.jpg,mother-dau/md_216_2.jpg,mother-dau
815,4,1,mother-dau/md_244_1.jpg,mother-dau/md_244_2.jpg,mother-dau
816,4,1,mother-dau/md_066_1.jpg,mother-dau/md_066_2.jpg,mother-dau
817,4,1,mother-dau/md_096_1.jpg,mother-dau/md_096_2.jpg,mother-dau
818,4,1,mother-dau/md_218_1.jpg,mother-dau/md_218_2.jpg,mother-dau
819,4,1,mother-dau/md_040_1.jpg,mother-dau/md_040_2.jpg,mother-dau
820,4,1,mother-dau/md_176_1.jpg,mother-dau/md_176_2.jpg,mother-dau
821,4,1,mother-dau/md_114_1.jpg,mother-dau/md_114_2.jpg,mother-dau
822,4,1,mother-dau/md_043_1.jpg,mother-dau/md_043_2.jpg,mother-dau
823,4,1,mother-dau/md_052_1.jpg,mother-dau/md_052_2.jpg,mother-dau
824,4,1,mother-dau/md_157_1.jpg,mother-dau/md_157_2.jpg,mother-dau
825,4,1,mother-dau/md_141_1.jpg,mother-dau/md_141_2.jpg,mother-dau
826,4,1,mother-dau/md_226_1.jpg,mother-dau/md_226_2.jpg,mother-dau
827,4,1,mother-dau/md_170_1.jpg,mother-dau/md_170_2.jpg,mother-dau
828,4,1,mother-dau/md_243_1.jpg,mother-dau/md_243_2.jpg,mother-dau
829,4,1,mother-dau/md_079_1.jpg,mother-dau/md_079_2.jpg,mother-dau
830,4,1,mother-dau/md_056_1.jpg,mother-dau/md_056_2.jpg,mother-dau
831,4,1,mother-dau/md_177_1.jpg,mother-dau/md_177_2.jpg,mother-dau
832,4,1,mother-dau/md_076_1.jpg,mother-dau/md_076_2.jpg,mother-dau
833,4,1,mother-dau/md_047_1.jpg,mother-dau/md_047_2.jpg,mother-dau
834,4,1,mother-dau/md_183_1.jpg,mother-dau/md_183_2.jpg,mother-dau
835,4,1,mother-dau/md_169_1.jpg,mother-dau/md_169_2.jpg,mother-dau
836,4,1,mother-dau/md_135_1.jpg,mother-dau/md_135_2.jpg,mother-dau
837,4,1,mother-dau/md_071_1.jpg,mother-dau/md_071_2.jpg,mother-dau
838,4,1,mother-dau/md_178_1.jpg,mother-dau/md_178_2.jpg,mother-dau
839,4,1,mother-dau/md_250_1.jpg,mother-dau/md_250_2.jpg,mother-dau
840,4,1,mother-dau/md_225_1.jpg,mother-dau/md_225_2.jpg,mother-dau
841,4,1,mother-dau/md_090_1.jpg,mother-dau/md_090_2.jpg,mother-dau
842,4,1,mother-dau/md_014_1.jpg,mother-dau/md_014_2.jpg,mother-dau
843,4,1,mother-dau/md_137_1.jpg,mother-dau/md_137_2.jpg,mother-dau
844,4,1,mother-dau/md_032_1.jpg,mother-dau/md_032_2.jpg,mother-dau
845,4,1,mother-dau/md_108_1.jpg,mother-dau/md_108_2.jpg,mother-dau
846,4,1,mother-dau/md_006_1.jpg,mother-dau/md_006_2.jpg,mother-dau
847,4,1,mother-dau/md_125_1.jpg,mother-dau/md_125_2.jpg,mother-dau
848,4,1,mother-dau/md_113_1.jpg,mother-dau/md_113_2.jpg,mother-dau
849,4,1,mother-dau/md_128_1.jpg,mother-dau/md_128_2.jpg,mother-dau
850,4,0,mother-dau/md_076_1.jpg,mother-dau/md_032_2.jpg,mother-dau
851,4,0,mother-dau/md_157_1.jpg,mother-dau/md_128_2.jpg,mother-dau
852,4,0,mother-dau/md_218_1.jpg,mother-dau/md_226_2.jpg,mother-dau
853,4,0,mother-dau/md_168_1.jpg,mother-dau/md_141_2.jpg,mother-dau
854,4,0,mother-dau/md_114_1.jpg,mother-dau/md_047_2.jpg,mother-dau
855,4,0,mother-dau/md_047_1.jpg,mother-dau/md_125_2.jpg,mother-dau
856,4,0,mother-dau/md_168_1.jpg,mother-dau/md_080_2.jpg,mother-dau
857,4,0,mother-dau/md_243_1.jpg,mother-dau/md_113_2.jpg,mother-dau
858,4,0,mother-dau/md_147_1.jpg,mother-dau/md_137_2.jpg,mother-dau
859,4,0,mother-dau/md_147_1.jpg,mother-dau/md_141_2.jpg,mother-dau
860,4,0,mother-dau/md_168_1.jpg,mother-dau/md_169_2.jpg,mother-dau
861,4,0,mother-dau/md_132_1.jpg,mother-dau/md_006_2.jpg,mother-dau
862,4,0,mother-dau/md_249_1.jpg,mother-dau/md_226_2.jpg,mother-dau
863,4,0,mother-dau/md_032_1.jpg,mother-dau/md_125_2.jpg,mother-dau
864,4,0,mother-dau/md_066_1.jpg,mother-dau/md_114_2.jpg,mother-dau
865,4,0,mother-dau/md_052_1.jpg,mother-dau/md_144_2.jpg,mother-dau
866,4,0,mother-dau/md_249_1.jpg,mother-dau/md_226_2.jpg,mother-dau
867,4,0,mother-dau/md_135_1.jpg,mother-dau/md_040_2.jpg,mother-dau
868,4,0,mother-dau/md_096_1.jpg,mother-dau/md_216_2.jpg,mother-dau
869,4,0,mother-dau/md_137_1.jpg,mother-dau/md_177_2.jpg,mother-dau
870,4,0,mother-dau/md_132_1.jpg,mother-dau/md_113_2.jpg,mother-dau
871,4,0,mother-dau/md_076_1.jpg,mother-dau/md_195_2.jpg,mother-dau
872,4,0,mother-dau/md_249_1.jpg,mother-dau/md_147_2.jpg,mother-dau
873,4,0,mother-dau/md_064_1.jpg,mother-dau/md_080_2.jpg,mother-dau
874,4,0,mother-dau/md_160_1.jpg,mother-dau/md_014_2.jpg,mother-dau
875,4,0,mother-dau/md_168_1.jpg,mother-dau/md_147_2.jpg,mother-dau
876,4,0,mother-dau/md_135_1.jpg,mother-dau/md_226_2.jpg,mother-dau
877,4,0,mother-dau/md_064_1.jpg,mother-dau/md_218_2.jpg,mother-dau
878,4,0,mother-dau/md_003_1.jpg,mother-dau/md_032_2.jpg,mother-dau
879,4,0,mother-dau/md_137_1.jpg,mother-dau/md_132_2.jpg,mother-dau
880,4,0,mother-dau/md_243_1.jpg,mother-dau/md_144_2.jpg,mother-dau
881,4,0,mother-dau/md_079_1.jpg,mother-dau/md_066_2.jpg,mother-dau
882,4,0,mother-dau/md_076_1.jpg,mother-dau/md_137_2.jpg,mother-dau
883,4,0,mother-dau/md_243_1.jpg,mother-dau/md_128_2.jpg,mother-dau
884,4,0,mother-dau/md_250_1.jpg,mother-dau/md_144_2.jpg,mother-dau
885,4,0,mother-dau/md_090_1.jpg,mother-dau/md_168_2.jpg,mother-dau
886,4,0,mother-dau/md_178_1.jpg,mother-dau/md_218_2.jpg,mother-dau
887,4,0,mother-dau/md_056_1.jpg,mother-dau/md_148_2.jpg,mother-dau
888,4,0,mother-dau/md_003_1.jpg,mother-dau/md_250_2.jpg,mother-dau
889,4,0,mother-dau/md_141_1.jpg,mother-dau/md_110_2.jpg,mother-dau
890,4,0,mother-dau/md_161_1.jpg,mother-dau/md_125_2.jpg,mother-dau
891,4,0,mother-dau/md_144_1.jpg,mother-dau/md_040_2.jpg,mother-dau
892,4,0,mother-dau/md_244_1.jpg,mother-dau/md_148_2.jpg,mother-dau
893,4,0,mother-dau/md_032_1.jpg,mother-dau/md_066_2.jpg,mother-dau
894,4,0,mother-dau/md_135_1.jpg,mother-dau/md_176_2.jpg,mother-dau
895,4,0,mother-dau/md_040_1.jpg,mother-dau/md_141_2.jpg,mother-dau
896,4,0,mother-dau/md_148_1.jpg,mother-dau/md_226_2.jpg,mother-dau
897,4,0,mother-dau/md_076_1.jpg,mother-dau/md_003_2.jpg,mother-dau
898,4,0,mother-dau/md_183_1.jpg,mother-dau/md_052_2.jpg,mother-dau
899,4,0,mother-dau/md_011_1.jpg,mother-dau/md_090_2.jpg,mother-dau
900,5,1,mother-dau/md_012_1.jpg,mother-dau/md_012_2.jpg,mother-dau
901,5,1,mother-dau/md_117_1.jpg,mother-dau/md_117_2.jpg,mother-dau
902,5,1,mother-dau/md_081_1.jpg,mother-dau/md_081_2.jpg,mother-dau
903,5,1,mother-dau/md_189_1.jpg,mother-dau/md_189_2.jpg,mother-dau
904,5,1,mother-dau/md_023_1.jpg,mother-dau/md_023_2.jpg,mother-dau
905,5,1,mother-dau/md_234_1.jpg,mother-dau/md_234_2.jpg,mother-dau
906,5,1,mother-dau/md_065_1.jpg,mother-dau/md_065_2.jpg,mother-dau
907,5,1,mother-dau/md_222_1.jpg,mother-dau/md_222_2.jpg,mother-dau
908,5,1,mother-dau/md_009_1.jpg,mother-dau/md_009_2.jpg,mother-dau
909,5,1,mother-dau/md_063_1.jpg,mother-dau/md_063_2.jpg,mother-dau
910,5,1,mother-dau/md_045_1.jpg,mother-dau/md_045_2.jpg,mother-dau
911,5,1,mother-dau/md_041_1.jpg,mother-dau/md_041_2.jpg,mother-dau
912,5,1,mother-dau/md_073_1.jpg,mother-dau/md_073_2.jpg,mother-dau
913,5,1,mother-dau/md_143_1.jpg,mother-dau/md_143_2.jpg,mother-dau
914,5,1,mother-dau/md_197_1.jpg,mother-dau/md_197_2.jpg,mother-dau
915,5,1,mother-dau/md_037_1.jpg,mother-dau/md_037_2.jpg,mother-dau
916,5,1,mother-dau/md_059_1.jpg,mother-dau/md_059_2.jpg,mother-dau
917,5,1,mother-dau/md_232_1.jpg,mother-dau/md_232_2.jpg,mother-dau
918,5,1,mother-dau/md_058_1.jpg,mother-dau/md_058_2.jpg,mother-dau
919,5,1,mother-dau/md_187_1.jpg,mother-dau/md_187_2.jpg,mother-dau
920,5,1,mother-dau/md_210_1.jpg,mother-dau/md_210_2.jpg,mother-dau
921,5,1,mother-dau/md_219_1.jpg,mother-dau/md_219_2.jpg,mother-dau
922,5,1,mother-dau/md_214_1.jpg,mother-dau/md_214_2.jpg,mother-dau
923,5,1,mother-dau/md_123_1.jpg,mother-dau/md_123_2.jpg,mother-dau
924,5,1,mother-dau/md_089_1.jpg,mother-dau/md_089_2.jpg,mother-dau
925,5,1,mother-dau/md_084_1.jpg,mother-dau/md_084_2.jpg,mother-dau
926,5,1,mother-dau/md_224_1.jpg,mother-dau/md_224_2.jpg,mother-dau
927,5,1,mother-dau/md_005_1.jpg,mother-dau/md_005_2.jpg,mother-dau
928,5,1,mother-dau/md_184_1.jpg,mother-dau/md_184_2.jpg,mother-dau
929,5,1,mother-dau/md_020_1.jpg,mother-dau/md_020_2.jpg,mother-dau
930,5,1,mother-dau/md_093_1.jpg,mother-dau/md_093_2.jpg,mother-dau
931,5,1,mother-dau/md_062_1.jpg,mother-dau/md_062_2.jpg,mother-dau
932,5,1,mother-dau/md_239_1.jpg,mother-dau/md_239_2.jpg,mother-dau
933,5,1,mother-dau/md_190_1.jpg,mother-dau/md_190_2.jpg,mother-dau
934,5,1,mother-dau/md_018_1.jpg,mother-dau/md_018_2.jpg,mother-dau
935,5,1,mother-dau/md_013_1.jpg,mother-dau/md_013_2.jpg,mother-dau
936,5,1,mother-dau/md_034_1.jpg,mother-dau/md_034_2.jpg,mother-dau
937,5,1,mother-dau/md_140_1.jpg,mother-dau/md_140_2.jpg,mother-dau
938,5,1,mother-dau/md_211_1.jpg,mother-dau/md_211_2.jpg,mother-dau
939,5,1,mother-dau/md_017_1.jpg,mother-dau/md_017_2.jpg,mother-dau
940,5,1,mother-dau/md_001_1.jpg,mother-dau/md_001_2.jpg,mother-dau
941,5,1,mother-dau/md_082_1.jpg,mother-dau/md_082_2.jpg,mother-dau
942,5,1,mother-dau/md_134_1.jpg,mother-dau/md_134_2.jpg,mother-dau
943,5,1,mother-dau/md_217_1.jpg,mother-dau/md_217_2.jpg,mother-dau
944,5,1,mother-dau/md_126_1.jpg,mother-dau/md_126_2.jpg,mother-dau
945,5,1,mother-dau/md_086_1.jpg,mother-dau/md_086_2.jpg,mother-dau
946,5,1,mother-dau/md_245_1.jpg,mother-dau/md_245_2.jpg,mother-dau
947,5,1,mother-dau/md_100_1.jpg,mother-dau/md_100_2.jpg,mother-dau
948,5,1,mother-dau/md_127_1.jpg,mother-dau/md_127_2.jpg,mother-dau
949,5,1,mother-dau/md_200_1.jpg,mother-dau/md_200_2.jpg,mother-dau
950,5,0,mother-dau/md_063_1.jpg,mother-dau/md_214_2.jpg,mother-dau
951,5,0,mother-dau/md_012_1.jpg,mother-dau/md_037_2.jpg,mother-dau
952,5,0,mother-dau/md_059_1.jpg,mother-dau/md_126_2.jpg,mother-dau
953,5,0,mother-dau/md_123_1.jpg,mother-dau/md_184_2.jpg,mother-dau
954,5,0,mother-dau/md_093_1.jpg,mother-dau/md_190_2.jpg,mother-dau
955,5,0,mother-dau/md_093_1.jpg,mother-dau/md_018_2.jpg,mother-dau
956,5,0,mother-dau/md_084_1.jpg,mother-dau/md_013_2.jpg,mother-dau
957,5,0,mother-dau/md_084_1.jpg,mother-dau/md_093_2.jpg,mother-dau
958,5,0,mother-dau/md_127_1.jpg,mother-dau/md_082_2.jpg,mother-dau
959,5,0,mother-dau/md_037_1.jpg,mother-dau/md_020_2.jpg,mother-dau
960,5,0,mother-dau/md_065_1.jpg,mother-dau/md_073_2.jpg,mother-dau
961,5,0,mother-dau/md_001_1.jpg,mother-dau/md_190_2.jpg,mother-dau
962,5,0,mother-dau/md_012_1.jpg,mother-dau/md_184_2.jpg,mother-dau
963,5,0,mother-dau/md_214_1.jpg,mother-dau/md_086_2.jpg,mother-dau
964,5,0,mother-dau/md_197_1.jpg,mother-dau/md_189_2.jpg,mother-dau
965,5,0,mother-dau/md_123_1.jpg,mother-dau/md_200_2.jpg,mother-dau
966,5,0,mother-dau/md_245_1.jpg,mother-dau/md_184_2.jpg,mother-dau
967,5,0,mother-dau/md_239_1.jpg,mother-dau/md_211_2.jpg,mother-dau
968,5,0,mother-dau/md_234_1.jpg,mother-dau/md_012_2.jpg,mother-dau
969,5,0,mother-dau/md_005_1.jpg,mother-dau/md_012_2.jpg,mother-dau
970,5,0,mother-dau/md_214_1.jpg,mother-dau/md_063_2.jpg,mother-dau
971,5,0,mother-dau/md_017_1.jpg,mother-dau/md_093_2.jpg,mother-dau
972,5,0,mother-dau/md_012_1.jpg,mother-dau/md_126_2.jpg,mother-dau
973,5,0,mother-dau/md_211_1.jpg,mother-dau/md_086_2.jpg,mother-dau
974,5,0,mother-dau/md_140_1.jpg,mother-dau/md_187_2.jpg,mother-dau
975,5,0,mother-dau/md_059_1.jpg,mother-dau/md_084_2.jpg,mother-dau
976,5,0,mother-dau/md_184_1.jpg,mother-dau/md_211_2.jpg,mother-dau
977,5,0,mother-dau/md_211_1.jpg,mother-dau/md_089_2.jpg,mother-dau
978,5,0,mother-dau/md_001_1.jpg,mother-dau/md_123_2.jpg,mother-dau
979,5,0,mother-dau/md_045_1.jpg,mother-dau/md_184_2.jpg,mother-dau
980,5,0,mother-dau/md_100_1.jpg,mother-dau/md_211_2.jpg,mother-dau
981,5,0,mother-dau/md_034_1.jpg,mother-dau/md_217_2.jpg,mother-dau
982,5,0,mother-dau/md_200_1.jpg,mother-dau/md_084_2.jpg,mother-dau
983,5,0,mother-dau/md_062_1.jpg,mother-dau/md_017_2.jpg,mother-dau
984,5,0,mother-dau/md_214_1.jpg,mother-dau/md_224_2.jpg,mother-dau
985,5,0,mother-dau/md_045_1.jpg,mother-dau/md_234_2.jpg,mother-dau
986,5,0,mother-dau/md_222_1.jpg,mother-dau/md_214_2.jpg,mother-dau
987,5,0,mother-dau/md_017_1.jpg,mother-dau/md_197_2.jpg,mother-dau
988,5,0,mother-dau/md_041_1.jpg,mother-dau/md_086_2.jpg,mother-dau
989,5,0,mother-dau/md_012_1.jpg,mother-dau/md_020_2.jpg,mother-dau
990,5,0,mother-dau/md_005_1.jpg,mother-dau/md_239_2.jpg,mother-dau
991,5,0,mother-dau/md_037_1.jpg,mother-dau/md_041_2.jpg,mother-dau
992,5,0,mother-dau/md_210_1.jpg,mother-dau/md_197_2.jpg,mother-dau
993,5,0,mother-dau/md_190_1.jpg,mother-dau/md_245_2.jpg,mother-dau
994,5,0,mother-dau/md_232_1.jpg,mother-dau/md_184_2.jpg,mother-dau
995,5,0,mother-dau/md_234_1.jpg,mother-dau/md_009_2.jpg,mother-dau
996,5,0,mother-dau/md_143_1.jpg,mother-dau/md_005_2.jpg,mother-dau
997,5,0,mother-dau/md_089_1.jpg,mother-dau/md_100_2.jpg,mother-dau
998,5,0,mother-dau/md_041_1.jpg,mother-dau/md_123_2.jpg,mother-dau
999,5,0,mother-dau/md_224_1.jpg,mother-dau/md_017_2.jpg,mother-dau
1000,1,1,mother-son/ms_240_1.jpg,mother-son/ms_240_2.jpg,mother-son
1001,1,1,mother-son/ms_024_1.jpg,mother-son/ms_024_2.jpg,mother-son
1002,1,1,mother-son/ms_220_1.jpg,mother-son/ms_220_2.jpg,mother-son
1003,1,1,mother-son/ms_092_1.jpg,mother-son/ms_092_2.jpg,mother-son
1004,1,1,mother-son/ms_155_1.jpg,mother-son/ms_155_2.jpg,mother-son
1005,1,1,mother-son/ms_124_1.jpg,mother-son/ms_124_2.jpg,mother-son
1006,1,1,mother-son/ms_031_1.jpg,mother-son/ms_031_2.jpg,mother-son
1007,1,1,mother-son/ms_162_1.jpg,mother-son/ms_162_2.jpg,mother-son
1008,1,1,mother-son/ms_163_1.jpg,mother-son/ms_163_2.jpg,mother-son
1009,1,1,mother-son/ms_008_1.jpg,mother-son/ms_008_2.jpg,mother-son
1010,1,1,mother-son/ms_042_1.jpg,mother-son/ms_042_2.jpg,mother-son
1011,1,1,mother-son/ms_153_1.jpg,mother-son/ms_153_2.jpg,mother-son
1012,1,1,mother-son/ms_159_1.jpg,mother-son/ms_159_2.jpg,mother-son
1013,1,1,mother-son/ms_208_1.jpg,mother-son/ms_208_2.jpg,mother-son
1014,1,1,mother-son/ms_152_1.jpg,mother-son/ms_152_2.jpg,mother-son
1015,1,1,mother-son/ms_242_1.jpg,mother-son/ms_242_2.jpg,mother-son
1016,1,1,mother-son/ms_193_1.jpg,mother-son/ms_193_2.jpg,mother-son
1017,1,1,mother-son/ms_120_1.jpg,mother-son/ms_120_2.jpg,mother-son
1018,1,1,mother-son/ms_166_1.jpg,mother-son/ms_166_2.jpg,mother-son
1019,1,1,mother-son/ms_021_1.jpg,mother-son/ms_021_2.jpg,mother-son
1020,1,1,mother-son/ms_118_1.jpg,mother-son/ms_118_2.jpg,mother-son
1021,1,1,mother-son/ms_099_1.jpg,mother-son/ms_099_2.jpg,mother-son
1022,1,1,mother-son/ms_194_1.jpg,mother-son/ms_194_2.jpg,mother-son
1023,1,1,mother-son/ms_171_1.jpg,mother-son/ms_171_2.jpg,mother-son
1024,1,1,mother-son/ms_158_1.jpg,mother-son/ms_158_2.jpg,mother-son
1025,1,1,mother-son/ms_207_1.jpg,mother-son/ms_207_2.jpg,mother-son
1026,1,1,mother-son/ms_181_1.jpg,mother-son/ms_181_2.jpg,mother-son
1027,1,1,mother-son/ms_145_1.jpg,mother-son/ms_145_2.jpg,mother-son
1028,1,1,mother-son/ms_091_1.jpg,mother-son/ms_091_2.jpg,mother-son
1029,1,1,mother-son/ms_221_1.jpg,mother-son/ms_221_2.jpg,mother-son
1030,1,1,mother-son/ms_025_1.jpg,mother-son/ms_025_2.jpg,mother-son
1031,1,1,mother-son/ms_055_1.jpg,mother-son/ms_055_2.jpg,mother-son
1032,1,1,mother-son/ms_175_1.jpg,mother-son/ms_175_2.jpg,mother-son
1033,1,1,mother-son/ms_229_1.jpg,mother-son/ms_229_2.jpg,mother-son
1034,1,1,mother-son/ms_213_1.jpg,mother-son/ms_213_2.jpg,mother-son
1035,1,1,mother-son/ms_228_1.jpg,mother-son/ms_228_2.jpg,mother-son
1036,1,1,mother-son/ms_199_1.jpg,mother-son/ms_199_2.jpg,mother-son
1037,1,1,mother-son/ms_085_1.jpg,mother-son/ms_085_2.jpg,mother-son
1038,1,1,mother-son/ms_198_1.jpg,mother-son/ms_198_2.jpg,mother-son
1039,1,1,mother-son/ms_015_1.jpg,mother-son/ms_015_2.jpg,mother-son
1040,1,1,mother-son/ms_050_1.jpg,mother-son/ms_050_2.jpg,mother-son
1041,1,1,mother-son/ms_164_1.jpg,mother-son/ms_164_2.jpg,mother-son
1042,1,1,mother-son/ms_196_1.jpg,mother-son/ms_196_2.jpg,mother-son
1043,1,1,mother-son/ms_230_1.jpg,mother-son/ms_230_2.jpg,mother-son
1044,1,1,mother-son/ms_051_1.jpg,mother-son/ms_051_2.jpg,mother-son
1045,1,1,mother-son/ms_027_1.jpg,mother-son/ms_027_2.jpg,mother-son
1046,1,1,mother-son/ms_248_1.jpg,mother-son/ms_248_2.jpg,mother-son
1047,1,1,mother-son/ms_030_1.jpg,mother-son/ms_030_2.jpg,mother-son
1048,1,1,mother-son/ms_094_1.jpg,mother-son/ms_094_2.jpg,mother-son
1049,1,1,mother-son/ms_039_1.jpg,mother-son/ms_039_2.jpg,mother-son
1050,1,0,mother-son/ms_166_1.jpg,mother-son/ms_240_2.jpg,mother-son
1051,1,0,mother-son/ms_118_1.jpg,mother-son/ms_085_2.jpg,mother-son
1052,1,0,mother-son/ms_015_1.jpg,mother-son/ms_027_2.jpg,mother-son
1053,1,0,mother-son/ms_196_1.jpg,mother-son/ms_166_2.jpg,mother-son
1054,1,0,mother-son/ms_055_1.jpg,mother-son/ms_199_2.jpg,mother-son
1055,1,0,mother-son/ms_008_1.jpg,mother-son/ms_027_2.jpg,mother-son
1056,1,0,mother-son/ms_091_1.jpg,mother-son/ms_055_2.jpg,mother-son
1057,1,0,mother-son/ms_153_1.jpg,mother-son/ms_145_2.jpg,mother-son
1058,1,0,mother-son/ms_248_1.jpg,mother-son/ms_193_2.jpg,mother-son
1059,1,0,mother-son/ms_175_1.jpg,mother-son/ms_021_2.jpg,mother-son
1060,1,0,mother-son/ms_055_1.jpg,mother-son/ms_213_2.jpg,mother-son
1061,1,0,mother-son/ms_175_1.jpg,mother-son/ms_164_2.jpg,mother-son
1062,1,0,mother-son/ms_166_1.jpg,mother-son/ms_099_2.jpg,mother-son
1063,1,0,mother-son/ms_228_1.jpg,mother-son/ms_207_2.jpg,mother-son
1064,1,0,mother-son/ms_198_1.jpg,mother-son/ms_158_2.jpg,mother-son
1065,1,0,mother-son/ms_008_1.jpg,mother-son/ms_228_2.jpg,mother-son
1066,1,0,mother-son/ms_039_1.jpg,mother-son/ms_050_2.jpg,mother-son
1067,1,0,mother-son/ms_228_1.jpg,mother-son/ms_158_2.jpg,mother-son
1068,1,0,mother-son/ms_124_1.jpg,mother-son/ms_229_2.jpg,mother-son
1069,1,0,mother-son/ms_166_1.jpg,mother-son/ms_162_2.jpg,mother-son
1070,1,0,mother-son/ms_091_1.jpg,mother-son/ms_164_2.jpg,mother-son
1071,1,0,mother-son/ms_229_1.jpg,mother-son/ms_039_2.jpg,mother-son
1072,1,0,mother-son/ms_094_1.jpg,mother-son/ms_220_2.jpg,mother-son
1073,1,0,mother-son/ms_166_1.jpg,mother-son/ms_145_2.jpg,mother-son
1074,1,0,mother-son/ms_208_1.jpg,mother-son/ms_221_2.jpg,mother-son
1075,1,0,mother-son/ms_220_1.jpg,mother-son/ms_091_2.jpg,mother-son
1076,1,0,mother-son/ms_228_1.jpg,mother-son/ms_094_2.jpg,mother-son
1077,1,0,mother-son/ms_099_1.jpg,mother-son/ms_055_2.jpg,mother-son
1078,1,0,mother-son/ms_050_1.jpg,mother-son/ms_155_2.jpg,mother-son
1079,1,0,mother-son/ms_025_1.jpg,mother-son/ms_159_2.jpg,mother-son
1080,1,0,mother-son/ms_230_1.jpg,mother-son/ms_207_2.jpg,mother-son
1081,1,0,mother-son/ms_199_1.jpg,mother-son/ms_099_2.jpg,mother-son
1082,1,0,mother-son/ms_094_1.jpg,mother-son/ms_092_2.jpg,mother-son
1083,1,0,mother-son/ms_145_1.jpg,mother-son/ms_152_2.jpg,mother-son
1084,1,0,mother-son/ms_196_1.jpg,mother-son/ms_193_2.jpg,mother-son
1085,1,0,mother-son/ms_213_1.jpg,mother-son/ms_220_2.jpg,mother-son
1086,1,0,mother-son/ms_120_1.jpg,mother-son/ms_158_2.jpg,mother-son
1087,1,0,mother-son/ms_099_1.jpg,mother-son/ms_091_2.jpg,mother-son
1088,1,0,mother-son/ms_025_1.jpg,mother-son/ms_124_2.jpg,mother-son
1089,1,0,mother-son/ms_051_1.jpg,mother-son/ms_085_2.jpg,mother-son
1090,1,0,mother-son/ms_229_1.jpg,mother-son/ms_042_2.jpg,mother-son
1091,1,0,mother-son/ms_208_1.jpg,mother-son/ms_055_2.jpg,mother-son
1092,1,0,mother-son/ms_181_1.jpg,mother-son/ms_220_2.jpg,mother-son
1093,1,0,mother-son/ms_155_1.jpg,mother-son/ms_208_2.jpg,mother-son
1094,1,0,mother-son/ms_118_1.jpg,mother-son/ms_171_2.jpg,mother-son
1095,1,0,mother-son/ms_027_1.jpg,mother-son/ms_221_2.jpg,mother-son
1096,1,0,mother-son/ms_193_1.jpg,mother-son/ms_171_2.jpg,mother-son
1097,1,0,mother-son/ms_221_1.jpg,mother-son/ms_163_2.jpg,mother-son
1098,1,0,mother-son/ms_164_1.jpg,mother-son/ms_030_2.jpg,mother-son
1099,1,0,mother-son/ms_221_1.jpg,mother-son/ms_024_2.jpg,mother-son
1100,2,1,mother-son/ms_026_1.jpg,mother-son/ms_026_2.jpg,mother-son
1101,2,1,mother-son/ms_146_1.jpg,mother-son/ms_146_2.jpg,mother-son
1102,2,1,mother-son/ms_111_1.jpg,mother-son/ms_111_2.jpg,mother-son
1103,2,1,mother-son/ms_142_1.jpg,mother-son/ms_142_2.jpg,mother-son
1104,2,1,mother-son/ms_131_1.jpg,mother-son/ms_131_2.jpg,mother-son
1105,2,1,mother-son/ms_106_1.jpg,mother-son/ms_106_2.jpg,mother-son
1106,2,1,mother-son/ms_002_1.jpg,mother-son/ms_002_2.jpg,mother-son
1107,2,1,mother-son/ms_191_1.jpg,mother-son/ms_191_2.jpg,mother-son
1108,2,1,mother-son/ms_188_1.jpg,mother-son/ms_188_2.jpg,mother-son
1109,2,1,mother-son/ms_215_1.jpg,mother-son/ms_215_2.jpg,mother-son
1110,2,1,mother-son/ms_192_1.jpg,mother-son/ms_192_2.jpg,mother-son
1111,2,1,mother-son/ms_088_1.jpg,mother-son/ms_088_2.jpg,mother-son
1112,2,1,mother-son/ms_186_1.jpg,mother-son/ms_186_2.jpg,mother-son
1113,2,1,mother-son/ms_212_1.jpg,mother-son/ms_212_2.jpg,mother-son
1114,2,1,mother-son/ms_138_1.jpg,mother-son/ms_138_2.jpg,mother-son
1115,2,1,mother-son/ms_087_1.jpg,mother-son/ms_087_2.jpg,mother-son
1116,2,1,mother-son/ms_029_1.jpg,mother-son/ms_029_2.jpg,mother-son
1117,2,1,mother-son/ms_185_1.jpg,mother-son/ms_185_2.jpg,mother-son
1118,2,1,mother-son/ms_097_1.jpg,mother-son/ms_097_2.jpg,mother-son
1119,2,1,mother-son/ms_068_1.jpg,mother-son/ms_068_2.jpg,mother-son
1120,2,1,mother-son/ms_241_1.jpg,mother-son/ms_241_2.jpg,mother-son
1121,2,1,mother-son/ms_095_1.jpg,mother-son/ms_095_2.jpg,mother-son
1122,2,1,mother-son/ms_053_1.jpg,mother-son/ms_053_2.jpg,mother-son
1123,2,1,mother-son/ms_049_1.jpg,mother-son/ms_049_2.jpg,mother-son
1124,2,1,mother-son/ms_122_1.jpg,mother-son/ms_122_2.jpg,mother-son
1125,2,1,mother-son/ms_072_1.jpg,mother-son/ms_072_2.jpg,mother-son
1126,2,1,mother-son/ms_154_1.jpg,mother-son/ms_154_2.jpg,mother-son
1127,2,1,mother-son/ms_203_1.jpg,mother-son/ms_203_2.jpg,mother-son
1128,2,1,mother-son/ms_133_1.jpg,mother-son/ms_133_2.jpg,mother-son
1129,2,1,mother-son/ms_104_1.jpg,mother-son/ms_104_2.jpg,mother-son
1130,2,1,mother-son/ms_202_1.jpg,mother-son/ms_202_2.jpg,mother-son
1131,2,1,mother-son/ms_069_1.jpg,mother-son/ms_069_2.jpg,mother-son
1132,2,1,mother-son/ms_067_1.jpg,mother-son/ms_067_2.jpg,mother-son
1133,2,1,mother-son/ms_227_1.jpg,mother-son/ms_227_2.jpg,mother-son
1134,2,1,mother-son/ms_022_1.jpg,mother-son/ms_022_2.jpg,mother-son
1135,2,1,mother-son/ms_174_1.jpg,mother-son/ms_174_2.jpg,mother-son
1136,2,1,mother-son/ms_204_1.jpg,mother-son/ms_204_2.jpg,mother-son
1137,2,1,mother-son/ms_167_1.jpg,mother-son/ms_167_2.jpg,mother-son
1138,2,1,mother-son/ms_075_1.jpg,mother-son/ms_075_2.jpg,mother-son
1139,2,1,mother-son/ms_149_1.jpg,mother-son/ms_149_2.jpg,mother-son
1140,2,1,mother-son/ms_057_1.jpg,mother-son/ms_057_2.jpg,mother-son
1141,2,1,mother-son/ms_044_1.jpg,mother-son/ms_044_2.jpg,mother-son
1142,2,1,mother-son/ms_112_1.jpg,mother-son/ms_112_2.jpg,mother-son
1143,2,1,mother-son/ms_156_1.jpg,mother-son/ms_156_2.jpg,mother-son
1144,2,1,mother-son/ms_205_1.jpg,mother-son/ms_205_2.jpg,mother-son
1145,2,1,mother-son/ms_247_1.jpg,mother-son/ms_247_2.jpg,mother-son
1146,2,1,mother-son/ms_016_1.jpg,mother-son/ms_016_2.jpg,mother-son
1147,2,1,mother-son/ms_019_1.jpg,mother-son/ms_019_2.jpg,mother-son
1148,2,1,mother-son/ms_136_1.jpg,mother-son/ms_136_2.jpg,mother-son
1149,2,1,mother-son/ms_238_1.jpg,mother-son/ms_238_2.jpg,mother-son
1150,2,0,mother-son/ms_057_1.jpg,mother-son/ms_202_2.jpg,mother-son
1151,2,0,mother-son/ms_174_1.jpg,mother-son/ms_131_2.jpg,mother-son
1152,2,0,mother-son/ms_095_1.jpg,mother-son/ms_097_2.jpg,mother-son
1153,2,0,mother-son/ms_188_1.jpg,mother-son/ms_044_2.jpg,mother-son
1154,2,0,mother-son/ms_044_1.jpg,mother-son/ms_053_2.jpg,mother-son
1155,2,0,mother-son/ms_019_1.jpg,mother-son/ms_191_2.jpg,mother-son
1156,2,0,mother-son/ms_156_1.jpg,mother-son/ms_075_2.jpg,mother-son
1157,2,0,mother-son/ms_053_1.jpg,mother-son/ms_069_2.jpg,mother-son
1158,2,0,mother-son/ms_019_1.jpg,mother-son/ms_067_2.jpg,mother-son
1159,2,0,mother-son/ms_186_1.jpg,mother-son/ms_185_2.jpg,mother-son
1160,2,0,mother-son/ms_215_1.jpg,mother-son/ms_122_2.jpg,mother-son
1161,2,0,mother-son/ms_241_1.jpg,mother-son/ms_049_2.jpg,mother-son
1162,2,0,mother-son/ms_202_1.jpg,mother-son/ms_142_2.jpg,mother-son
1163,2,0,mother-son/ms_087_1.jpg,mother-son/ms_202_2.jpg,mother-son
1164,2,0,mother-son/ms_188_1.jpg,mother-son/ms_069_2.jpg,mother-son
1165,2,0,mother-son/ms_186_1.jpg,mother-son/ms_104_2.jpg,mother-son
1166,2,0,mother-son/ms_203_1.jpg,mother-son/ms_019_2.jpg,mother-son
1167,2,0,mother-son/ms_185_1.jpg,mother-son/ms_241_2.jpg,mother-son
1168,2,0,mother-son/ms_087_1.jpg,mother-son/ms_241_2.jpg,mother-son
1169,2,0,mother-son/ms_138_1.jpg,mother-son/ms_068_2.jpg,mother-son
1170,2,0,mother-son/ms_072_1.jpg,mother-son/ms_204_2.jpg,mother-son
1171,2,0,mother-son/ms_087_1.jpg,mother-son/ms_106_2.jpg,mother-son
1172,2,0,mother-son/ms_026_1.jpg,mother-son/ms_227_2.jpg,mother-son
1173,2,0,mother-son/ms_204_1.jpg,mother-son/ms_138_2.jpg,mother-son
1174,2,0,mother-son/ms_212_1.jpg,mother-son/ms_174_2.jpg,mother-son
1175,2,0,mother-son/ms_149_1.jpg,mother-son/ms_238_2.jpg,mother-son
1176,2,0,mother-son/ms_049_1.jpg,mother-son/ms_247_2.jpg,mother-son
1177,2,0,mother-son/ms_053_1.jpg,mother-son/ms_057_2.jpg,mother-son
1178,2,0,mother-son/ms_044_1.jpg,mother-son/ms_188_2.jpg,mother-son
1179,2,0,mother-son/ms_068_1.jpg,mother-son/ms_154_2.jpg,mother-son
1180,2,0,mother-son/ms_174_1.jpg,mother-son/ms_133_2.jpg,mother-son
1181,2,0,mother-son/ms_131_1.jpg,mother-son/ms_053_2.jpg,mother-son
1182,2,0,mother-son/ms_097_1.jpg,mother-son/ms_087_2.jpg,mother-son
1183,2,0,mother-son/ms_112_1.jpg,mother-son/ms_167_2.jpg,mother-son
1184,2,0,mother-son/ms_019_1.jpg,mother-son/ms_203_2.jpg,mother-son
1185,2,0,mother-son/ms_026_1.jpg,mother-son/ms_104_2.jpg,mother-son
1186,2,0,mother-son/ms_057_1.jpg,mother-son/ms_136_2.jpg,mother-son
1187,2,0,mother-son/ms_088_1.jpg,mother-son/ms_174_2.jpg,mother-son
1188,2,0,mother-son/ms_154_1.jpg,mother-son/ms_016_2.jpg,mother-son
1189,2,0,mother-son/ms_174_1.jpg,mother-son/ms_088_2.jpg,mother-son
1190,2,0,mother-son/ms_053_1.jpg,mother-son/ms_188_2.jpg,mother-son
1191,2,0,mother-son/ms_136_1.jpg,mother-son/ms_185_2.jpg,mother-son
1192,2,0,mother-son/ms_111_1.jpg,mother-son/ms_167_2.jpg,mother-son
1193,2,0,mother-son/ms_205_1.jpg,mother-son/ms_138_2.jpg,mother-son
1194,2,0,mother-son/ms_186_1.jpg,mother-son/ms_016_2.jpg,mother-son
1195,2,0,mother-son/ms_002_1.jpg,mother-son/ms_019_2.jpg,mother-son
1196,2,0,mother-son/ms_174_1.jpg,mother-son/ms_112_2.jpg,mother-son
1197,2,0,mother-son/ms_192_1.jpg,mother-son/ms_053_2.jpg,mother-son
1198,2,0,mother-son/ms_131_1.jpg,mother-son/ms_112_2.jpg,mother-son
1199,2,0,mother-son/ms_133_1.jpg,mother-son/ms_087_2.jpg,mother-son
1200,3,1,mother-son/ms_121_1.jpg,mother-son/ms_121_2.jpg,mother-son
1201,3,1,mother-son/ms_036_1.jpg,mother-son/ms_036_2.jpg,mother-son
1202,3,1,mother-son/ms_231_1.jpg,mother-son/ms_231_2.jpg,mother-son
1203,3,1,mother-son/ms_102_1.jpg,mother-son/ms_102_2.jpg,mother-son
1204,3,1,mother-son/ms_048_1.jpg,mother-son/ms_048_2.jpg,mother-son
1205,3,1,mother-son/ms_223_1.jpg,mother-son/ms_223_2.jpg,mother-son
1206,3,1,mother-son/ms_105_1.jpg,mother-son/ms_105_2.jpg,mother-son
1207,3,1,mother-son/ms_129_1.jpg,mother-son/ms_129_2.jpg,mother-son
1208,3,1,mother-son/ms_201_1.jpg,mother-son/ms_201_2.jpg,mother-son
1209,3,1,mother-son/ms_139_1.jpg,mother-son/ms_139_2.jpg,mother-son
1210,3,1,mother-son/ms_173_1.jpg,mother-son/ms_173_2.jpg,mother-son
1211,3,1,mother-son/ms_010_1.jpg,mother-son/ms_010_2.jpg,mother-son
1212,3,1,mother-son/ms_078_1.jpg,mother-son/ms_078_2.jpg,mother-son
1213,3,1,mother-son/ms_033_1.jpg,mother-son/ms_033_2.jpg,mother-son
1214,3,1,mother-son/ms_237_1.jpg,mother-son/ms_237_2.jpg,mother-son
1215,3,1,mother-son/ms_182_1.jpg,mother-son/ms_182_2.jpg,mother-son
1216,3,1,mother-son/ms_151_1.jpg,mother-son/ms_151_2.jpg,mother-son
1217,3,1,mother-son/ms_172_1.jpg,mother-son/ms_172_2.jpg,mother-son
1218,3,1,mother-son/ms_007_1.jpg,mother-son/ms_007_2.jpg,mother-son
1219,3,1,mother-son/ms_236_1.jpg,mother-son/ms_236_2.jpg,mother-son
1220,3,1,mother-son/ms_209_1.jpg,mother-son/ms_209_2.jpg,mother-son
1221,3,1,mother-son/ms_235_1.jpg,mother-son/ms_235_2.jpg,mother-son
1222,3,1,mother-son/ms_115_1.jpg,mother-son/ms_115_2.jpg,mother-son
1223,3,1,mother-son/ms_035_1.jpg,mother-son/ms_035_2.jpg,mother-son
1224,3,1,mother-son/ms_098_1.jpg,mother-son/ms_098_2.jpg,mother-son
1225,3,1,mother-son/ms_179_1.jpg,mother-son/ms_179_2.jpg,mother-son
1226,3,1,mother-son/ms_004_1.jpg,mother-son/ms_004_2.jpg,mother-son
1227,3,1,mother-son/ms_233_1.jpg,mother-son/ms_233_2.jpg,mother-son
1228,3,1,mother-son/ms_061_1.jpg,mother-son/ms_061_2.jpg,mother-son
1229,3,1,mother-son/ms_130_1.jpg,mother-son/ms_130_2.jpg,mother-son
1230,3,1,mother-son/ms_046_1.jpg,mother-son/ms_046_2.jpg,mother-son
1231,3,1,mother-son/ms_103_1.jpg,mother-son/ms_103_2.jpg,mother-son
1232,3,1,mother-son/ms_083_1.jpg,mother-son/ms_083_2.jpg,mother-son
1233,3,1,mother-son/ms_038_1.jpg,mother-son/ms_038_2.jpg,mother-son
1234,3,1,mother-son/ms_109_1.jpg,mother-son/ms_109_2.jpg,mother-son
1235,3,1,mother-son/ms_070_1.jpg,mother-son/ms_070_2.jpg,mother-son
1236,3,1,mother-son/ms_054_1.jpg,mother-son/ms_054_2.jpg,mother-son
1237,3,1,mother-son/ms_077_1.jpg,mother-son/ms_077_2.jpg,mother-son
1238,3,1,mother-son/ms_246_1.jpg,mother-son/ms_246_2.jpg,mother-son
1239,3,1,mother-son/ms_180_1.jpg,mother-son/ms_180_2.jpg,mother-son
1240,3,1,mother-son/ms_116_1.jpg,mother-son/ms_116_2.jpg,mother-son
1241,3,1,mother-son/ms_074_1.jpg,mother-son/ms_074_2.jpg,mother-son
1242,3,1,mother-son/ms_150_1.jpg,mother-son/ms_150_2.jpg,mother-son
1243,3,1,mother-son/ms_107_1.jpg,mother-son/ms_107_2.jpg,mother-son
1244,3,1,mother-son/ms_101_1.jpg,mother-son/ms_101_2.jpg,mother-son
1245,3,1,mother-son/ms_165_1.jpg,mother-son/ms_165_2.jpg,mother-son
1246,3,1,mother-son/ms_206_1.jpg,mother-son/ms_206_2.jpg,mother-son
1247,3,1,mother-son/ms_060_1.jpg,mother-son/ms_060_2.jpg,mother-son
1248,3,1,mother-son/ms_119_1.jpg,mother-son/ms_119_2.jpg,mother-son
1249,3,1,mother-son/ms_028_1.jpg,mother-son/ms_028_2.jpg,mother-son
1250,3,0,mother-son/ms_007_1.jpg,mother-son/ms_107_2.jpg,mother-son
1251,3,0,mother-son/ms_007_1.jpg,mother-son/ms_102_2.jpg,mother-son
1252,3,0,mother-son/ms_139_1.jpg,mother-son/ms_231_2.jpg,mother-son
1253,3,0,mother-son/ms_061_1.jpg,mother-son/ms_105_2.jpg,mother-son
1254,3,0,mother-son/ms_004_1.jpg,mother-son/ms_223_2.jpg,mother-son
1255,3,0,mother-son/ms_246_1.jpg,mother-son/ms_007_2.jpg,mother-son
1256,3,0,mother-son/ms_074_1.jpg,mother-son/ms_231_2.jpg,mother-son
1257,3,0,mother-son/ms_130_1.jpg,mother-son/ms_060_2.jpg,mother-son
1258,3,0,mother-son/ms_237_1.jpg,mother-son/ms_101_2.jpg,mother-son
1259,3,0,mother-son/ms_010_1.jpg,mother-son/ms_206_2.jpg,mother-son
1260,3,0,mother-son/ms_102_1.jpg,mother-son/ms_033_2.jpg,mother-son
1261,3,0,mother-son/ms_028_1.jpg,mother-son/ms_173_2.jpg,mother-son
1262,3,0,mother-son/ms_098_1.jpg,mother-son/ms_237_2.jpg,mother-son
1263,3,0,mother-son/ms_038_1.jpg,mother-son/ms_060_2.jpg,mother-son
1264,3,0,mother-son/ms_246_1.jpg,mother-son/ms_038_2.jpg,mother-son
1265,3,0,mother-son/ms_121_1.jpg,mother-son/ms_237_2.jpg,mother-son
1266,3,0,mother-son/ms_116_1.jpg,mother-son/ms_028_2.jpg,mother-son
1267,3,0,mother-son/ms_121_1.jpg,mother-son/ms_116_2.jpg,mother-son
1268,3,0,mother-son/ms_103_1.jpg,mother-son/ms_061_2.jpg,mother-son
1269,3,0,mother-son/ms_078_1.jpg,mother-son/ms_074_2.jpg,mother-son
1270,3,0,mother-son/ms_033_1.jpg,mother-son/ms_077_2.jpg,mother-son
1271,3,0,mother-son/ms_083_1.jpg,mother-son/ms_173_2.jpg,mother-son
1272,3,0,mother-son/ms_083_1.jpg,mother-son/ms_139_2.jpg,mother-son
1273,3,0,mother-son/ms_103_1.jpg,mother-son/ms_201_2.jpg,mother-son
1274,3,0,mother-son/ms_004_1.jpg,mother-son/ms_103_2.jpg,mother-son
1275,3,0,mother-son/ms_107_1.jpg,mother-son/ms_121_2.jpg,mother-son
1276,3,0,mother-son/ms_182_1.jpg,mother-son/ms_246_2.jpg,mother-son
1277,3,0,mother-son/ms_182_1.jpg,mother-son/ms_206_2.jpg,mother-son
1278,3,0,mother-son/ms_038_1.jpg,mother-son/ms_102_2.jpg,mother-son
1279,3,0,mother-son/ms_102_1.jpg,mother-son/ms_121_2.jpg,mother-son
1280,3,0,mother-son/ms_010_1.jpg,mother-son/ms_179_2.jpg,mother-son
1281,3,0,mother-son/ms_115_1.jpg,mother-son/ms_070_2.jpg,mother-son
1282,3,0,mother-son/ms_130_1.jpg,mother-son/ms_179_2.jpg,mother-son
1283,3,0,mother-son/ms_102_1.jpg,mother-son/ms_139_2.jpg,mother-son
1284,3,0,mother-son/ms_007_1.jpg,mother-son/ms_033_2.jpg,mother-son
1285,3,0,mother-son/ms_246_1.jpg,mother-son/ms_182_2.jpg,mother-son
1286,3,0,mother-son/ms_103_1.jpg,mother-son/ms_028_2.jpg,mother-son
1287,3,0,mother-son/ms_179_1.jpg,mother-son/ms_060_2.jpg,mother-son
1288,3,0,mother-son/ms_074_1.jpg,mother-son/ms_165_2.jpg,mother-son
1289,3,0,mother-son/ms_223_1.jpg,mother-son/ms_116_2.jpg,mother-son
1290,3,0,mother-son/ms_165_1.jpg,mother-son/ms_129_2.jpg,mother-son
1291,3,0,mother-son/ms_105_1.jpg,mother-son/ms_246_2.jpg,mother-son
1292,3,0,mother-son/ms_054_1.jpg,mother-son/ms_083_2.jpg,mother-son
1293,3,0,mother-son/ms_077_1.jpg,mother-son/ms_038_2.jpg,mother-son
1294,3,0,mother-son/ms_101_1.jpg,mother-son/ms_033_2.jpg,mother-son
1295,3,0,mother-son/ms_209_1.jpg,mother-son/ms_173_2.jpg,mother-son
1296,3,0,mother-son/ms_036_1.jpg,mother-son/ms_048_2.jpg,mother-son
1297,3,0,mother-son/ms_150_1.jpg,mother-son/ms_172_2.jpg,mother-son
1298,3,0,mother-son/ms_035_1.jpg,mother-son/ms_165_2.jpg,mother-son
1299,3,0,mother-son/ms_010_1.jpg,mother-son/ms_107_2.jpg,mother-son
1300,4,1,mother-son/ms_003_1.jpg,mother-son/ms_003_2.jpg,mother-son
1301,4,1,mother-son/ms_147_1.jpg,mother-son/ms_147_2.jpg,mother-son
1302,4,1,mother-son/ms_161_1.jpg,mother-son/ms_161_2.jpg,mother-son
1303,4,1,mother-son/ms_160_1.jpg,mother-son/ms_160_2.jpg,mother-son
1304,4,1,mother-son/ms_011_1.jpg,mother-son/ms_011_2.jpg,mother-son
1305,4,1,mother-son/ms_080_1.jpg,mother-son/ms_080_2.jpg,mother-son
1306,4,1,mother-son/ms_249_1.jpg,mother-son/ms_249_2.jpg,mother-son
1307,4,1,mother-son/ms_144_1.jpg,mother-son/ms_144_2.jpg,mother-son
1308,4,1,mother-son/ms_148_1.jpg,mother-son/ms_148_2.jpg,mother-son
1309,4,1,mother-son/ms_168_1.jpg,mother-son/ms_168_2.jpg,mother-son
1310,4,1,mother-son/ms_110_1.jpg,mother-son/ms_110_2.jpg,mother-son
1311,4,1,mother-son/ms_195_1.jpg,mother-son/ms_195_2.jpg,mother-son
1312,4,1,mother-son/ms_132_1.jpg,mother-son/ms_132_2.jpg,mother-son
1313,4,1,mother-son/ms_064_1.jpg,mother-son/ms_064_2.jpg,mother-son
1314,4,1,mother-son/ms_216_1.jpg,mother-son/ms_216_2.jpg,mother-son
1315,4,1,mother-son/ms_244_1.jpg,mother-son/ms_244_2.jpg,mother-son
1316,4,1,mother-son/ms_066_1.jpg,mother-son/ms_066_2.jpg,mother-son
1317,4,1,mother-son/ms_096_1.jpg,mother-son/ms_096_2.jpg,mother-son
1318,4,1,mother-son/ms_218_1.jpg,mother-son/ms_218_2.jpg,mother-son
1319,4,1,mother-son/ms_040_1.jpg,mother-son/ms_040_2.jpg,mother-son
1320,4,1,mother-son/ms_176_1.jpg,mother-son/ms_176_2.jpg,mother-son
1321,4,1,mother-son/ms_114_1.jpg,mother-son/ms_114_2.jpg,mother-son
1322,4,1,mother-son/ms_043_1.jpg,mother-son/ms_043_2.jpg,mother-son
1323,4,1,mother-son/ms_052_1.jpg,mother-son/ms_052_2.jpg,mother-son
1324,4,1,mother-son/ms_157_1.jpg,mother-son/ms_157_2.jpg,mother-son
1325,4,1,mother-son/ms_141_1.jpg,mother-son/ms_141_2.jpg,mother-son
1326,4,1,mother-son/ms_226_1.jpg,mother-son/ms_226_2.jpg,mother-son
1327,4,1,mother-son/ms_170_1.jpg,mother-son/ms_170_2.jpg,mother-son
1328,4,1,mother-son/ms_243_1.jpg,mother-son/ms_243_2.jpg,mother-son
1329,4,1,mother-son/ms_079_1.jpg,mother-son/ms_079_2.jpg,mother-son
1330,4,1,mother-son/ms_056_1.jpg,mother-son/ms_056_2.jpg,mother-son
1331,4,1,mother-son/ms_177_1.jpg,mother-son/ms_177_2.jpg,mother-son
1332,4,1,mother-son/ms_076_1.jpg,mother-son/ms_076_2.jpg,mother-son
1333,4,1,mother-son/ms_047_1.jpg,mother-son/ms_047_2.jpg,mother-son
1334,4,1,mother-son/ms_183_1.jpg,mother-son/ms_183_2.jpg,mother-son
1335,4,1,mother-son/ms_169_1.jpg,mother-son/ms_169_2.jpg,mother-son
1336,4,1,mother-son/ms_135_1.jpg,mother-son/ms_135_2.jpg,mother-son
1337,4,1,mother-son/ms_071_1.jpg,mother-son/ms_071_2.jpg,mother-son
1338,4,1,mother-son/ms_178_1.jpg,mother-son/ms_178_2.jpg,mother-son
1339,4,1,mother-son/ms_250_1.jpg,mother-son/ms_250_2.jpg,mother-son
1340,4,1,mother-son/ms_225_1.jpg,mother-son/ms_225_2.jpg,mother-son
1341,4,1,mother-son/ms_090_1.jpg,mother-son/ms_090_2.jpg,mother-son
1342,4,1,mother-son/ms_014_1.jpg,mother-son/ms_014_2.jpg,mother-son
1343,4,1,mother-son/ms_137_1.jpg,mother-son/ms_137_2.jpg,mother-son
1344,4,1,mother-son/ms_032_1.jpg,mother-son/ms_032_2.jpg,mother-son
1345,4,1,mother-son/ms_108_1.jpg,mother-son/ms_108_2.jpg,mother-son
1346,4,1,mother-son/ms_006_1.jpg,mother-son/ms_006_2.jpg,mother-son
1347,4,1,mother-son/ms_125_1.jpg,mother-son/ms_125_2.jpg,mother-son
1348,4,1,mother-son/ms_113_1.jpg,mother-son/ms_113_2.jpg,mother-son
1349,4,1,mother-son/ms_128_1.jpg,mother-son/ms_128_2.jpg,mother-son
1350,4,0,mother-son/ms_076_1.jpg,mother-son/ms_032_2.jpg,mother-son
1351,4,0,mother-son/ms_157_1.jpg,mother-son/ms_128_2.jpg,mother-son
1352,4,0,mother-son/ms_218_1.jpg,mother-son/ms_226_2.jpg,mother-son
1353,4,0,mother-son/ms_168_1.jpg,mother-son/ms_141_2.jpg,mother-son
1354,4,0,mother-son/ms_114_1.jpg,mother-son/ms_047_2.jpg,mother-son
1355,4,0,mother-son/ms_047_1.jpg,mother-son/ms_125_2.jpg,mother-son
1356,4,0,mother-son/ms_168_1.jpg,mother-son/ms_080_2.jpg,mother-son
1357,4,0,mother-son/ms_243_1.jpg,mother-son/ms_113_2.jpg,mother-son
1358,4,0,mother-son/ms_147_1.jpg,mother-son/ms_137_2.jpg,mother-son
1359,4,0,mother-son/ms_147_1.jpg,mother-son/ms_141_2.jpg,mother-son
1360,4,0,mother-son/ms_168_1.jpg,mother-son/ms_169_2.jpg,mother-son
1361,4,0,mother-son/ms_132_1.jpg,mother-son/ms_006_2.jpg,mother-son
1362,4,0,mother-son/ms_249_1.jpg,mother-son/ms_226_2.jpg,mother-son
1363,4,0,mother-son/ms_032_1.jpg,mother-son/ms_125_2.jpg,mother-son
1364,4,0,mother-son/ms_066_1.jpg,mother-son/ms_114_2.jpg,mother-son
1365,4,0,mother-son/ms_052_1.jpg,mother-son/ms_144_2.jpg,mother-son
1366,4,0,mother-son/ms_249_1.jpg,mother-son/ms_226_2.jpg,mother-son
1367,4,0,mother-son/ms_135_1.jpg,mother-son/ms_040_2.jpg,mother-son
1368,4,0,mother-son/ms_096_1.jpg,mother-son/ms_216_2.jpg,mother-son
1369,4,0,mother-son/ms_137_1.jpg,mother-son/ms_177_2.jpg,mother-son
1370,4,0,mother-son/ms_132_1.jpg,mother-son/ms_113_2.jpg,mother-son
1371,4,0,mother-son/ms_076_1.jpg,mother-son/ms_195_2.jpg,mother-son
1372,4,0,mother-son/ms_249_1.jpg,mother-son/ms_147_2.jpg,mother-son
1373,4,0,mother-son/ms_064_1.jpg,mother-son/ms_080_2.jpg,mother-son
1374,4,0,mother-son/ms_160_1.jpg,mother-son/ms_014_2.jpg,mother-son
1375,4,0,mother-son/ms_168_1.jpg,mother-son/ms_147_2.jpg,mother-son
1376,4,0,mother-son/ms_135_1.jpg,mother-son/ms_226_2.jpg,mother-son
1377,4,0,mother-son/ms_064_1.jpg,mother-son/ms_218_2.jpg,mother-son
1378,4,0,mother-son/ms_003_1.jpg,mother-son/ms_032_2.jpg,mother-son
1379,4,0,mother-son/ms_137_1.jpg,mother-son/ms_132_2.jpg,mother-son
1380,4,0,mother-son/ms_243_1.jpg,mother-son/ms_144_2.jpg,mother-son
1381,4,0,mother-son/ms_079_1.jpg,mother-son/ms_066_2.jpg,mother-son
1382,4,0,mother-son/ms_076_1.jpg,mother-son/ms_137_2.jpg,mother-son
1383,4,0,mother-son/ms_243_1.jpg,mother-son/ms_128_2.jpg,mother-son
1384,4,0,mother-son/ms_250_1.jpg,mother-son/ms_144_2.jpg,mother-son
1385,4,0,mother-son/ms_090_1.jpg,mother-son/ms_168_2.jpg,mother-son
1386,4,0,mother-son/ms_178_1.jpg,mother-son/ms_218_2.jpg,mother-son
1387,4,0,mother-son/ms_056_1.jpg,mother-son/ms_148_2.jpg,mother-son
1388,4,0,mother-son/ms_003_1.jpg,mother-son/ms_250_2.jpg,mother-son
1389,4,0,mother-son/ms_141_1.jpg,mother-son/ms_110_2.jpg,mother-son
1390,4,0,mother-son/ms_161_1.jpg,mother-son/ms_125_2.jpg,mother-son
1391,4,0,mother-son/ms_144_1.jpg,mother-son/ms_040_2.jpg,mother-son
1392,4,0,mother-son/ms_244_1.jpg,mother-son/ms_148_2.jpg,mother-son
1393,4,0,mother-son/ms_032_1.jpg,mother-son/ms_066_2.jpg,mother-son
1394,4,0,mother-son/ms_135_1.jpg,mother-son/ms_176_2.jpg,mother-son
1395,4,0,mother-son/ms_040_1.jpg,mother-son/ms_141_2.jpg,mother-son
1396,4,0,mother-son/ms_148_1.jpg,mother-son/ms_226_2.jpg,mother-son
1397,4,0,mother-son/ms_076_1.jpg,mother-son/ms_003_2.jpg,mother-son
1398,4,0,mother-son/ms_183_1.jpg,mother-son/ms_052_2.jpg,mother-son
1399,4,0,mother-son/ms_011_1.jpg,mother-son/ms_090_2.jpg,mother-son
1400,5,1,mother-son/ms_012_1.jpg,mother-son/ms_012_2.jpg,mother-son
1401,5,1,mother-son/ms_117_1.jpg,mother-son/ms_117_2.jpg,mother-son
1402,5,1,mother-son/ms_081_1.jpg,mother-son/ms_081_2.jpg,mother-son
1403,5,1,mother-son/ms_189_1.jpg,mother-son/ms_189_2.jpg,mother-son
1404,5,1,mother-son/ms_023_1.jpg,mother-son/ms_023_2.jpg,mother-son
1405,5,1,mother-son/ms_234_1.jpg,mother-son/ms_234_2.jpg,mother-son
1406,5,1,mother-son/ms_065_1.jpg,mother-son/ms_065_2.jpg,mother-son
1407,5,1,mother-son/ms_222_1.jpg,mother-son/ms_222_2.jpg,mother-son
1408,5,1,mother-son/ms_009_1.jpg,mother-son/ms_009_2.jpg,mother-son
1409,5,1,mother-son/ms_063_1.jpg,mother-son/ms_063_2.jpg,mother-son
1410,5,1,mother-son/ms_045_1.jpg,mother-son/ms_045_2.jpg,mother-son
1411,5,1,mother-son/ms_041_1.jpg,mother-son/ms_041_2.jpg,mother-son
1412,5,1,mother-son/ms_073_1.jpg,mother-son/ms_073_2.jpg,mother-son
1413,5,1,mother-son/ms_143_1.jpg,mother-son/ms_143_2.jpg,mother-son
1414,5,1,mother-son/ms_197_1.jpg,mother-son/ms_197_2.jpg,mother-son
1415,5,1,mother-son/ms_037_1.jpg,mother-son/ms_037_2.jpg,mother-son
1416,5,1,mother-son/ms_059_1.jpg,mother-son/ms_059_2.jpg,mother-son
1417,5,1,mother-son/ms_232_1.jpg,mother-son/ms_232_2.jpg,mother-son
1418,5,1,mother-son/ms_058_1.jpg,mother-son/ms_058_2.jpg,mother-son
1419,5,1,mother-son/ms_187_1.jpg,mother-son/ms_187_2.jpg,mother-son
1420,5,1,mother-son/ms_210_1.jpg,mother-son/ms_210_2.jpg,mother-son
1421,5,1,mother-son/ms_219_1.jpg,mother-son/ms_219_2.jpg,mother-son
1422,5,1,mother-son/ms_214_1.jpg,mother-son/ms_214_2.jpg,mother-son
1423,5,1,mother-son/ms_123_1.jpg,mother-son/ms_123_2.jpg,mother-son
1424,5,1,mother-son/ms_089_1.jpg,mother-son/ms_089_2.jpg,mother-son
1425,5,1,mother-son/ms_084_1.jpg,mother-son/ms_084_2.jpg,mother-son
1426,5,1,mother-son/ms_224_1.jpg,mother-son/ms_224_2.jpg,mother-son
1427,5,1,mother-son/ms_005_1.jpg,mother-son/ms_005_2.jpg,mother-son
1428,5,1,mother-son/ms_184_1.jpg,mother-son/ms_184_2.jpg,mother-son
1429,5,1,mother-son/ms_020_1.jpg,mother-son/ms_020_2.jpg,mother-son
1430,5,1,mother-son/ms_093_1.jpg,mother-son/ms_093_2.jpg,mother-son
1431,5,1,mother-son/ms_062_1.jpg,mother-son/ms_062_2.jpg,mother-son
1432,5,1,mother-son/ms_239_1.jpg,mother-son/ms_239_2.jpg,mother-son
1433,5,1,mother-son/ms_190_1.jpg,mother-son/ms_190_2.jpg,mother-son
1434,5,1,mother-son/ms_018_1.jpg,mother-son/ms_018_2.jpg,mother-son
1435,5,1,mother-son/ms_013_1.jpg,mother-son/ms_013_2.jpg,mother-son
1436,5,1,mother-son/ms_034_1.jpg,mother-son/ms_034_2.jpg,mother-son
1437,5,1,mother-son/ms_140_1.jpg,mother-son/ms_140_2.jpg,mother-son
1438,5,1,mother-son/ms_211_1.jpg,mother-son/ms_211_2.jpg,mother-son
1439,5,1,mother-son/ms_017_1.jpg,mother-son/ms_017_2.jpg,mother-son
1440,5,1,mother-son/ms_001_1.jpg,mother-son/ms_001_2.jpg,mother-son
1441,5,1,mother-son/ms_082_1.jpg,mother-son/ms_082_2.jpg,mother-son
1442,5,1,mother-son/ms_134_1.jpg,mother-son/ms_134_2.jpg,mother-son
1443,5,1,mother-son/ms_217_1.jpg,mother-son/ms_217_2.jpg,mother-son
1444,5,1,mother-son/ms_126_1.jpg,mother-son/ms_126_2.jpg,mother-son
1445,5,1,mother-son/ms_086_1.jpg,mother-son/ms_086_2.jpg,mother-son
1446,5,1,mother-son/ms_245_1.jpg,mother-son/ms_245_2.jpg,mother-son
1447,5,1,mother-son/ms_100_1.jpg,mother-son/ms_100_2.jpg,mother-son
1448,5,1,mother-son/ms_127_1.jpg,mother-son/ms_127_2.jpg,mother-son
1449,5,1,mother-son/ms_200_1.jpg,mother-son/ms_200_2.jpg,mother-son
1450,5,0,mother-son/ms_063_1.jpg,mother-son/ms_214_2.jpg,mother-son
1451,5,0,mother-son/ms_012_1.jpg,mother-son/ms_037_2.jpg,mother-son
1452,5,0,mother-son/ms_059_1.jpg,mother-son/ms_126_2.jpg,mother-son
1453,5,0,mother-son/ms_123_1.jpg,mother-son/ms_184_2.jpg,mother-son
1454,5,0,mother-son/ms_093_1.jpg,mother-son/ms_190_2.jpg,mother-son
1455,5,0,mother-son/ms_093_1.jpg,mother-son/ms_018_2.jpg,mother-son
1456,5,0,mother-son/ms_084_1.jpg,mother-son/ms_013_2.jpg,mother-son
1457,5,0,mother-son/ms_084_1.jpg,mother-son/ms_093_2.jpg,mother-son
1458,5,0,mother-son/ms_127_1.jpg,mother-son/ms_082_2.jpg,mother-son
1459,5,0,mother-son/ms_037_1.jpg,mother-son/ms_020_2.jpg,mother-son
1460,5,0,mother-son/ms_065_1.jpg,mother-son/ms_073_2.jpg,mother-son
1461,5,0,mother-son/ms_001_1.jpg,mother-son/ms_190_2.jpg,mother-son
1462,5,0,mother-son/ms_012_1.jpg,mother-son/ms_184_2.jpg,mother-son
1463,5,0,mother-son/ms_214_1.jpg,mother-son/ms_086_2.jpg,mother-son
1464,5,0,mother-son/ms_197_1.jpg,mother-son/ms_189_2.jpg,mother-son
1465,5,0,mother-son/ms_123_1.jpg,mother-son/ms_200_2.jpg,mother-son
1466,5,0,mother-son/ms_245_1.jpg,mother-son/ms_184_2.jpg,mother-son
1467,5,0,mother-son/ms_239_1.jpg,mother-son/ms_211_2.jpg,mother-son
1468,5,0,mother-son/ms_234_1.jpg,mother-son/ms_012_2.jpg,mother-son
1469,5,0,mother-son/ms_005_1.jpg,mother-son/ms_012_2.jpg,mother-son
1470,5,0,mother-son/ms_214_1.jpg,mother-son/ms_063_2.jpg,mother-son
1471,5,0,mother-son/ms_017_1.jpg,mother-son/ms_093_2.jpg,mother-son
1472,5,0,mother-son/ms_012_1.jpg,mother-son/ms_126_2.jpg,mother-son
1473,5,0,mother-son/ms_211_1.jpg,mother-son/ms_086_2.jpg,mother-son
1474,5,0,mother-son/ms_140_1.jpg,mother-son/ms_187_2.jpg,mother-son
1475,5,0,mother-son/ms_059_1.jpg,mother-son/ms_084_2.jpg,mother-son
1476,5,0,mother-son/ms_184_1.jpg,mother-son/ms_211_2.jpg,mother-son
1477,5,0,mother-son/ms_211_1.jpg,mother-son/ms_089_2.jpg,mother-son
1478,5,0,mother-son/ms_001_1.jpg,mother-son/ms_123_2.jpg,mother-son
1479,5,0,mother-son/ms_045_1.jpg,mother-son/ms_184_2.jpg,mother-son
1480,5,0,mother-son/ms_100_1.jpg,mother-son/ms_211_2.jpg,mother-son
1481,5,0,mother-son/ms_034_1.jpg,mother-son/ms_217_2.jpg,mother-son
1482,5,0,mother-son/ms_200_1.jpg,mother-son/ms_084_2.jpg,mother-son
1483,5,0,mother-son/ms_062_1.jpg,mother-son/ms_017_2.jpg,mother-son
1484,5,0,mother-son/ms_214_1.jpg,mother-son/ms_224_2.jpg,mother-son
1485,5,0,mother-son/ms_045_1.jpg,mother-son/ms_234_2.jpg,mother-son
1486,5,0,mother-son/ms_222_1.jpg,mother-son/ms_214_2.jpg,mother-son
1487,5,0,mother-son/ms_017_1.jpg,mother-son/ms_197_2.jpg,mother-son
1488,5,0,mother-son/ms_041_1.jpg,mother-son/ms_086_2.jpg,mother-son
1489,5,0,mother-son/ms_012_1.jpg,mother-son/ms_020_2.jpg,mother-son
1490,5,0,mother-son/ms_005_1.jpg,mother-son/ms_239_2.jpg,mother-son
1491,5,0,mother-son/ms_037_1.jpg,mother-son/ms_041_2.jpg,mother-son
1492,5,0,mother-son/ms_210_1.jpg,mother-son/ms_197_2.jpg,mother-son
1493,5,0,mother-son/ms_190_1.jpg,mother-son/ms_245_2.jpg,mother-son
1494,5,0,mother-son/ms_232_1.jpg,mother-son/ms_184_2.jpg,mother-son
1495,5,0,mother-son/ms_234_1.jpg,mother-son/ms_009_2.jpg,mother-son
1496,5,0,mother-son/ms_143_1.jpg,mother-son/ms_005_2.jpg,mother-son
1497,5,0,mother-son/ms_089_1.jpg,mother-son/ms_100_2.jpg,mother-son
1498,5,0,mother-son/ms_041_1.jpg,mother-son/ms_123_2.jpg,mother-son
1499,5,0,mother-son/ms_224_1.jpg,mother-son/ms_017_2.jpg,mother-son
1500,1,1,father-son/fs_240_1.jpg,father-son/fs_240_2.jpg,father-son
1501,1,1,father-son/fs_024_1.jpg,father-son/fs_024_2.jpg,father-son
1502,1,1,father-son/fs_220_1.jpg,father-son/fs_220_2.jpg,father-son
1503,1,1,father-son/fs_092_1.jpg,father-son/fs_092_2.jpg,father-son
1504,1,1,father-son/fs_155_1.jpg,father-son/fs_155_2.jpg,father-son
1505,1,1,father-son/fs_124_1.jpg,father-son/fs_124_2.jpg,father-son
1506,1,1,father-son/fs_031_1.jpg,father-son/fs_031_2.jpg,father-son
1507,1,1,father-son/fs_162_1.jpg,father-son/fs_162_2.jpg,father-son
1508,1,1,father-son/fs_163_1.jpg,father-son/fs_163_2.jpg,father-son
1509,1,1,father-son/fs_008_1.jpg,father-son/fs_008_2.jpg,father-son
1510,1,1,father-son/fs_042_1.jpg,father-son/fs_042_2.jpg,father-son
1511,1,1,father-son/fs_153_1.jpg,father-son/fs_153_2.jpg,father-son
1512,1,1,father-son/fs_159_1.jpg,father-son/fs_159_2.jpg,father-son
1513,1,1,father-son/fs_208_1.jpg,father-son/fs_208_2.jpg,father-son
1514,1,1,father-son/fs_152_1.jpg,father-son/fs_152_2.jpg,father-son
1515,1,1,father-son/fs_242_1.jpg,father-son/fs_242_2.jpg,father-son
1516,1,1,father-son/fs_193_1.jpg,father-son/fs_193_2.jpg,father-son
1517,1,1,father-son/fs_120_1.jpg,father-son/fs_120_2.jpg,father-son
1518,1,1,father-son/fs_166_1.jpg,father-son/fs_166_2.jpg,father-son
1519,1,1,father-son/fs_021_1.jpg,father-son/fs_021_2.jpg,father-son
1520,1,1,father-son/fs_118_1.jpg,father-son/fs_118_2.jpg,father-son
1521,1,1,father-son/fs_099_1.jpg,father-son/fs_099_2.jpg,father-son
1522,1,1,father-son/fs_194_1.jpg,father-son/fs_194_2.jpg,father-son
1523,1,1,father-son/fs_171_1.jpg,father-son/fs_171_2.jpg,father-son
1524,1,1,father-son/fs_158_1.jpg,father-son/fs_158_2.jpg,father-son
1525,1,1,father-son/fs_207_1.jpg,father-son/fs_207_2.jpg,father-son
1526,1,1,father-son/fs_181_1.jpg,father-son/fs_181_2.jpg,father-son
1527,1,1,father-son/fs_145_1.jpg,father-son/fs_145_2.jpg,father-son
1528,1,1,father-son/fs_091_1.jpg,father-son/fs_091_2.jpg,father-son
1529,1,1,father-son/fs_221_1.jpg,father-son/fs_221_2.jpg,father-son
1530,1,1,father-son/fs_025_1.jpg,father-son/fs_025_2.jpg,father-son
1531,1,1,father-son/fs_055_1.jpg,father-son/fs_055_2.jpg,father-son
1532,1,1,father-son/fs_175_1.jpg,father-son/fs_175_2.jpg,father-son
1533,1,1,father-son/fs_229_1.jpg,father-son/fs_229_2.jpg,father-son
1534,1,1,father-son/fs_213_1.jpg,father-son/fs_213_2.jpg,father-son
1535,1,1,father-son/fs_228_1.jpg,father-son/fs_228_2.jpg,father-son
1536,1,1,father-son/fs_199_1.jpg,father-son/fs_199_2.jpg,father-son
1537,1,1,father-son/fs_085_1.jpg,father-son/fs_085_2.jpg,father-son
1538,1,1,father-son/fs_198_1.jpg,father-son/fs_198_2.jpg,father-son
1539,1,1,father-son/fs_015_1.jpg,father-son/fs_015_2.jpg,father-son
1540,1,1,father-son/fs_050_1.jpg,father-son/fs_050_2.jpg,father-son
1541,1,1,father-son/fs_164_1.jpg,father-son/fs_164_2.jpg,father-son
1542,1,1,father-son/fs_196_1.jpg,father-son/fs_196_2.jpg,father-son
1543,1,1,father-son/fs_230_1.jpg,father-son/fs_230_2.jpg,father-son
1544,1,1,father-son/fs_051_1.jpg,father-son/fs_051_2.jpg,father-son
1545,1,1,father-son/fs_027_1.jpg,father-son/fs_027_2.jpg,father-son
1546,1,1,father-son/fs_248_1.jpg,father-son/fs_248_2.jpg,father-son
1547,1,1,father-son/fs_030_1.jpg,father-son/fs_030_2.jpg,father-son
1548,1,1,father-son/fs_094_1.jpg,father-son/fs_094_2.jpg,father-son
1549,1,1,father-son/fs_039_1.jpg,father-son/fs_039_2.jpg,father-son
1550,1,0,father-son/fs_166_1.jpg,father-son/fs_240_2.jpg,father-son
1551,1,0,father-son/fs_118_1.jpg,father-son/fs_085_2.jpg,father-son
1552,1,0,father-son/fs_015_1.jpg,father-son/fs_027_2.jpg,father-son
1553,1,0,father-son/fs_196_1.jpg,father-son/fs_166_2.jpg,father-son
1554,1,0,father-son/fs_055_1.jpg,father-son/fs_199_2.jpg,father-son
1555,1,0,father-son/fs_008_1.jpg,father-son/fs_027_2.jpg,father-son
1556,1,0,father-son/fs_091_1.jpg,father-son/fs_055_2.jpg,father-son
1557,1,0,father-son/fs_153_1.jpg,father-son/fs_145_2.jpg,father-son
1558,1,0,father-son/fs_248_1.jpg,father-son/fs_193_2.jpg,father-son
1559,1,0,father-son/fs_175_1.jpg,father-son/fs_021_2.jpg,father-son
1560,1,0,father-son/fs_055_1.jpg,father-son/fs_213_2.jpg,father-son
1561,1,0,father-son/fs_175_1.jpg,father-son/fs_164_2.jpg,father-son
1562,1,0,father-son/fs_166_1.jpg,father-son/fs_099_2.jpg,father-son
1563,1,0,father-son/fs_228_1.jpg,father-son/fs_207_2.jpg,father-son
1564,1,0,father-son/fs_198_1.jpg,father-son/fs_158_2.jpg,father-son
1565,1,0,father-son/fs_008_1.jpg,father-son/fs_228_2.jpg,father-son
1566,1,0,father-son/fs_039_1.jpg,father-son/fs_050_2.jpg,father-son
1567,1,0,father-son/fs_228_1.jpg,father-son/fs_158_2.jpg,father-son
1568,1,0,father-son/fs_124_1.jpg,father-son/fs_229_2.jpg,father-son
1569,1,0,father-son/fs_166_1.jpg,father-son/fs_162_2.jpg,father-son
1570,1,0,father-son/fs_091_1.jpg,father-son/fs_164_2.jpg,father-son
1571,1,0,father-son/fs_229_1.jpg,father-son/fs_039_2.jpg,father-son
1572,1,0,father-son/fs_094_1.jpg,father-son/fs_220_2.jpg,father-son
1573,1,0,father-son/fs_166_1.jpg,father-son/fs_145_2.jpg,father-son
1574,1,0,father-son/fs_208_1.jpg,father-son/fs_221_2.jpg,father-son
1575,1,0,father-son/fs_220_1.jpg,father-son/fs_091_2.jpg,father-son
1576,1,0,father-son/fs_228_1.jpg,father-son/fs_094_2.jpg,father-son
1577,1,0,father-son/fs_099_1.jpg,father-son/fs_055_2.jpg,father-son
1578,1,0,father-son/fs_050_1.jpg,father-son/fs_155_2.jpg,father-son
1579,1,0,father-son/fs_025_1.jpg,father-son/fs_159_2.jpg,father-son
1580,1,0,father-son/fs_230_1.jpg,father-son/fs_207_2.jpg,father-son
1581,1,0,father-son/fs_199_1.jpg,father-son/fs_099_2.jpg,father-son
1582,1,0,father-son/fs_094_1.jpg,father-son/fs_092_2.jpg,father-son
1583,1,0,father-son/fs_145_1.jpg,father-son/fs_152_2.jpg,father-son
1584,1,0,father-son/fs_196_1.jpg,father-son/fs_193_2.jpg,father-son
1585,1,0,father-son/fs_213_1.jpg,father-son/fs_220_2.jpg,father-son
1586,1,0,father-son/fs_120_1.jpg,father-son/fs_158_2.jpg,father-son
1587,1,0,father-son/fs_099_1.jpg,father-son/fs_091_2.jpg,father-son
1588,1,0,father-son/fs_025_1.jpg,father-son/fs_124_2.jpg,father-son
1589,1,0,father-son/fs_051_1.jpg,father-son/fs_085_2.jpg,father-son
1590,1,0,father-son/fs_229_1.jpg,father-son/fs_042_2.jpg,father-son
1591,1,0,father-son/fs_208_1.jpg,father-son/fs_055_2.jpg,father-son
1592,1,0,father-son/fs_181_1.jpg,father-son/fs_220_2.jpg,father-son
1593,1,0,father-son/fs_155_1.jpg,father-son/fs_208_2.jpg,father-son
1594,1,0,father-son/fs_118_1.jpg,father-son/fs_171_2.jpg,father-son
1595,1,0,father-son/fs_027_1.jpg,father-son/fs_221_2.jpg,father-son
1596,1,0,father-son/fs_193_1.jpg,father-son/fs_171_2.jpg,father-son
1597,1,0,father-son/fs_221_1.jpg,father-son/fs_163_2.jpg,father-son
1598,1,0,father-son/fs_164_1.jpg,father-son/fs_030_2.jpg,father-son
1599,1,0,father-son/fs_221_1.jpg,father-son/fs_024_2.jpg,father-son
1600,2,1,father-son/fs_026_1.jpg,father-son/fs_026_2.jpg,father-son
1601,2,1,father-son/fs_146_1.jpg,father-son/fs_146_2.jpg,father-son
1602,2,1,father-son/fs_111_1.jpg,father-son/fs_111_2.jpg,father-son
1603,2,1,father-son/fs_142_1.jpg,father-son/fs_142_2.jpg,father-son
1604,2,1,father-son/fs_131_1.jpg,father-son/fs_131_2.jpg,father-son
1605,2,1,father-son/fs_106_1.jpg,father-son/fs_106_2.jpg,father-son
1606,2,1,father-son/fs_002_1.jpg,father-son/fs_002_2.jpg,father-son
1607,2,1,father-son/fs_191_1.jpg,father-son/fs_191_2.jpg,father-son
1608,2,1,father-son/fs_188_1.jpg,father-son/fs_188_2.jpg,father-son
1609,2,1,father-son/fs_215_1.jpg,father-son/fs_215_2.jpg,father-son
1610,2,1,father-son/fs_192_1.jpg,father-son/fs_192_2.jpg,father-son
1611,2,1,father-son/fs_088_1.jpg,father-son/fs_088_2.jpg,father-son
1612,2,1,father-son/fs_186_1.jpg,father-son/fs_186_2.jpg,father-son
1613,2,1,father-son/fs_212_1.jpg,father-son/fs_212_2.jpg,father-son
1614,2,1,father-son/fs_138_1.jpg,father-son/fs_138_2.jpg,father-son
1615,2,1,father-son/fs_087_1.jpg,father-son/fs_087_2.jpg,father-son
1616,2,1,father-son/fs_029_1.jpg,father-son/fs_029_2.jpg,father-son
1617,2,1,father-son/fs_185_1.jpg,father-son/fs_185_2.jpg,father-son
1618,2,1,father-son/fs_097_1.jpg,father-son/fs_097_2.jpg,father-son
1619,2,1,father-son/fs_068_1.jpg,father-son/fs_068_2.jpg,father-son
1620,2,1,father-son/fs_241_1.jpg,father-son/fs_241_2.jpg,father-son
1621,2,1,father-son/fs_095_1.jpg,father-son/fs_095_2.jpg,father-son
1622,2,1,father-son/fs_053_1.jpg,father-son/fs_053_2.jpg,father-son
1623,2,1,father-son/fs_049_1.jpg,father-son/fs_049_2.jpg,father-son
1624,2,1,father-son/fs_122_1.jpg,father-son/fs_122_2.jpg,father-son
1625,2,1,father-son/fs_072_1.jpg,father-son/fs_072_2.jpg,father-son
1626,2,1,father-son/fs_154_1.jpg,father-son/fs_154_2.jpg,father-son
1627,2,1,father-son/fs_203_1.jpg,father-son/fs_203_2.jpg,father-son
1628,2,1,father-son/fs_133_1.jpg,father-son/fs_133_2.jpg,father-son
1629,2,1,father-son/fs_104_1.jpg,father-son/fs_104_2.jpg,father-son
1630,2,1,father-son/fs_202_1.jpg,father-son/fs_202_2.jpg,father-son
1631,2,1,father-son/fs_069_1.jpg,father-son/fs_069_2.jpg,father-son
1632,2,1,father-son/fs_067_1.jpg,father-son/fs_067_2.jpg,father-son
1633,2,1,father-son/fs_227_1.jpg,father-son/fs_227_2.jpg,father-son
1634,2,1,father-son/fs_022_1.jpg,father-son/fs_022_2.jpg,father-son
1635,2,1,father-son/fs_174_1.jpg,father-son/fs_174_2.jpg,father-son
1636,2,1,father-son/fs_204_1.jpg,father-son/fs_204_2.jpg,father-son
1637,2,1,father-son/fs_167_1.jpg,father-son/fs_167_2.jpg,father-son
1638,2,1,father-son/fs_075_1.jpg,father-son/fs_075_2.jpg,father-son
1639,2,1,father-son/fs_149_1.jpg,father-son/fs_149_2.jpg,father-son
1640,2,1,father-son/fs_057_1.jpg,father-son/fs_057_2.jpg,father-son
1641,2,1,father-son/fs_044_1.jpg,father-son/fs_044_2.jpg,father-son
1642,2,1,father-son/fs_112_1.jpg,father-son/fs_112_2.jpg,father-son
1643,2,1,father-son/fs_156_1.jpg,father-son/fs_156_2.jpg,father-son
1644,2,1,father-son/fs_205_1.jpg,father-son/fs_205_2.jpg,father-son
1645,2,1,father-son/fs_247_1.jpg,father-son/fs_247_2.jpg,father-son
1646,2,1,father-son/fs_016_1.jpg,father-son/fs_016_2.jpg,father-son
1647,2,1,father-son/fs_019_1.jpg,father-son/fs_019_2.jpg,father-son
1648,2,1,father-son/fs_136_1.jpg,father-son/fs_136_2.jpg,father-son
1649,2,1,father-son/fs_238_1.jpg,father-son/fs_238_2.jpg,father-son
1650,2,0,father-son/fs_057_1.jpg,father-son/fs_202_2.jpg,father-son
1651,2,0,father-son/fs_174_1.jpg,father-son/fs_131_2.jpg,father-son
1652,2,0,father-son/fs_095_1.jpg,father-son/fs_097_2.jpg,father-son
1653,2,0,father-son/fs_188_1.jpg,father-son/fs_044_2.jpg,father-son
1654,2,0,father-son/fs_044_1.jpg,father-son/fs_053_2.jpg,father-son
1655,2,0,father-son/fs_019_1.jpg,father-son/fs_191_2.jpg,father-son
1656,2,0,father-son/fs_156_1.jpg,father-son/fs_075_2.jpg,father-son
1657,2,0,father-son/fs_053_1.jpg,father-son/fs_069_2.jpg,father-son
1658,2,0,father-son/fs_019_1.jpg,father-son/fs_067_2.jpg,father-son
1659,2,0,father-son/fs_186_1.jpg,father-son/fs_185_2.jpg,father-son
1660,2,0,father-son/fs_215_1.jpg,father-son/fs_122_2.jpg,father-son
1661,2,0,father-son/fs_241_1.jpg,father-son/fs_049_2.jpg,father-son
1662,2,0,father-son/fs_202_1.jpg,father-son/fs_142_2.jpg,father-son
1663,2,0,father-son/fs_087_1.jpg,father-son/fs_202_2.jpg,father-son
1664,2,0,father-son/fs_188_1.jpg,father-son/fs_069_2.jpg,father-son
1665,2,0,father-son/fs_186_1.jpg,father-son/fs_104_2.jpg,father-son
1666,2,0,father-son/fs_203_1.jpg,father-son/fs_019_2.jpg,father-son
1667,2,0,father-son/fs_185_1.jpg,father-son/fs_241_2.jpg,father-son
1668,2,0,father-son/fs_087_1.jpg,father-son/fs_241_2.jpg,father-son
1669,2,0,father-son/fs_138_1.jpg,father-son/fs_068_2.jpg,father-son
1670,2,0,father-son/fs_072_1.jpg,father-son/fs_204_2.jpg,father-son
1671,2,0,father-son/fs_087_1.jpg,father-son/fs_106_2.jpg,father-son
1672,2,0,father-son/fs_026_1.jpg,father-son/fs_227_2.jpg,father-son
1673,2,0,father-son/fs_204_1.jpg,father-son/fs_138_2.jpg,father-son
1674,2,0,father-son/fs_212_1.jpg,father-son/fs_174_2.jpg,father-son
1675,2,0,father-son/fs_149_1.jpg,father-son/fs_238_2.jpg,father-son
1676,2,0,father-son/fs_049_1.jpg,father-son/fs_247_2.jpg,father-son
1677,2,0,father-son/fs_053_1.jpg,father-son/fs_057_2.jpg,father-son
1678,2,0,father-son/fs_044_1.jpg,father-son/fs_188_2.jpg,father-son
1679,2,0,father-son/fs_068_1.jpg,father-son/fs_154_2.jpg,father-son
1680,2,0,father-son/fs_174_1.jpg,father-son/fs_133_2.jpg,father-son
1681,2,0,father-son/fs_131_1.jpg,father-son/fs_053_2.jpg,father-son
1682,2,0,father-son/fs_097_1.jpg,father-son/fs_087_2.jpg,father-son
1683,2,0,father-son/fs_112_1.jpg,father-son/fs_167_2.jpg,father-son
1684,2,0,father-son/fs_019_1.jpg,father-son/fs_203_2.jpg,father-son
1685,2,0,father-son/fs_026_1.jpg,father-son/fs_104_2.jpg,father-son
1686,2,0,father-son/fs_057_1.jpg,father-son/fs_136_2.jpg,father-son
1687,2,0,father-son/fs_088_1.jpg,father-son/fs_174_2.jpg,father-son
1688,2,0,father-son/fs_154_1.jpg,father-son/fs_016_2.jpg,father-son
1689,2,0,father-son/fs_174_1.jpg,father-son/fs_088_2.jpg,father-son
1690,2,0,father-son/fs_053_1.jpg,father-son/fs_188_2.jpg,father-son
1691,2,0,father-son/fs_136_1.jpg,father-son/fs_185_2.jpg,father-son
1692,2,0,father-son/fs_111_1.jpg,father-son/fs_167_2.jpg,father-son
1693,2,0,father-son/fs_205_1.jpg,father-son/fs_138_2.jpg,father-son
1694,2,0,father-son/fs_186_1.jpg,father-son/fs_016_2.jpg,father-son
1695,2,0,father-son/fs_002_1.jpg,father-son/fs_019_2.jpg,father-son
1696,2,0,father-son/fs_174_1.jpg,father-son/fs_112_2.jpg,father-son
1697,2,0,father-son/fs_192_1.jpg,father-son/fs_053_2.jpg,father-son
1698,2,0,father-son/fs_131_1.jpg,father-son/fs_112_2.jpg,father-son
1699,2,0,father-son/fs_133_1.jpg,father-son/fs_087_2.jpg,father-son
1700,3,1,father-son/fs_121_1.jpg,father-son/fs_121_2.jpg,father-son
1701,3,1,father-son/fs_036_1.jpg,father-son/fs_036_2.jpg,father-son
1702,3,1,father-son/fs_231_1.jpg,father-son/fs_231_2.jpg,father-son
1703,3,1,father-son/fs_102_1.jpg,father-son/fs_102_2.jpg,father-son
1704,3,1,father-son/fs_048_1.jpg,father-son/fs_048_2.jpg,father-son
1705,3,1,father-son/fs_223_1.jpg,father-son/fs_223_2.jpg,father-son
1706,3,1,father-son/fs_105_1.jpg,father-son/fs_105_2.jpg,father-son
1707,3,1,father-son/fs_129_1.jpg,father-son/fs_129_2.jpg,father-son
1708,3,1,father-son/fs_201_1.jpg,father-son/fs_201_2.jpg,father-son
1709,3,1,father-son/fs_139_1.jpg,father-son/fs_139_2.jpg,father-son
1710,3,1,father-son/fs_173_1.jpg,father-son/fs_173_2.jpg,father-son
1711,3,1,father-son/fs_010_1.jpg,father-son/fs_010_2.jpg,father-son
1712,3,1,father-son/fs_078_1.jpg,father-son/fs_078_2.jpg,father-son
1713,3,1,father-son/fs_033_1.jpg,father-son/fs_033_2.jpg,father-son
1714,3,1,father-son/fs_237_1.jpg,father-son/fs_237_2.jpg,father-son
1715,3,1,father-son/fs_182_1.jpg,father-son/fs_182_2.jpg,father-son
1716,3,1,father-son/fs_151_1.jpg,father-son/fs_151_2.jpg,father-son
1717,3,1,father-son/fs_172_1.jpg,father-son/fs_172_2.jpg,father-son
1718,3,1,father-son/fs_007_1.jpg,father-son/fs_007_2.jpg,father-son
1719,3,1,father-son/fs_236_1.jpg,father-son/fs_236_2.jpg,father-son
1720,3,1,father-son/fs_209_1.jpg,father-son/fs_209_2.jpg,father-son
1721,3,1,father-son/fs_235_1.jpg,father-son/fs_235_2.jpg,father-son
1722,3,1,father-son/fs_115_1.jpg,father-son/fs_115_2.jpg,father-son
1723,3,1,father-son/fs_035_1.jpg,father-son/fs_035_2.jpg,father-son
1724,3,1,father-son/fs_098_1.jpg,father-son/fs_098_2.jpg,father-son
1725,3,1,father-son/fs_179_1.jpg,father-son/fs_179_2.jpg,father-son
1726,3,1,father-son/fs_004_1.jpg,father-son/fs_004_2.jpg,father-son
1727,3,1,father-son/fs_233_1.jpg,father-son/fs_233_2.jpg,father-son
1728,3,1,father-son/fs_061_1.jpg,father-son/fs_061_2.jpg,father-son
1729,3,1,father-son/fs_130_1.jpg,father-son/fs_130_2.jpg,father-son
1730,3,1,father-son/fs_046_1.jpg,father-son/fs_046_2.jpg,father-son
1731,3,1,father-son/fs_103_1.jpg,father-son/fs_103_2.jpg,father-son
1732,3,1,father-son/fs_083_1.jpg,father-son/fs_083_2.jpg,father-son
1733,3,1,father-son/fs_038_1.jpg,father-son/fs_038_2.jpg,father-son
1734,3,1,father-son/fs_109_1.jpg,father-son/fs_109_2.jpg,father-son
1735,3,1,father-son/fs_070_1.jpg,father-son/fs_070_2.jpg,father-son
1736,3,1,father-son/fs_054_1.jpg,father-son/fs_054_2.jpg,father-son
1737,3,1,father-son/fs_077_1.jpg,father-son/fs_077_2.jpg,father-son
1738,3,1,father-son/fs_246_1.jpg,father-son/fs_246_2.jpg,father-son
1739,3,1,father-son/fs_180_1.jpg,father-son/fs_180_2.jpg,father-son
1740,3,1,father-son/fs_116_1.jpg,father-son/fs_116_2.jpg,father-son
1741,3,1,father-son/fs_074_1.jpg,father-son/fs_074_2.jpg,father-son
1742,3,1,father-son/fs_150_1.jpg,father-son/fs_150_2.jpg,father-son
1743,3,1,father-son/fs_107_1.jpg,father-son/fs_107_2.jpg,father-son
1744,3,1,father-son/fs_101_1.jpg,father-son/fs_101_2.jpg,father-son
1745,3,1,father-son/fs_165_1.jpg,father-son/fs_165_2.jpg,father-son
1746,3,1,father-son/fs_206_1.jpg,father-son/fs_206_2.jpg,father-son
1747,3,1,father-son/fs_060_1.jpg,father-son/fs_060_2.jpg,father-son
1748,3,1,father-son/fs_119_1.jpg,father-son/fs_119_2.jpg,father-son
1749,3,1,father-son/fs_028_1.jpg,father-son/fs_028_2.jpg,father-son
1750,3,0,father-son/fs_007_1.jpg,father-son/fs_107_2.jpg,father-son
1751,3,0,father-son/fs_007_1.jpg,father-son/fs_102_2.jpg,father-son
1752,3,0,father-son/fs_139_1.jpg,father-son/fs_231_2.jpg,father-son
1753,3,0,father-son/fs_061_1.jpg,father-son/fs_105_2.jpg,father-son
1754,3,0,father-son/fs_004_1.jpg,father-son/fs_223_2.jpg,father-son
1755,3,0,father-son/fs_246_1.jpg,father-son/fs_007_2.jpg,father-son
1756,3,0,father-son/fs_074_1.jpg,father-son/fs_231_2.jpg,father-son
1757,3,0,father-son/fs_130_1.jpg,father-son/fs_060_2.jpg,father-son
1758,3,0,father-son/fs_237_1.jpg,father-son/fs_101_2.jpg,father-son
1759,3,0,father-son/fs_010_1.jpg,father-son/fs_206_2.jpg,father-son
1760,3,0,father-son/fs_102_1.jpg,father-son/fs_033_2.jpg,father-son
1761,3,0,father-son/fs_028_1.jpg,father-son/fs_173_2.jpg,father-son
1762,3,0,father-son/fs_098_1.jpg,father-son/fs_237_2.jpg,father-son
1763,3,0,father-son/fs_038_1.jpg,father-son/fs_060_2.jpg,father-son
1764,3,0,father-son/fs_246_1.jpg,father-son/fs_038_2.jpg,father-son
1765,3,0,father-son/fs_121_1.jpg,father-son/fs_237_2.jpg,father-son
1766,3,0,father-son/fs_116_1.jpg,father-son/fs_028_2.jpg,father-son
1767,3,0,father-son/fs_121_1.jpg,father-son/fs_116_2.jpg,father-son
1768,3,0,father-son/fs_103_1.jpg,father-son/fs_061_2.jpg,father-son
1769,3,0,father-son/fs_078_1.jpg,father-son/fs_074_2.jpg,father-son
1770,3,0,father-son/fs_033_1.jpg,father-son/fs_077_2.jpg,father-son
1771,3,0,father-son/fs_083_1.jpg,father-son/fs_173_2.jpg,father-son
1772,3,0,father-son/fs_083_1.jpg,father-son/fs_139_2.jpg,father-son
1773,3,0,father-son/fs_103_1.jpg,father-son/fs_201_2.jpg,father-son
1774,3,0,father-son/fs_004_1.jpg,father-son/fs_103_2.jpg,father-son
1775,3,0,father-son/fs_107_1.jpg,father-son/fs_121_2.jpg,father-son
1776,3,0,father-son/fs_182_1.jpg,father-son/fs_246_2.jpg,father-son
1777,3,0,father-son/fs_182_1.jpg,father-son/fs_206_2.jpg,father-son
1778,3,0,father-son/fs_038_1.jpg,father-son/fs_102_2.jpg,father-son
1779,3,0,father-son/fs_102_1.jpg,father-son/fs_121_2.jpg,father-son
1780,3,0,father-son/fs_010_1.jpg,father-son/fs_179_2.jpg,father-son
1781,3,0,father-son/fs_115_1.jpg,father-son/fs_070_2.jpg,father-son
1782,3,0,father-son/fs_130_1.jpg,father-son/fs_179_2.jpg,father-son
1783,3,0,father-son/fs_102_1.jpg,father-son/fs_139_2.jpg,father-son
1784,3,0,father-son/fs_007_1.jpg,father-son/fs_033_2.jpg,father-son
1785,3,0,father-son/fs_246_1.jpg,father-son/fs_182_2.jpg,father-son
1786,3,0,father-son/fs_103_1.jpg,father-son/fs_028_2.jpg,father-son
1787,3,0,father-son/fs_179_1.jpg,father-son/fs_060_2.jpg,father-son
1788,3,0,father-son/fs_074_1.jpg,father-son/fs_165_2.jpg,father-son
1789,3,0,father-son/fs_223_1.jpg,father-son/fs_116_2.jpg,father-son
1790,3,0,father-son/fs_165_1.jpg,father-son/fs_129_2.jpg,father-son
1791,3,0,father-son/fs_105_1.jpg,father-son/fs_246_2.jpg,father-son
1792,3,0,father-son/fs_054_1.jpg,father-son/fs_083_2.jpg,father-son
1793,3,0,father-son/fs_077_1.jpg,father-son/fs_038_2.jpg,father-son
1794,3,0,father-son/fs_101_1.jpg,father-son/fs_033_2.jpg,father-son
1795,3,0,father-son/fs_209_1.jpg,father-son/fs_173_2.jpg,father-son
1796,3,0,father-son/fs_036_1.jpg,father-son/fs_048_2.jpg,father-son
1797,3,0,father-son/fs_150_1.jpg,father-son/fs_172_2.jpg,father-son
1798,3,0,father-son/fs_035_1.jpg,father-son/fs_165_2.jpg,father-son
1799,3,0,father-son/fs_010_1.jpg,father-son/fs_107_2.jpg,father-son
1800,4,1,father-son/fs_003_1.jpg,father-son/fs_003_2.jpg,father-son
1801,4,1,father-son/fs_147_1.jpg,father-son/fs_147_2.jpg,father-son
1802,4,1,father-son/fs_161_1.jpg,father-son/fs_161_2.jpg,father-son
1803,4,1,father-son/fs_160_1.jpg,father-son/fs_160_2.jpg,father-son
1804,4,1,father-son/fs_011_1.jpg,father-son/fs_011_2.jpg,father-son
1805,4,1,father-son/fs_080_1.jpg,father-son/fs_080_2.jpg,father-son
1806,4,1,father-son/fs_249_1.jpg,father-son/fs_249_2.jpg,father-son
1807,4,1,father-son/fs_144_1.jpg,father-son/fs_144_2.jpg,father-son
1808,4,1,father-son/fs_148_1.jpg,father-son/fs_148_2.jpg,father-son
1809,4,1,father-son/fs_168_1.jpg,father-son/fs_168_2.jpg,father-son
1810,4,1,father-son/fs_110_1.jpg,father-son/fs_110_2.jpg,father-son
1811,4,1,father-son/fs_195_1.jpg,father-son/fs_195_2.jpg,father-son
1812,4,1,father-son/fs_132_1.jpg,father-son/fs_132_2.jpg,father-son
1813,4,1,father-son/fs_064_1.jpg,father-son/fs_064_2.jpg,father-son
1814,4,1,father-son/fs_216_1.jpg,father-son/fs_216_2.jpg,father-son
1815,4,1,father-son/fs_244_1.jpg,father-son/fs_244_2.jpg,father-son
1816,4,1,father-son/fs_066_1.jpg,father-son/fs_066_2.jpg,father-son
1817,4,1,father-son/fs_096_1.jpg,father-son/fs_096_2.jpg,father-son
1818,4,1,father-son/fs_218_1.jpg,father-son/fs_218_2.jpg,father-son
1819,4,1,father-son/fs_040_1.jpg,father-son/fs_040_2.jpg,father-son
1820,4,1,father-son/fs_176_1.jpg,father-son/fs_176_2.jpg,father-son
1821,4,1,father-son/fs_114_1.jpg,father-son/fs_114_2.jpg,father-son
1822,4,1,father-son/fs_043_1.jpg,father-son/fs_043_2.jpg,father-son
1823,4,1,father-son/fs_052_1.jpg,father-son/fs_052_2.jpg,father-son
1824,4,1,father-son/fs_157_1.jpg,father-son/fs_157_2.jpg,father-son
1825,4,1,father-son/fs_141_1.jpg,father-son/fs_141_2.jpg,father-son
1826,4,1,father-son/fs_226_1.jpg,father-son/fs_226_2.jpg,father-son
1827,4,1,father-son/fs_170_1.jpg,father-son/fs_170_2.jpg,father-son
1828,4,1,father-son/fs_243_1.jpg,father-son/fs_243_2.jpg,father-son
1829,4,1,father-son/fs_079_1.jpg,father-son/fs_079_2.jpg,father-son
1830,4,1,father-son/fs_056_1.jpg,father-son/fs_056_2.jpg,father-son
1831,4,1,father-son/fs_177_1.jpg,father-son/fs_177_2.jpg,father-son
1832,4,1,father-son/fs_076_1.jpg,father-son/fs_076_2.jpg,father-son
1833,4,1,father-son/fs_047_1.jpg,father-son/fs_047_2.jpg,father-son
1834,4,1,father-son/fs_183_1.jpg,father-son/fs_183_2.jpg,father-son
1835,4,1,father-son/fs_169_1.jpg,father-son/fs_169_2.jpg,father-son
1836,4,1,father-son/fs_135_1.jpg,father-son/fs_135_2.jpg,father-son
1837,4,1,father-son/fs_071_1.jpg,father-son/fs_071_2.jpg,father-son
1838,4,1,father-son/fs_178_1.jpg,father-son/fs_178_2.jpg,father-son
1839,4,1,father-son/fs_250_1.jpg,father-son/fs_250_2.jpg,father-son
1840,4,1,father-son/fs_225_1.jpg,father-son/fs_225_2.jpg,father-son
1841,4,1,father-son/fs_090_1.jpg,father-son/fs_090_2.jpg,father-son
1842,4,1,father-son/fs_014_1.jpg,father-son/fs_014_2.jpg,father-son
1843,4,1,father-son/fs_137_1.jpg,father-son/fs_137_2.jpg,father-son
1844,4,1,father-son/fs_032_1.jpg,father-son/fs_032_2.jpg,father-son
1845,4,1,father-son/fs_108_1.jpg,father-son/fs_108_2.jpg,father-son
1846,4,1,father-son/fs_006_1.jpg,father-son/fs_006_2.jpg,father-son
1847,4,1,father-son/fs_125_1.jpg,father-son/fs_125_2.jpg,father-son
1848,4,1,father-son/fs_113_1.jpg,father-son/fs_113_2.jpg,father-son
1849,4,1,father-son/fs_128_1.jpg,father-son/fs_128_2.jpg,father-son
1850,4,0,father-son/fs_076_1.jpg,father-son/fs_032_2.jpg,father-son
1851,4,0,father-son/fs_157_1.jpg,father-son/fs_128_2.jpg,father-son
1852,4,0,father-son/fs_218_1.jpg,father-son/fs_226_2.jpg,father-son
1853,4,0,father-son/fs_168_1.jpg,father-son/fs_141_2.jpg,father-son
1854,4,0,father-son/fs_114_1.jpg,father-son/fs_047_2.jpg,father-son
1855,4,0,father-son/fs_047_1.jpg,father-son/fs_125_2.jpg,father-son
1856,4,0,father-son/fs_168_1.jpg,father-son/fs_080_2.jpg,father-son
1857,4,0,father-son/fs_243_1.jpg,father-son/fs_113_2.jpg,father-son
1858,4,0,father-son/fs_147_1.jpg,father-son/fs_137_2.jpg,father-son
1859,4,0,father-son/fs_147_1.jpg,father-son/fs_141_2.jpg,father-son
1860,4,0,father-son/fs_168_1.jpg,father-son/fs_169_2.jpg,father-son
1861,4,0,father-son/fs_132_1.jpg,father-son/fs_006_2.jpg,father-son
1862,4,0,father-son/fs_249_1.jpg,father-son/fs_226_2.jpg,father-son
1863,4,0,father-son/fs_032_1.jpg,father-son/fs_125_2.jpg,father-son
1864,4,0,father-son/fs_066_1.jpg,father-son/fs_114_2.jpg,father-son
1865,4,0,father-son/fs_052_1.jpg,father-son/fs_144_2.jpg,father-son
1866,4,0,father-son/fs_249_1.jpg,father-son/fs_226_2.jpg,father-son
1867,4,0,father-son/fs_135_1.jpg,father-son/fs_040_2.jpg,father-son
1868,4,0,father-son/fs_096_1.jpg,father-son/fs_216_2.jpg,father-son
1869,4,0,father-son/fs_137_1.jpg,father-son/fs_177_2.jpg,father-son
1870,4,0,father-son/fs_132_1.jpg,father-son/fs_113_2.jpg,father-son
1871,4,0,father-son/fs_076_1.jpg,father-son/fs_195_2.jpg,father-son
1872,4,0,father-son/fs_249_1.jpg,father-son/fs_147_2.jpg,father-son
1873,4,0,father-son/fs_064_1.jpg,father-son/fs_080_2.jpg,father-son
1874,4,0,father-son/fs_160_1.jpg,father-son/fs_014_2.jpg,father-son
1875,4,0,father-son/fs_168_1.jpg,father-son/fs_147_2.jpg,father-son
1876,4,0,father-son/fs_135_1.jpg,father-son/fs_226_2.jpg,father-son
1877,4,0,father-son/fs_064_1.jpg,father-son/fs_218_2.jpg,father-son
1878,4,0,father-son/fs_003_1.jpg,father-son/fs_032_2.jpg,father-son
1879,4,0,father-son/fs_137_1.jpg,father-son/fs_132_2.jpg,father-son
1880,4,0,father-son/fs_243_1.jpg,father-son/fs_144_2.jpg,father-son
1881,4,0,father-son/fs_079_1.jpg,father-son/fs_066_2.jpg,father-son
1882,4,0,father-son/fs_076_1.jpg,father-son/fs_137_2.jpg,father-son
1883,4,0,father-son/fs_243_1.jpg,father-son/fs_128_2.jpg,father-son
1884,4,0,father-son/fs_250_1.jpg,father-son/fs_144_2.jpg,father-son
1885,4,0,father-son/fs_090_1.jpg,father-son/fs_168_2.jpg,father-son
1886,4,0,father-son/fs_178_1.jpg,father-son/fs_218_2.jpg,father-son
1887,4,0,father-son/fs_056_1.jpg,father-son/fs_148_2.jpg,father-son
1888,4,0,father-son/fs_003_1.jpg,father-son/fs_250_2.jpg,father-son
1889,4,0,father-son/fs_141_1.jpg,father-son/fs_110_2.jpg,father-son
1890,4,0,father-son/fs_161_1.jpg,father-son/fs_125_2.jpg,father-son
1891,4,0,father-son/fs_144_1.jpg,father-son/fs_040_2.jpg,father-son
1892,4,0,father-son/fs_244_1.jpg,father-son/fs_148_2.jpg,father-son
1893,4,0,father-son/fs_032_1.jpg,father-son/fs_066_2.jpg,father-son
1894,4,0,father-son/fs_135_1.jpg,father-son/fs_176_2.jpg,father-son
1895,4,0,father-son/fs_040_1.jpg,father-son/fs_141_2.jpg,father-son
1896,4,0,father-son/fs_148_1.jpg,father-son/fs_226_2.jpg,father-son
1897,4,0,father-son/fs_076_1.jpg,father-son/fs_003_2.jpg,father-son
1898,4,0,father-son/fs_183_1.jpg,father-son/fs_052_2.jpg,father-son
1899,4,0,father-son/fs_011_1.jpg,father-son/fs_090_2.jpg,father-son
1900,5,1,father-son/fs_012_1.jpg,father-son/fs_012_2.jpg,father-son
1901,5,1,father-son/fs_117_1.jpg,father-son/fs_117_2.jpg,father-son
1902,5,1,father-son/fs_081_1.jpg,father-son/fs_081_2.jpg,father-son
1903,5,1,father-son/fs_189_1.jpg,father-son/fs_189_2.jpg,father-son
1904,5,1,father-son/fs_023_1.jpg,father-son/fs_023_2.jpg,father-son
1905,5,1,father-son/fs_234_1.jpg,father-son/fs_234_2.jpg,father-son
1906,5,1,father-son/fs_065_1.jpg,father-son/fs_065_2.jpg,father-son
1907,5,1,father-son/fs_222_1.jpg,father-son/fs_222_2.jpg,father-son
1908,5,1,father-son/fs_009_1.jpg,father-son/fs_009_2.jpg,father-son
1909,5,1,father-son/fs_063_1.jpg,father-son/fs_063_2.jpg,father-son
1910,5,1,father-son/fs_045_1.jpg,father-son/fs_045_2.jpg,father-son
1911,5,1,father-son/fs_041_1.jpg,father-son/fs_041_2.jpg,father-son
1912,5,1,father-son/fs_073_1.jpg,father-son/fs_073_2.jpg,father-son
1913,5,1,father-son/fs_143_1.jpg,father-son/fs_143_2.jpg,father-son
1914,5,1,father-son/fs_197_1.jpg,father-son/fs_197_2.jpg,father-son
1915,5,1,father-son/fs_037_1.jpg,father-son/fs_037_2.jpg,father-son
1916,5,1,father-son/fs_059_1.jpg,father-son/fs_059_2.jpg,father-son
1917,5,1,father-son/fs_232_1.jpg,father-son/fs_232_2.jpg,father-son
1918,5,1,father-son/fs_058_1.jpg,father-son/fs_058_2.jpg,father-son
1919,5,1,father-son/fs_187_1.jpg,father-son/fs_187_2.jpg,father-son
1920,5,1,father-son/fs_210_1.jpg,father-son/fs_210_2.jpg,father-son
1921,5,1,father-son/fs_219_1.jpg,father-son/fs_219_2.jpg,father-son
1922,5,1,father-son/fs_214_1.jpg,father-son/fs_214_2.jpg,father-son
1923,5,1,father-son/fs_123_1.jpg,father-son/fs_123_2.jpg,father-son
1924,5,1,father-son/fs_089_1.jpg,father-son/fs_089_2.jpg,father-son
1925,5,1,father-son/fs_084_1.jpg,father-son/fs_084_2.jpg,father-son
1926,5,1,father-son/fs_224_1.jpg,father-son/fs_224_2.jpg,father-son
1927,5,1,father-son/fs_005_1.jpg,father-son/fs_005_2.jpg,father-son
1928,5,1,father-son/fs_184_1.jpg,father-son/fs_184_2.jpg,father-son
1929,5,1,father-son/fs_020_1.jpg,father-son/fs_020_2.jpg,father-son
1930,5,1,father-son/fs_093_1.jpg,father-son/fs_093_2.jpg,father-son
1931,5,1,father-son/fs_062_1.jpg,father-son/fs_062_2.jpg,father-son
1932,5,1,father-son/fs_239_1.jpg,father-son/fs_239_2.jpg,father-son
1933,5,1,father-son/fs_190_1.jpg,father-son/fs_190_2.jpg,father-son
1934,5,1,father-son/fs_018_1.jpg,father-son/fs_018_2.jpg,father-son
1935,5,1,father-son/fs_013_1.jpg,father-son/fs_013_2.jpg,father-son
1936,5,1,father-son/fs_034_1.jpg,father-son/fs_034_2.jpg,father-son
1937,5,1,father-son/fs_140_1.jpg,father-son/fs_140_2.jpg,father-son
1938,5,1,father-son/fs_211_1.jpg,father-son/fs_211_2.jpg,father-son
1939,5,1,father-son/fs_017_1.jpg,father-son/fs_017_2.jpg,father-son
1940,5,1,father-son/fs_001_1.jpg,father-son/fs_001_2.jpg,father-son
1941,5,1,father-son/fs_082_1.jpg,father-son/fs_082_2.jpg,father-son
1942,5,1,father-son/fs_134_1.jpg,father-son/fs_134_2.jpg,father-son
1943,5,1,father-son/fs_217_1.jpg,father-son/fs_217_2.jpg,father-son
1944,5,1,father-son/fs_126_1.jpg,father-son/fs_126_2.jpg,father-son
1945,5,1,father-son/fs_086_1.jpg,father-son/fs_086_2.jpg,father-son
1946,5,1,father-son/fs_245_1.jpg,father-son/fs_245_2.jpg,father-son
1947,5,1,father-son/fs_100_1.jpg,father-son/fs_100_2.jpg,father-son
1948,5,1,father-son/fs_127_1.jpg,father-son/fs_127_2.jpg,father-son
1949,5,1,father-son/fs_200_1.jpg,father-son/fs_200_2.jpg,father-son
1950,5,0,father-son/fs_063_1.jpg,father-son/fs_214_2.jpg,father-son
1951,5,0,father-son/fs_012_1.jpg,father-son/fs_037_2.jpg,father-son
1952,5,0,father-son/fs_059_1.jpg,father-son/fs_126_2.jpg,father-son
1953,5,0,father-son/fs_123_1.jpg,father-son/fs_184_2.jpg,father-son
1954,5,0,father-son/fs_093_1.jpg,father-son/fs_190_2.jpg,father-son
1955,5,0,father-son/fs_093_1.jpg,father-son/fs_018_2.jpg,father-son
1956,5,0,father-son/fs_084_1.jpg,father-son/fs_013_2.jpg,father-son
1957,5,0,father-son/fs_084_1.jpg,father-son/fs_093_2.jpg,father-son
1958,5,0,father-son/fs_127_1.jpg,father-son/fs_082_2.jpg,father-son
1959,5,0,father-son/fs_037_1.jpg,father-son/fs_020_2.jpg,father-son
1960,5,0,father-son/fs_065_1.jpg,father-son/fs_073_2.jpg,father-son
1961,5,0,father-son/fs_001_1.jpg,father-son/fs_190_2.jpg,father-son
1962,5,0,father-son/fs_012_1.jpg,father-son/fs_184_2.jpg,father-son
1963,5,0,father-son/fs_214_1.jpg,father-son/fs_086_2.jpg,father-son
1964,5,0,father-son/fs_197_1.jpg,father-son/fs_189_2.jpg,father-son
1965,5,0,father-son/fs_123_1.jpg,father-son/fs_200_2.jpg,father-son
1966,5,0,father-son/fs_245_1.jpg,father-son/fs_184_2.jpg,father-son
1967,5,0,father-son/fs_239_1.jpg,father-son/fs_211_2.jpg,father-son
1968,5,0,father-son/fs_234_1.jpg,father-son/fs_012_2.jpg,father-son
1969,5,0,father-son/fs_005_1.jpg,father-son/fs_012_2.jpg,father-son
1970,5,0,father-son/fs_214_1.jpg,father-son/fs_063_2.jpg,father-son
1971,5,0,father-son/fs_017_1.jpg,father-son/fs_093_2.jpg,father-son
1972,5,0,father-son/fs_012_1.jpg,father-son/fs_126_2.jpg,father-son
1973,5,0,father-son/fs_211_1.jpg,father-son/fs_086_2.jpg,father-son
1974,5,0,father-son/fs_140_1.jpg,father-son/fs_187_2.jpg,father-son
1975,5,0,father-son/fs_059_1.jpg,father-son/fs_084_2.jpg,father-son
1976,5,0,father-son/fs_184_1.jpg,father-son/fs_211_2.jpg,father-son
1977,5,0,father-son/fs_211_1.jpg,father-son/fs_089_2.jpg,father-son
1978,5,0,father-son/fs_001_1.jpg,father-son/fs_123_2.jpg,father-son
1979,5,0,father-son/fs_045_1.jpg,father-son/fs_184_2.jpg,father-son
1980,5,0,father-son/fs_100_1.jpg,father-son/fs_211_2.jpg,father-son
1981,5,0,father-son/fs_034_1.jpg,father-son/fs_217_2.jpg,father-son
1982,5,0,father-son/fs_200_1.jpg,father-son/fs_084_2.jpg,father-son
1983,5,0,father-son/fs_062_1.jpg,father-son/fs_017_2.jpg,father-son
1984,5,0,father-son/fs_214_1.jpg,father-son/fs_224_2.jpg,father-son
1985,5,0,father-son/fs_045_1.jpg,father-son/fs_234_2.jpg,father-son
1986,5,0,father-son/fs_222_1.jpg,father-son/fs_214_2.jpg,father-son
1987,5,0,father-son/fs_017_1.jpg,father-son/fs_197_2.jpg,father-son
1988,5,0,father-son/fs_041_1.jpg,father-son/fs_086_2.jpg,father-son
1989,5,0,father-son/fs_012_1.jpg,father-son/fs_020_2.jpg,father-son
1990,5,0,father-son/fs_005_1.jpg,father-son/fs_239_2.jpg,father-son
1991,5,0,father-son/fs_037_1.jpg,father-son/fs_041_2.jpg,father-son
1992,5,0,father-son/fs_210_1.jpg,father-son/fs_197_2.jpg,father-son
1993,5,0,father-son/fs_190_1.jpg,father-son/fs_245_2.jpg,father-son
1994,5,0,father-son/fs_232_1.jpg,father-son/fs_184_2.jpg,father-son
1995,5,0,father-son/fs_234_1.jpg,father-son/fs_009_2.jpg,father-son
1996,5,0,father-son/fs_143_1.jpg,father-son/fs_005_2.jpg,father-son
1997,5,0,father-son/fs_089_1.jpg,father-son/fs_100_2.jpg,father-son
1998,5,0,father-son/fs_041_1.jpg,father-son/fs_123_2.jpg,father-son
1999,5,0,father-son/fs_224_1.jpg,father-son/fs_017_2.jpg,father-son
