person1,person2,relationship,family
Q1484216,Q2570,parent - child,2681
Q314834,Q2593,parent - child,4026
Q3266318,Q2757,parent - child,4479
Q328667,Q2757,parent - child,4479
Q238402,Q2831,parent - child,542
Q361297,Q2831,parent - child,542
Q16492,Q80,parent - child,519
Q5166696,Q80,parent - child,519
Q23505,Q207,parent - child,680
Q4100648,Q207,grandparent - child,680
Q190628,Q207,parent - child,680
Q6173642,Q320,parent - child,438
Q1649494,Q320,parent - child,438
Q475,Q326,parent - child,2332
Q5695438,Q326,parent - child,2332
Q3898147,Q329,parent - child,786
Q21198370,Q360,parent - child,5467
Q470313,Q409,parent - child,148
Q222805,Q1464,parent - child,2874
Q1480,Q1464,parent - child,2874
Q777997,Q853,parent - child,1638
Q2582389,Q927,parent - child,428
Q105529920,Q1058,parent - child,2567
Q4112334,Q1124,parent - child,2239
Q3646297,Q1203,parent - child,862
Q7496354,Q1784,parent - child,5420
Q49463421,Q2072,parent - child,6254
Q12973,Q12976,parent - child,87
Q230238,Q12976,parent - child,87
Q6761976,Q13133,parent - child,5356
Q167520,Q13909,parent - child,2207
Q51535,Q14441,parent - child,908
Q11637,Q14441,parent - child,908
Q17499761,Q15031,parent - child,4339
Q301282,Q15031,parent - child,4339
Q4902971,Q11901,parent - child,962
Q2636085,Q11901,grandparent - child,962
Q1747204,Q11901,parent - child,962
Q12085,Q12105,parent - child,1149
Q1985246,Q12498,parent - child,2134
Q923742,Q12823,parent - child,1048
Q23908557,Q12823,parent - child,1048
Q7109912,Q12878,parent - child,3820
Q2502098,Q12897,parent - child,2722
Q7177,Q12927,parent - child,2330
Q3082008,Q12931,parent - child,1676
Q15980250,Q15897,parent - child,5666
Q60633179,Q15935,parent - child,4216
Q15988,Q16004,parent - child,87
Q160984,Q16004,parent - child,87
Q12973,Q16004,grandparent - child,87
Q230238,Q16004,grandparent - child,87
Q712093,Q16397,parent - child,2972
Q23034463,Q16397,parent - child,2972
Q350761,Q17493,parent - child,3421
Q3369827,Q18301,parent - child,3399
Q3435778,Q40715,parent - child,5043
Q7942260,Q40890,parent - child,5029
Q19155,Q41142,parent - child,1782
Q10961701,Q41142,parent - child,1782
Q315051,Q41396,parent - child,719
Q1393716,Q29176,parent - child,5505
Q57304,Q29574,parent - child,171
Q154946,Q29574,parent - child,171
Q336222,Q24356,parent - child,542
Q238402,Q24356,grandparent - child,542
Q361297,Q24356,grandparent - child,542
Q178237,Q24591,parent - child,5817
Q1332856,Q25369,parent - child,4130
Q535976,Q26233,parent - child,5975
Q484288,Q27350,parent - child,4524
Q374960,Q27677,parent - child,451
Q183532,Q28170,parent - child,637
Q104266,Q28170,parent - child,637
Q718691,Q28755,parent - child,3035
Q4818309,Q3772,parent - child,5461
Q3925,Q3910,parent - child,2123
Q185025,Q3910,parent - child,2123
Q12973,Q3911,parent - child,87
Q230238,Q3911,parent - child,87
Q356261,Q4223,parent - child,5109
Q7561735,Q4223,parent - child,5109
Q231259,Q4235,parent - child,1440
Q155385,Q4414,parent - child,1623
Q519985,Q4461,parent - child,4828
Q710739,Q4461,parent - child,4828
Q4983802,Q4488,parent - child,3702
Q3247018,Q4496,parent - child,1881
Q520275,Q4496,parent - child,1881
Q1818635,Q4505,parent - child,434
Q554175,Q4593,parent - child,1546
Q1149,Q4593,parent - child,1546
Q1176300,Q4617,parent - child,742
Q684014,Q5284,parent - child,4111
Q5368,Q5370,parent - child,3558
Q758132,Q53009,parent - child,1578
Q3849223,Q53046,parent - child,3383
Q2086841,Q53120,parent - child,1257
Q191375,Q52183,parent - child,376
Q18988084,Q52183,parent - child,376
Q461633,Q41533,parent - child,3660
Q5623170,Q42455,parent - child,1001
Q344997,Q42598,parent - child,247
Q9682,Q43274,parent - child,502
Q80976,Q43274,parent - child,502
Q291721,Q43330,parent - child,5141
Q1919736,Q18802,parent - child,1472
Q3108674,Q18947,parent - child,1967
Q348209,Q18953,parent - child,419
Q311171,Q18982,parent - child,371
Q577160,Q19673,parent - child,2625
Q235128,Q19943,parent - child,697
Q313857,Q19943,parent - child,697
Q553682,Q21822,parent - child,1138
Q6196159,Q22237,parent - child,5033
Q1946678,Q22338,parent - child,351
Q448813,Q22360,parent - child,424
Q3752663,Q22686,parent - child,1187
Q102479,Q22939,parent - child,4568
Q1139435,Q23466,parent - child,2960
Q5623885,Q23466,parent - child,2960
Q3617943,Q23466,grandparent - child,2960
Q4100648,Q23505,parent - child,680
Q102259740,Q23547,parent - child,6121
Q3138805,Q23844,parent - child,5935
Q16219166,Q23858,parent - child,1215
Q16219163,Q23858,parent - child,1215
Q932181,Q24053,parent - child,5728
Q6381789,Q24159,parent - child,1337
Q24049012,Q24159,parent - child,1337
Q10861998,Q5809,parent - child,2717
Q2273636,Q6107,parent - child,2465
Q3394760,Q6107,parent - child,2465
Q5298463,Q6294,parent - child,2239
Q65705909,Q7327,parent - child,941
Q1110336,Q8027,parent - child,2420
Q11588,Q7526,parent - child,5936
Q5549108,Q7526,parent - child,5936
Q3194740,Q7536,parent - child,6209
Q611891,Q7539,parent - child,4162
Q1151149,Q43558,parent - child,1608
Q818507,Q43723,parent - child,1017
Q565947,Q43754,parent - child,1479
Q27670296,Q44040,parent - child,1908
Q2399793,Q44144,parent - child,5948
Q1283268,Q44221,parent - child,2588
Q438537,Q44221,parent - child,2588
Q464313,Q44301,parent - child,3028
Q118725,Q44329,parent - child,1137
Q12180950,Q44329,parent - child,1137
Q708554,Q44430,parent - child,885
Q529384,Q44449,parent - child,3641
Q725400,Q44449,grandparent - child,3641
Q1341997,Q44671,parent - child,4055
Q1068550,Q44683,parent - child,4735
Q887338,Q44690,parent - child,4273
Q109595288,Q44752,parent - child,495
Q1201395,Q44781,parent - child,5838
Q238402,Q44855,parent - child,542
Q361297,Q44855,parent - child,542
Q1729895,Q60934,parent - child,2282
Q66963,Q61041,parent - child,2340
Q61624,Q61041,parent - child,2340
Q713195,Q53944,parent - child,5417
Q156548,Q54386,parent - child,697
Q155394,Q54386,grandparent - child,697
Q61351,Q54386,grandparent - child,697
Q19943,Q54386,parent - child,697
Q235128,Q54386,grandparent - child,697
Q313857,Q54386,grandparent - child,697
Q7688725,Q54688,parent - child,2742
Q593919,Q54688,grandparent - child,2742
Q231259,Q54867,parent - child,1440
Q231259,Q54868,parent - child,1440
Q550045,Q55183,parent - child,768
Q208116,Q55207,parent - child,1525
Q208116,Q55208,parent - child,1525
Q9354507,Q55390,parent - child,3213
Q560197,Q55407,parent - child,155
Q3266318,Q55917,parent - child,4479
Q328667,Q55917,parent - child,4479
Q571803,Q55937,parent - child,1730
Q15473742,Q55964,parent - child,688
Q10665,Q56226,parent - child,1016
Q41117,Q56226,grandparent - child,1016
Q463949,Q56226,grandparent - child,1016
Q2566308,Q29342,parent - child,5382
Q7789441,Q31112,parent - child,1927
Q4200577,Q31543,parent - child,129
Q439841,Q32522,parent - child,5520
Q4130854,Q32620,parent - child,158
Q8071389,Q32732,parent - child,5194
Q766374,Q33605,parent - child,591
Q327424,Q34413,parent - child,189
Q131355,Q34413,parent - child,189
Q40064,Q34460,parent - child,1224
Q1670959,Q61460,parent - child,5876
Q949046,Q34253,parent - child,74
Q1367643,Q34253,grandparent - child,74
Q465702,Q34389,parent - child,4156
Q16089753,Q34896,parent - child,1182
Q153717,Q34896,parent - child,1182
Q2623520,Q36153,parent - child,3600
Q18676875,Q36233,parent - child,4466
Q194161,Q36740,parent - child,2713
Q16012101,Q36740,parent - child,2713
Q9685,Q36812,parent - child,502
Q43274,Q36812,parent - child,502
Q9682,Q36812,grandparent - child,502
Q80976,Q36812,grandparent - child,502
Q4267518,Q44903,parent - child,5064
Q4116923,Q44903,parent - child,5064
Q347374,Q45068,parent - child,1305
Q57626,Q45068,parent - child,1305
Q4494624,Q45088,parent - child,3101
Q694596,Q45230,parent - child,3514
Q506592,Q45362,parent - child,1052
Q5533114,Q45362,parent - child,1052
Q1609586,Q46018,parent - child,2731
Q1389230,Q46502,parent - child,4276
Q257217,Q47100,parent - child,619
Q316857,Q47100,parent - child,619
Q437710,Q47122,parent - child,185
Q122003,Q47122,parent - child,185
Q2869507,Q47139,parent - child,5764
Q723488,Q47213,parent - child,4945
Q33635,Q48622,parent - child,2326
Q379157,Q48622,parent - child,2326
Q269898,Q57464,parent - child,43
Q146906,Q57464,parent - child,43
Q4116074,Q57464,grandparent - child,43
Q294365,Q57464,grandparent - child,43
Q19300851,Q7747,parent - child,256
Q19300864,Q7747,parent - child,256
Q5359015,Q8440,parent - child,4464
Q15784029,Q8877,parent - child,1751
Q23034445,Q8927,parent - child,3977
Q7404563,Q9543,parent - child,3100
Q9575,Q9570,parent - child,2688
Q98491,Q61988,parent - child,3224
Q53453,Q56818,parent - child,986
Q66049,Q57183,parent - child,6070
Q356264,Q57269,parent - child,839
Q231281,Q57287,parent - child,1018
Q154912,Q57287,parent - child,1018
Q4919438,Q57319,parent - child,3270
Q160318,Q57319,parent - child,3270
Q4926056,Q57319,grandparent - child,3270
Q114899566,Q57327,parent - child,687
Q40512,Q57327,parent - child,687
Q879869,Q57331,parent - child,1802
Q444261,Q57340,parent - child,2595
Q309650,Q57352,parent - child,4877
Q63575,Q57355,parent - child,1081
Q311442,Q57355,grandparent - child,1081
Q237341,Q57355,grandparent - child,1081
Q66353,Q57364,parent - child,241
Q157451,Q57371,parent - child,1973
Q4062333,Q57371,parent - child,1973
Q2564518,Q57376,parent - child,266
Q200273,Q57376,parent - child,266
Q18049690,Q57376,grandparent - child,266
Q298020,Q57376,grandparent - child,266
Q135547,Q57416,parent - child,3299
Q219962,Q57449,parent - child,3864
Q7383270,Q57449,parent - child,3864
Q165674,Q57454,parent - child,49
Q255679,Q57454,parent - child,49
Q51139,Q51143,parent - child,5418
Q1338730,Q50612,parent - child,5979
Q3770384,Q47602,parent - child,1728
Q948705,Q47899,parent - child,910
Q808971,Q47899,grandparent - child,910
Q269846,Q47899,parent - child,910
Q15432349,Q48613,parent - child,4292
Q15432349,Q48617,parent - child,4292
Q379157,Q48619,parent - child,2326
Q49027,Q49026,parent - child,1122
Q3664119,Q49026,parent - child,1122
Q460202,Q49819,parent - child,2776
Q177588,Q50838,parent - child,1033
Q6304541,Q10125,parent - child,3696
Q4593,Q10218,parent - child,1546
Q554175,Q10218,grandparent - child,1546
Q1149,Q10218,grandparent - child,1546
Q163225,Q10218,parent - child,1546
Q4993396,Q10390,parent - child,1862
Q665850,Q10390,parent - child,1862
Q14244505,Q10479,parent - child,2303
Q14244952,Q10479,parent - child,2303
Q3128,Q10505,parent - child,2583
Q6224173,Q10510,parent - child,2793
Q41117,Q10665,parent - child,1016
Q463949,Q10665,parent - child,1016
Q1356412,Q10738,parent - child,28
Q22122581,Q10819,parent - child,1090
Q1103503,Q10837,parent - child,4667
Q3272839,Q10993,parent - child,4093
Q1959913,Q11459,parent - child,2836
Q7099217,Q11459,parent - child,2836
Q1959913,Q11578,parent - child,2836
Q7099217,Q11578,parent - child,2836
Q105078267,Q11581,parent - child,2175
Q327514,Q11607,parent - child,3630
Q521145,Q11673,parent - child,4421
Q2886807,Q11674,parent - child,5501
Q172083,Q57521,parent - child,5881
Q887243,Q57523,parent - child,1372
Q544951,Q57537,parent - child,898
Q69103,Q57553,parent - child,109
Q193874,Q57553,grandparent - child,109
Q131248,Q57643,parent - child,3392
Q1076140,Q57643,parent - child,3392
Q733312,Q57655,parent - child,4052
Q645228,Q57657,parent - child,2246
Q377977,Q57665,parent - child,863
Q13025801,Q57670,parent - child,3056
Q60452,Q63907,parent - child,3575
Q635489,Q64217,parent - child,4032
Q1090835,Q39805,parent - child,1655
Q2361659,Q40026,parent - child,5534
Q8877,Q40057,parent - child,1751
Q15784029,Q40057,grandparent - child,1751
Q40162,Q40057,parent - child,1751
Q172653,Q40103,parent - child,3020
Q655550,Q40262,parent - child,1253
Q979363,Q40503,parent - child,2029
Q12701632,Q57675,parent - child,4836
Q264516,Q57675,parent - child,4836
Q308215,Q57899,parent - child,3335
Q277665,Q58112,parent - child,1031
Q1395425,Q58112,grandparent - child,1031
Q3737725,Q58140,parent - child,4877
Q57352,Q58140,parent - child,4877
Q309650,Q58140,grandparent - child,4877
Q4120092,Q58156,parent - child,626
Q217167,Q58156,parent - child,626
Q114899566,Q58233,parent - child,687
Q40512,Q58233,parent - child,687
Q220991,Q58299,parent - child,5798
Q167846,Q58301,parent - child,826
Q26772600,Q58336,parent - child,1245
Q57558,Q58336,parent - child,1245
Q112062,Q58603,parent - child,2354
Q449296,Q69640,parent - child,2725
Q320813,Q70130,parent - child,486
Q230697,Q37979,parent - child,1145
Q34479,Q37979,parent - child,1145
Q291798,Q38351,parent - child,4471
Q173107,Q62018,parent - child,3305
Q1296712,Q62253,parent - child,1100
Q88430,Q62319,parent - child,397
Q3440008,Q62354,parent - child,5471
Q11951748,Q62361,parent - child,50
Q186692,Q62361,parent - child,50
Q57202,Q62496,parent - child,1473
Q2033547,Q62547,parent - child,5146
Q60045,Q62789,parent - child,2316
Q92144,Q63033,parent - child,165
Q57292,Q63033,parent - child,165
Q64106,Q70966,parent - child,5104
Q62346,Q71077,parent - child,1343
Q66553,Q71176,parent - child,3971
Q467676,Q64650,parent - child,210
Q90315,Q65126,parent - child,657
Q91337,Q65511,parent - child,3480
Q311442,Q63575,parent - child,1081
Q237341,Q63575,parent - child,1081
Q5294850,Q63587,parent - child,4730
Q13816180,Q62795,parent - child,3025
Q685581,Q62845,parent - child,3627
Q212957,Q62852,parent - child,1675
Q1559143,Q62852,parent - child,1675
Q112065,Q63228,parent - child,1778
Q235832,Q63284,parent - child,4117
Q648036,Q60304,parent - child,2690
Q438784,Q60304,grandparent - child,2690
Q3103681,Q60304,grandparent - child,2690
Q17278940,Q60772,parent - child,1785
Q69045,Q60772,parent - child,1785
Q2790139,Q60711,parent - child,649
Q954329,Q58073,parent - child,1156
Q4373161,Q58077,parent - child,602
Q728501,Q58121,parent - child,5973
Q3167186,Q58168,parent - child,1632
Q1166146,Q58190,parent - child,3508
Q1964821,Q58195,parent - child,1934
Q5582074,Q58260,parent - child,157
Q19936297,Q58449,parent - child,3657
Q725519,Q58735,parent - child,5285
Q708314,Q58760,parent - child,5370
Q536393,Q59635,parent - child,1008
Q61079,Q74913,parent - child,4499
Q3293631,Q75057,parent - child,5877
Q171381,Q75820,parent - child,3974
Q57733,Q75841,parent - child,132
Q72524,Q75900,parent - child,618
Q75882,Q75900,parent - child,618
Q11951748,Q71487,parent - child,50
Q186692,Q71487,parent - child,50
Q215856,Q71490,parent - child,5676
Q120145,Q71658,parent - child,6055
Q63284,Q71778,parent - child,4117
Q235832,Q71778,grandparent - child,4117
Q19749103,Q76156,parent - child,3870
Q981398,Q76167,parent - child,4938
Q76127,Q76179,parent - child,312
Q468519,Q76179,parent - child,312
Q55419,Q76711,parent - child,851
Q102772,Q76924,parent - child,2007
Q97122,Q76924,grandparent - child,2007
Q317568,Q78912,parent - child,5478
Q78689,Q79175,parent - child,3552
Q4387550,Q79231,parent - child,4820
Q79301,Q79294,parent - child,785
Q724549,Q80407,parent - child,1568
Q28736609,Q87485,parent - child,3282
Q916187,Q87768,parent - child,2695
Q1602452,Q87945,parent - child,3953
Q77335,Q77555,parent - child,520
Q76343,Q77555,parent - child,520
Q1806197,Q66843,parent - child,3620
Q65350,Q67039,parent - child,3200
Q60452,Q72612,parent - child,3575
Q65643427,Q72612,parent - child,3575
Q3624578,Q72716,parent - child,429
Q65906,Q72816,parent - child,3307
Q85910,Q73197,parent - child,867
Q159099,Q77100,parent - child,2643
Q443387,Q77100,grandparent - child,2643
Q1913787,Q88471,parent - child,2924
Q87436,Q88566,parent - child,5587
Q76021,Q88669,parent - child,3338
Q64726,Q88669,parent - child,3338
Q1894727,Q88719,parent - child,2129
Q84524,Q88719,grandparent - child,2129
Q66992,Q88917,parent - child,3385
Q84365,Q89182,parent - child,250
Q88587,Q89332,parent - child,1312
Q86150,Q89491,parent - child,2941
Q262013,Q73217,parent - child,3611
Q2571161,Q73626,parent - child,6141
Q60455,Q73662,parent - child,4392
Q315551,Q73942,parent - child,5390
Q120748,Q74144,parent - child,983
Q93075,Q74200,parent - child,1595
Q19689221,Q74200,grandparent - child,1595
Q1712106,Q74200,parent - child,1595
Q546941,Q74209,parent - child,494
Q61430,Q74398,parent - child,3002
Q66872,Q74817,parent - child,1667
Q60045,Q67704,parent - child,2316
Q58039,Q67917,parent - child,2212
Q14524660,Q68025,parent - child,2876
Q120426,Q68025,parent - child,2876
Q60452,Q68439,parent - child,3575
Q65643427,Q68439,parent - child,3575
Q10331778,Q74720,parent - child,1840
Q707440,Q81324,parent - child,945
Q4459837,Q81826,parent - child,330
Q14566152,Q82221,parent - child,3709
Q10320642,Q82275,parent - child,2202
Q6369927,Q82593,parent - child,4998
Q311126,Q82593,parent - child,4998
Q274064,Q82864,parent - child,3227
Q24350866,Q82918,parent - child,3954
Q1264337,Q83182,parent - child,5514
Q1701620,Q83677,parent - child,4914
Q3079387,Q84084,parent - child,2260
Q23048720,Q84199,parent - child,5780
Q207166,Q84272,parent - child,3474
Q2077184,Q68329,parent - child,2275
Q193874,Q69103,parent - child,109
Q318034,Q77550,parent - child,6136
Q311442,Q77937,parent - child,1081
Q237341,Q77937,parent - child,1081
Q91337,Q77968,parent - child,3480
Q1302365,Q78121,parent - child,88
Q69420,Q78201,parent - child,6167
Q21209,Q78328,parent - child,2468
Q44620,Q78415,parent - child,1854
Q1896920,Q78415,parent - child,1854
Q38302,Q78469,parent - child,1176
Q62327,Q78469,parent - child,1176
Q90266,Q78499,parent - child,716
Q77335,Q78515,parent - child,520
Q76343,Q78515,parent - child,520
Q1515457,Q89528,parent - child,3500
Q78388,Q89528,grandparent - child,3500
Q76876,Q89528,grandparent - child,3500
Q108918,Q89860,parent - child,1258
Q69640,Q90067,parent - child,2725
Q449296,Q90067,grandparent - child,2725
Q110415,Q90246,parent - child,641
Q887122,Q90246,parent - child,641
Q5359936,Q90250,parent - child,5867
Q95344779,Q90362,parent - child,5559
Q2514,Q99300,parent - child,3919
Q462355,Q99300,parent - child,3919
Q76357,Q99590,parent - child,525
Q1512020,Q100230,parent - child,473
Q626354,Q78216,parent - child,4239
Q15791692,Q78465,parent - child,3981
Q126856397,Q78495,parent - child,4308
Q78489,Q78556,parent - child,1747
Q41697,Q78622,parent - child,6001
Q90824,Q78661,parent - child,3651
Q1287372,Q84826,parent - child,2137
Q154331,Q85171,parent - child,6108
Q60093,Q92698,parent - child,213
Q1110920,Q92933,parent - child,829
Q5941748,Q93043,parent - child,5339
Q19689221,Q93075,parent - child,1595
Q2907977,Q93181,parent - child,3346
Q1324008,Q93563,parent - child,4021
Q2091723,Q93837,parent - child,4442
Q2617322,Q94234,parent - child,5529
Q87571,Q95292,parent - child,1144
Q69578,Q95292,parent - child,1144
Q92141,Q100307,parent - child,5749
Q285483,Q100440,parent - child,5103
Q1085958,Q100458,parent - child,5804
Q2063123,Q100501,parent - child,1131
Q2514,Q100504,parent - child,3919
Q462355,Q100504,parent - child,3919
Q57387,Q100781,parent - child,1205
Q2369091,Q101058,parent - child,5627
Q315584,Q101137,parent - child,3436
Q6538,Q101223,parent - child,1528
Q813263,Q101253,parent - child,997
Q112819,Q101381,parent - child,6041
Q77342,Q101397,parent - child,3076
Q1396109,Q101547,parent - child,3018
Q88763,Q101768,parent - child,1523
Q69054,Q91358,parent - child,4565
Q105544,Q91423,parent - child,3434
Q1294806,Q91876,parent - child,5429
Q57391,Q92071,parent - child,5769
Q1159234,Q92071,parent - child,5769
Q311442,Q105980,parent - child,1081
Q237341,Q105980,parent - child,1081
Q785404,Q106193,parent - child,1470
Q74042,Q106458,parent - child,503
Q1743081,Q106466,parent - child,4638
Q536635,Q106544,parent - child,2320
Q945890,Q106544,parent - child,2320
Q3524506,Q106690,parent - child,1890
Q2612977,Q106781,parent - child,3979
Q185546,Q106791,parent - child,1466
Q535012,Q106942,parent - child,1829
Q721957,Q106942,parent - child,1829
Q162389,Q106997,parent - child,499
Q205314,Q106997,parent - child,499
Q119923,Q107274,parent - child,2511
Q2502920,Q108610,parent - child,3377
Q1898946,Q108610,parent - child,3377
Q363708,Q108941,parent - child,3221
Q263696,Q108941,parent - child,3221
Q1699982,Q85361,parent - child,3437
Q111323,Q85361,grandparent - child,3437
Q109126,Q86136,parent - child,2257
Q879984,Q86202,parent - child,2424
Q86726,Q86270,parent - child,5140
Q1944444,Q86351,parent - child,6162
Q7964271,Q86589,parent - child,1926
Q89052,Q86655,parent - child,4895
Q76543,Q86835,parent - child,1499
Q1662812,Q95218,parent - child,5275
Q113489,Q95443,parent - child,5757
Q90824,Q95613,parent - child,3651
Q73195,Q96054,parent - child,1609
Q500470,Q96084,parent - child,3240
Q665856,Q96130,parent - child,2106
Q62352,Q96145,parent - child,2318
Q439043,Q96145,parent - child,2318
Q109722,Q102076,parent - child,4990
Q441889,Q102124,parent - child,2355
Q3247520,Q102124,parent - child,2355
Q163010,Q102139,parent - child,697
Q601726,Q102594,parent - child,1564
Q97122,Q102772,parent - child,2007
Q682961,Q102963,parent - child,2945
Q215582,Q103391,parent - child,1222
Q66703,Q103628,parent - child,1787
Q254850,Q103628,parent - child,1787
Q96054,Q103929,parent - child,1609
Q73195,Q103929,grandparent - child,1609
Q184572,Q103939,parent - child,3
Q103784,Q103946,parent - child,2481
Q6499562,Q107769,parent - child,5182
Q16219166,Q107933,parent - child,1215
Q16219163,Q107933,parent - child,1215
Q175277,Q107953,parent - child,1561
Q86498,Q108660,parent - child,2674
Q78936,Q109074,parent - child,1051
Q15815223,Q103380,parent - child,1943
Q3815699,Q103578,parent - child,1689
Q2004409,Q103646,parent - child,5509
Q1670081,Q104235,parent - child,1549
Q105487,Q104326,parent - child,3054
Q3080737,Q104326,parent - child,3054
Q1293014,Q104514,parent - child,4652
Q98069,Q104553,parent - child,310
Q61881,Q104665,parent - child,2873
Q1458336,Q96290,parent - child,126
Q916438,Q96627,parent - child,5178
Q1913939,Q96731,parent - child,202
Q255382,Q96731,grandparent - child,202
Q62602,Q96731,grandparent - child,202
Q6425396,Q96731,parent - child,202
Q86732,Q96731,grandparent - child,202
Q67344,Q96907,parent - child,1752
Q67362,Q96907,parent - child,1752
Q78769,Q97002,parent - child,5907
Q124582,Q120157,parent - child,6054
Q121142,Q120736,parent - child,3958
Q105757679,Q121287,parent - child,1049
Q185590,Q121504,parent - child,2594
Q12022686,Q121504,parent - child,2594
Q10625133,Q121564,parent - child,2931
Q456476,Q122024,parent - child,1672
Q55796,Q122024,parent - child,1672
Q186042,Q122461,parent - child,3580
Q110835,Q122719,parent - child,2365
Q110415,Q122876,parent - child,641
Q887122,Q122876,parent - child,641
Q1732135,Q122273,parent - child,3222
Q1164195,Q122824,parent - child,3077
Q562375,Q122988,parent - child,1375
Q5561294,Q123273,parent - child,706
Q2514,Q123309,parent - child,3919
Q462355,Q123309,parent - child,3919
Q21509161,Q123363,parent - child,6224
Q5415112,Q123665,parent - child,280
Q312539,Q123665,parent - child,280
Q1728021,Q123723,parent - child,846
Q103421,Q109304,parent - child,5604
Q58609,Q109379,parent - child,2767
Q481434,Q109431,parent - child,5924
Q90893,Q109595,parent - child,5065
Q807369,Q109595,parent - child,5065
Q100269,Q109608,parent - child,5183
Q62631,Q109677,parent - child,1544
Q108859,Q109677,parent - child,1544
Q88891,Q109867,parent - child,955
Q1569147,Q110462,parent - child,4472
Q100925,Q110855,parent - child,5864
Q86977,Q111005,parent - child,86
Q57387,Q111695,parent - child,1205
Q62414,Q111695,parent - child,1205
Q117124,Q123966,parent - child,5556
Q253596,Q124294,parent - child,3258
Q317182,Q124294,parent - child,3258
Q85310,Q124930,parent - child,3350
Q1377791,Q125017,parent - child,2969
Q623962,Q125017,parent - child,2969
Q98100003,Q125017,grandparent - child,2969
Q311442,Q125361,parent - child,1081
Q237341,Q125361,parent - child,1081
Q296283,Q126164,parent - child,749
Q534601,Q126164,parent - child,749
Q72868,Q126207,parent - child,1955
Q10501,Q126242,parent - child,3636
Q68152,Q105268,parent - child,1857
Q70772,Q105268,parent - child,1857
Q55721519,Q105756,parent - child,1630
Q559254,Q99114,parent - child,5516
Q106747,Q97380,parent - child,6104
Q501054,Q97673,parent - child,4933
Q107150,Q98256,parent - child,5256
Q86105,Q98622,parent - child,1818
Q62579,Q98835,parent - child,1708
Q102179,Q98909,parent - child,19
Q76841,Q98909,parent - child,19
Q105544,Q99147,parent - child,3434
Q6495834,Q171276,parent - child,105
Q60068,Q171276,parent - child,105
Q173221,Q171302,parent - child,5228
Q171312,Q171519,parent - child,4391
Q106255,Q171557,parent - child,2663
Q1775785,Q111320,parent - child,5376
Q19603604,Q111982,parent - child,3031
Q77335,Q112096,parent - child,520
Q76343,Q112096,parent - child,520
Q2508337,Q112145,parent - child,1220
Q68743,Q112607,parent - child,5592
Q2518,Q112607,parent - child,5592
Q320490,Q113007,parent - child,399
Q463164,Q113007,parent - child,399
Q188459,Q169946,parent - child,1863
Q2742575,Q169946,parent - child,1863
Q160770,Q170191,parent - child,1037
Q170184,Q170191,parent - child,1037
Q3911,Q170194,parent - child,87
Q12973,Q170194,grandparent - child,87
Q230238,Q170194,grandparent - child,87
Q31129,Q170194,parent - child,87
Q246915,Q170294,parent - child,2654
Q295696,Q170342,parent - child,3807
Q295678,Q170676,parent - child,980
Q967846,Q138351,parent - child,2666
Q3612429,Q138351,parent - child,2666
Q75619692,Q138351,grandparent - child,2666
Q2743754,Q138856,parent - child,2110
Q3164941,Q139052,parent - child,5845
Q7351964,Q139933,parent - child,1340
Q531718,Q141680,parent - child,2538
Q5487028,Q142216,parent - child,3444
Q16086276,Q142763,parent - child,4470
Q3293701,Q143945,parent - child,212
Q454863,Q144271,parent - child,1229
Q2632,Q144589,parent - child,531
Q1392049,Q144719,parent - child,2655
Q447879,Q145464,parent - child,2018
Q1146217,Q145464,parent - child,2018
Q10395087,Q145514,parent - child,1645
Q367901,Q125721,parent - child,140
Q187149,Q125721,grandparent - child,140
Q72919,Q125721,grandparent - child,140
Q439868,Q125721,parent - child,140
Q880817,Q125842,parent - child,22
Q15861027,Q126035,parent - child,3372
Q63343519,Q126348,parent - child,5073
Q2531955,Q126957,parent - child,2427
Q100904538,Q127125,parent - child,2852
Q127330,Q127548,parent - child,4140
Q1215800,Q128449,parent - child,3673
Q524772,Q128529,parent - child,4881
Q715348,Q128845,parent - child,4491
Q434702,Q128912,parent - child,4422
Q160770,Q158258,parent - child,1037
Q170184,Q158258,parent - child,1037
Q443387,Q159099,parent - child,2643
Q102139,Q159101,parent - child,697
Q163010,Q159101,grandparent - child,697
Q1389258,Q159101,parent - child,697
Q1391342,Q159178,parent - child,6122
Q2099997,Q159609,parent - child,171
Q2259222,Q159832,parent - child,726
Q381194,Q160115,parent - child,5684
Q554301,Q129407,parent - child,577
Q3877258,Q129407,parent - child,577
Q455578,Q130683,parent - child,1588
Q10625133,Q145682,parent - child,2931
Q467408,Q146444,parent - child,89
Q467408,Q146724,parent - child,89
Q146724,Q146830,parent - child,89
Q467408,Q146830,grandparent - child,89
Q4116074,Q146906,parent - child,43
Q294365,Q146906,parent - child,43
Q7918225,Q146929,parent - child,2557
Q146724,Q147395,parent - child,89
Q467408,Q147395,grandparent - child,89
Q547893,Q147663,parent - child,502
Q151754,Q147663,parent - child,502
Q9682,Q147663,grandparent - child,502
Q80976,Q147663,grandparent - child,502
Q11897741,Q149578,parent - child,2271
Q12239367,Q149636,parent - child,3712
Q131690271,Q149703,parent - child,2124
Q314784,Q149724,parent - child,1622
Q2914533,Q149724,parent - child,1622
Q12178921,Q149941,parent - child,271
Q15290211,Q149941,parent - child,271
Q1458282,Q150327,parent - child,3748
Q4926056,Q160318,parent - child,3270
Q1004037,Q160495,parent - child,697
Q102139,Q160495,grandparent - child,697
Q1389258,Q160495,grandparent - child,697
Q208615,Q160495,parent - child,697
Q11106090,Q160495,grandparent - child,697
Q12973,Q160984,parent - child,87
Q230238,Q160984,parent - child,87
Q230644,Q161319,parent - child,87
Q16004,Q161319,parent - child,87
Q15988,Q161319,grandparent - child,87
Q160984,Q161319,grandparent - child,87
Q12370276,Q151040,parent - child,1688
Q9682,Q151754,parent - child,502
Q80976,Q151754,parent - child,502
Q155394,Q151773,parent - child,697
Q61351,Q151773,parent - child,697
Q12880750,Q151917,parent - child,3838
Q219256,Q151917,parent - child,3838
Q2379836,Q130852,parent - child,3011
Q8336441,Q130853,parent - child,3142
Q16620466,Q130853,parent - child,3142
Q11543475,Q130856,parent - child,5098
Q1155062,Q131077,parent - child,3572
Q238402,Q131324,parent - child,542
Q361297,Q131324,parent - child,542
Q12403836,Q132095,parent - child,6215
Q318209,Q132345,parent - child,1370
Q2161544,Q132451,parent - child,4630
Q55720,Q165657,parent - child,502
Q153330,Q165657,parent - child,502
Q9682,Q165657,grandparent - child,502
Q80976,Q165657,grandparent - child,502
Q55720,Q165709,parent - child,502
Q153330,Q165709,parent - child,502
Q9682,Q165709,grandparent - child,502
Q80976,Q165709,grandparent - child,502
Q1586720,Q113111,parent - child,6064
Q21534322,Q113519,parent - child,3995
Q77335,Q113733,parent - child,520
Q76343,Q113733,parent - child,520
Q515592,Q114659,parent - child,5502
Q272433,Q114659,parent - child,5502
Q677496,Q115735,parent - child,358
Q242373,Q115990,parent - child,2745
Q152019,Q153481,parent - child,680
Q18844164,Q153481,grandparent - child,680
Q207,Q153481,parent - child,680
Q23505,Q153481,grandparent - child,680
Q190628,Q153481,grandparent - child,680
Q152019,Q153730,parent - child,680
Q18844164,Q153730,grandparent - child,680
Q207,Q153730,parent - child,680
Q23505,Q153730,grandparent - child,680
Q190628,Q153730,grandparent - child,680
Q1089261,Q170576,parent - child,2432
Q1156152,Q170581,parent - child,4734
Q616469,Q171355,parent - child,2254
Q25432346,Q171355,grandparent - child,2254
Q3097804,Q171758,parent - child,2230
Q822610,Q172189,parent - child,2916
Q255620,Q172592,parent - child,1397
Q171346,Q172838,parent - child,2701
Q172845,Q172843,parent - child,1993
Q173296,Q172954,parent - child,2814
Q2125,Q173001,parent - child,4110
Q462574,Q173246,parent - child,5472
Q16306590,Q174267,parent - child,463
Q6499562,Q161916,parent - child,5182
Q20904033,Q162306,parent - child,610
Q313110,Q162306,parent - child,610
Q381928,Q162306,grandparent - child,610
Q558027,Q162767,parent - child,5628
Q459238,Q163666,parent - child,5908
Q454997,Q163953,parent - child,2482
Q6405209,Q164111,parent - child,360
Q13025801,Q164373,parent - child,3056
Q16140662,Q164518,parent - child,2228
Q2710513,Q164791,parent - child,4561
Q131045,Q165096,parent - child,1018
Q57287,Q165096,parent - child,1018
Q231281,Q165096,grandparent - child,1018
Q154912,Q165096,grandparent - child,1018
Q131045,Q165241,parent - child,1018
Q57287,Q165241,parent - child,1018
Q231281,Q165241,grandparent - child,1018
Q154912,Q165241,grandparent - child,1018
Q107283300,Q133112,parent - child,230
Q469233,Q133313,parent - child,3432
Q12313038,Q133730,parent - child,585
Q375208,Q133947,parent - child,1640
Q451828,Q134895,parent - child,4755
Q705748,Q136209,parent - child,1086
Q16977,Q137538,parent - child,2786
Q198231,Q137538,parent - child,2786
Q390099,Q138048,parent - child,2613
Q14356,Q138048,parent - child,2613
Q4293808,Q138076,parent - child,2905
Q2447659,Q151796,parent - child,3489
Q726202,Q151813,parent - child,3610
Q18844164,Q152019,parent - child,680
Q550266,Q152119,parent - child,5810
Q4726097,Q152308,parent - child,1305
Q9685,Q152316,parent - child,502
Q43274,Q152316,parent - child,502
Q9682,Q152316,grandparent - child,502
Q80976,Q152316,grandparent - child,502
Q724121,Q152451,parent - child,3787
Q4894292,Q152451,parent - child,3787
Q2576581,Q152988,parent - child,3664
Q828580,Q153125,parent - child,4703
Q233891,Q153125,parent - child,4703
Q2959055,Q153219,parent - child,896
Q9682,Q153330,parent - child,502
Q80976,Q153330,parent - child,502
Q20967972,Q119091,parent - child,3824
Q9373557,Q119091,parent - child,3824
Q42661000,Q119307,parent - child,625
Q124591,Q119393,parent - child,4512
Q436789,Q119798,parent - child,1383
Q104027,Q119798,parent - child,1383
Q1464037,Q115010,parent - child,3648
Q7178157,Q115671,parent - child,698
Q1959447,Q116005,parent - child,1345
Q1758863,Q116325,parent - child,511
Q2431719,Q116325,parent - child,511
Q121694,Q116359,parent - child,1877
Q320391,Q116534,parent - child,5937
Q14249692,Q116769,parent - child,378
Q298905,Q117147,parent - child,5825
Q123692,Q117407,parent - child,5906
Q16018501,Q117710,parent - child,4367
Q129407,Q117899,parent - child,577
Q554301,Q117899,grandparent - child,577
Q3877258,Q117899,grandparent - child,577
Q15920025,Q118042,parent - child,5497
Q120924,Q118310,parent - child,6212
Q91000,Q118369,parent - child,3520
Q3911,Q155004,parent - child,87
Q12973,Q155004,grandparent - child,87
Q230238,Q155004,grandparent - child,87
Q31129,Q155004,parent - child,87
Q923742,Q183250,parent - child,1048
Q23908557,Q183250,parent - child,1048
Q241812,Q154294,parent - child,704
Q180455,Q154294,grandparent - child,704
Q11881176,Q154716,parent - child,5898
Q9682,Q154920,parent - child,502
Q80976,Q154920,parent - child,502
Q159609,Q154952,parent - child,171
Q2099997,Q154952,grandparent - child,171
Q29574,Q154952,parent - child,171
Q57304,Q154952,grandparent - child,171
Q154946,Q154952,grandparent - child,171
Q289364,Q156552,parent - child,2270
Q318263,Q156552,parent - child,2270
Q6491001,Q156796,parent - child,3898
Q923742,Q155388,parent - child,1048
Q23908557,Q155388,parent - child,1048
Q45068,Q156390,parent - child,1305
Q347374,Q156390,grandparent - child,1305
Q57626,Q156390,grandparent - child,1305
Q152308,Q156390,parent - child,1305
Q4726097,Q156390,grandparent - child,1305
Q155394,Q156548,parent - child,697
Q61351,Q156548,parent - child,697
Q48869155,Q173319,parent - child,4563
Q317817,Q174843,parent - child,5126
Q6082259,Q174961,parent - child,6078
Q69103,Q175176,parent - child,109
Q193874,Q175176,grandparent - child,109
Q4966020,Q175910,parent - child,5814
Q142546,Q176455,parent - child,3273
Q1417564,Q177072,parent - child,5249
Q952864,Q177219,parent - child,6074
Q466995,Q177715,parent - child,5882
Q56005,Q198567,parent - child,464
Q1362941,Q198780,parent - child,511
Q48090666,Q199369,parent - child,4622
Q450423,Q199418,parent - child,148
Q409,Q199418,parent - child,148
Q470313,Q199418,grandparent - child,148
Q40217135,Q199846,parent - child,1963
Q18049690,Q200273,parent - child,266
Q298020,Q200273,parent - child,266
Q318177,Q200273,grandparent - child,266
Q4949691,Q200273,grandparent - child,266
Q2194178,Q201279,parent - child,3053
Q1689391,Q201291,parent - child,3279
Q20904033,Q201327,parent - child,610
Q313110,Q201327,parent - child,610
Q381928,Q201327,grandparent - child,610
Q17350697,Q201381,parent - child,1971
Q1347506,Q179607,parent - child,5846
Q456903,Q180224,parent - child,1194
Q3506733,Q180224,parent - child,1194
Q2513437,Q188696,parent - child,4709
Q2364552,Q213574,parent - child,2708
Q209449,Q214025,parent - child,1305
Q6238229,Q214025,grandparent - child,1305
Q4990394,Q214025,grandparent - child,1305
Q156390,Q214025,parent - child,1305
Q45068,Q214025,grandparent - child,1305
Q152308,Q214025,grandparent - child,1305
Q101243620,Q168704,parent - child,2153
Q50493867,Q165114,parent - child,393
Q2427640,Q165114,parent - child,393
Q587102,Q165219,parent - child,4982
Q165241,Q165249,parent - child,1018
Q131045,Q165249,grandparent - child,1018
Q57287,Q165249,grandparent - child,1018
Q470362,Q165249,parent - child,1018
Q3357162,Q165249,grandparent - child,1018
Q954383,Q166389,parent - child,4030
Q4120052,Q166431,parent - child,3185
Q2700318,Q184885,parent - child,155
Q55407,Q184885,grandparent - child,155
Q2877914,Q184885,parent - child,155
Q16013306,Q184885,grandparent - child,155
Q777463,Q185650,parent - child,5903
Q1251492,Q186089,parent - child,2611
Q1138235,Q186304,parent - child,38
Q511926,Q187033,parent - child,1302
Q312878,Q187038,parent - child,2437
Q464932,Q187058,parent - child,2688
Q9570,Q187058,parent - child,2688
Q9575,Q187058,grandparent - child,2688
Q83338,Q187337,parent - child,441
Q1902714,Q187337,parent - child,441
Q78706,Q187363,parent - child,1280
Q557163,Q187396,parent - child,6065
Q193146,Q187737,parent - child,779
Q571075,Q187907,parent - child,3935
Q4269666,Q167548,parent - child,348
Q544641,Q167548,parent - child,348
Q7418443,Q167829,parent - child,2138
Q2057854,Q168040,parent - child,2026
Q11737731,Q168205,parent - child,5080
Q432357,Q168724,parent - child,5522
Q194045,Q168763,parent - child,2957
Q364875,Q168763,parent - child,2957
Q275593,Q168763,parent - child,2957
Q488312,Q169144,parent - child,3374
Q272183,Q191644,parent - child,3465
Q49020,Q191719,parent - child,3290
Q7599711,Q180589,parent - child,4335
Q7378679,Q180795,parent - child,2940
Q2573616,Q180861,parent - child,4764
Q3039327,Q180978,parent - child,3931
Q78689,Q181958,parent - child,3552
Q5983891,Q182325,parent - child,274
Q287046,Q182325,parent - child,274
Q389066,Q182352,parent - child,574
Q553268,Q182504,parent - child,2486
Q763602,Q188997,parent - child,2794
Q232538,Q189351,parent - child,3724
Q314276,Q189668,parent - child,5621
Q15967495,Q189947,parent - child,4086
Q51575,Q190998,parent - child,5637
Q156548,Q191045,parent - child,697
Q155394,Q191045,grandparent - child,697
Q61351,Q191045,grandparent - child,697
Q19943,Q191045,parent - child,697
Q235128,Q191045,grandparent - child,697
Q313857,Q191045,grandparent - child,697
Q191045,Q214369,parent - child,697
Q156548,Q214369,grandparent - child,697
Q19943,Q214369,grandparent - child,697
Q201589,Q214369,parent - child,697
Q1519006,Q214475,parent - child,5457
Q1733818,Q214574,parent - child,3294
Q45068,Q214704,parent - child,1305
Q347374,Q214704,grandparent - child,1305
Q57626,Q214704,grandparent - child,1305
Q152308,Q214704,parent - child,1305
Q4726097,Q214704,grandparent - child,1305
Q3925,Q215012,parent - child,2123
Q185025,Q215012,parent - child,2123
Q2837729,Q201569,parent - child,2155
Q531339,Q201569,parent - child,2155
Q3379345,Q201810,parent - child,856
Q437254,Q201810,parent - child,856
Q451109,Q201985,parent - child,1793
Q469233,Q202381,parent - child,3432
Q781993,Q202536,parent - child,321
Q933325,Q202670,parent - child,4346
Q230084,Q202725,parent - child,2249
Q547495,Q202725,parent - child,2249
Q742878,Q202779,parent - child,4077
Q12032813,Q203446,parent - child,3879
Q53003,Q203840,parent - child,778
Q43247,Q203840,parent - child,778
Q2004418,Q203960,parent - child,3223
Q239062,Q204369,parent - child,2963
Q8023,Q204369,parent - child,2963
Q49020,Q204672,parent - child,3290
Q433448,Q222940,parent - child,2677
Q940406,Q223300,parent - child,4607
Q663553,Q224071,parent - child,5997
Q6178451,Q224754,parent - child,4744
Q23705141,Q224782,parent - child,184
Q1148591,Q224782,parent - child,184
Q1452594,Q225993,parent - child,2305
Q180224,Q227129,parent - child,1194
Q456903,Q227129,grandparent - child,1194
Q3506733,Q227129,grandparent - child,1194
Q1370307,Q227142,parent - child,3094
Q88608397,Q227400,parent - child,5219
Q273739,Q227716,parent - child,2919
Q3711224,Q227716,parent - child,2919
Q233999,Q228584,parent - child,369
Q207969,Q228598,parent - child,2530
Q3246911,Q228645,parent - child,720
Q3814461,Q228860,parent - child,5686
Q1040407,Q228862,parent - child,3411
Q37979,Q229333,parent - child,1145
Q230697,Q229333,grandparent - child,1145
Q34479,Q229333,grandparent - child,1145
Q87610,Q229333,parent - child,1145
Q6294,Q229671,parent - child,2239
Q5298463,Q229671,grandparent - child,2239
Q1124,Q229671,parent - child,2239
Q4112334,Q229671,grandparent - child,2239
Q271109,Q235020,parent - child,3490
Q6305897,Q235020,parent - child,3490
Q733312,Q215477,parent - child,4052
Q378727,Q215855,parent - child,1516
Q948705,Q216298,parent - child,910
Q808971,Q216298,grandparent - child,910
Q269846,Q216298,parent - child,910
Q659184,Q216826,parent - child,5943
Q37979,Q217096,parent - child,1145
Q230697,Q217096,grandparent - child,1145
Q34479,Q217096,grandparent - child,1145
Q87610,Q217096,parent - child,1145
Q297006,Q217115,parent - child,3970
Q21887442,Q217115,parent - child,3970
Q6759375,Q204426,parent - child,240
Q719691,Q204426,parent - child,240
Q2583157,Q206479,parent - child,3833
Q113536906,Q207352,parent - child,1861
Q194291,Q207432,parent - child,1813
Q605880,Q208104,parent - child,303
Q240227,Q208135,parent - child,492
Q19878,Q208135,parent - child,492
Q442325,Q208425,parent - child,178
Q273739,Q208497,parent - child,2919
Q3711224,Q208497,parent - child,2919
Q16090504,Q234212,parent - child,3337
Q442026,Q230534,parent - child,35
Q153425,Q228977,parent - child,3005
Q104531159,Q229018,parent - child,2487
Q5032134,Q229050,parent - child,3087
Q295080,Q229050,parent - child,3087
Q2005385,Q229073,parent - child,5560
Q144622,Q229184,parent - child,1501
Q6116293,Q229268,parent - child,4295
Q20510034,Q229383,parent - child,47
Q154550,Q229403,parent - child,2179
Q98434937,Q229520,parent - child,5107
Q98435178,Q229520,parent - child,5107
Q103646,Q229775,parent - child,5509
Q2004409,Q229775,grandparent - child,5509
Q457306,Q229908,parent - child,248
Q1350489,Q229908,grandparent - child,248
Q3720497,Q230138,parent - child,5657
Q272923,Q230138,parent - child,5657
Q558567,Q230164,parent - child,215
Q3180926,Q230199,parent - child,1425
Q276191,Q230199,parent - child,1425
Q9696,Q230303,parent - child,518
Q165421,Q230303,parent - child,518
Q701990,Q230433,parent - child,1145
Q562257,Q230523,parent - child,4545
Q235084,Q192402,parent - child,2097
Q437752,Q192402,parent - child,2097
Q939557,Q192635,parent - child,2686
Q46064390,Q192715,parent - child,80
Q4086801,Q192825,parent - child,498
Q4910042,Q192936,parent - child,5246
Q319527,Q193504,parent - child,2626
Q56094,Q193628,parent - child,5350
Q4943414,Q193628,parent - child,5350
Q317478,Q195522,parent - child,2798
Q16200336,Q194419,parent - child,5473
Q12089707,Q196382,parent - child,4224
Q23505,Q221997,parent - child,680
Q4100648,Q221997,grandparent - child,680
Q190628,Q221997,parent - child,680
Q2856432,Q234210,parent - child,5521
Q4924853,Q234271,parent - child,1200
Q935982,Q234304,parent - child,552
Q238402,Q234388,parent - child,542
Q361297,Q234388,parent - child,542
Q722023,Q234434,parent - child,2518
Q5258318,Q234474,parent - child,905
Q72984,Q234474,grandparent - child,905
Q1677918,Q234500,parent - child,116
Q44176,Q234556,parent - child,5117
Q12033548,Q234556,parent - child,5117
Q2680,Q234566,parent - child,1838
Q43044,Q234566,parent - child,1838
Q1381872,Q234679,parent - child,5600
Q288550,Q234973,parent - child,2190
Q357001,Q220901,parent - child,6128
Q234080,Q220901,parent - child,6128
Q184572,Q220918,parent - child,3
Q40096,Q221364,parent - child,4996
Q228787,Q221364,parent - child,4996
Q1689391,Q222524,parent - child,3279
Q1684904,Q222870,parent - child,2114
Q9012472,Q234693,parent - child,5084
Q6768885,Q235002,parent - child,3349
Q611486,Q235115,parent - child,506
Q133040,Q235137,parent - child,3165
Q265813,Q235137,parent - child,3165
Q231281,Q235236,parent - child,1018
Q154912,Q235236,parent - child,1018
Q257926,Q235284,parent - child,1619
Q235432,Q235284,grandparent - child,1619
Q16692936,Q235364,parent - child,4107
Q106204,Q235641,parent - child,285
Q266222,Q235641,parent - child,285
Q190523,Q238483,parent - child,5517
Q3514842,Q238483,parent - child,5517
Q448366,Q235546,parent - child,2344
Q64173772,Q235632,parent - child,5919
Q234195,Q235721,parent - child,5404
Q923582,Q235913,parent - child,4358
Q236164,Q236135,parent - child,3885
Q309989,Q236135,parent - child,3885
Q2846791,Q236494,parent - child,4199
Q232176,Q236527,parent - child,5959
Q235084,Q236613,parent - child,2097
Q437752,Q236613,parent - child,2097
Q4511818,Q236724,parent - child,4778
Q4726120,Q230113,parent - child,964
Q96694567,Q230448,parent - child,4733
Q156548,Q230580,parent - child,697
Q155394,Q230580,grandparent - child,697
Q61351,Q230580,grandparent - child,697
Q19943,Q230580,parent - child,697
Q235128,Q230580,grandparent - child,697
Q313857,Q230580,grandparent - child,697
Q137808,Q230636,parent - child,1123
Q317248,Q230654,parent - child,854
Q272908,Q230654,parent - child,854
Q1679950,Q230659,parent - child,5564
Q120321,Q230747,parent - child,1266
Q1678088,Q230747,parent - child,1266
Q7150897,Q230929,parent - child,4811
Q15148650,Q231096,parent - child,3848
Q719263,Q231128,parent - child,2962
Q133151,Q231182,parent - child,4635
Q1806985,Q231182,parent - child,4635
Q64192977,Q237450,parent - child,5626
Q272905,Q241033,parent - child,697
Q159101,Q241033,parent - child,697
Q102139,Q241033,grandparent - child,697
Q1389258,Q241033,grandparent - child,697
Q209921,Q241637,parent - child,6242
Q294641,Q241692,parent - child,4049
Q263143,Q241692,parent - child,4049
Q180455,Q241812,parent - child,704
Q155394,Q242298,parent - child,697
Q61351,Q242298,parent - child,697
Q151773,Q242348,parent - child,697
Q155394,Q242348,grandparent - child,697
Q61351,Q242348,grandparent - child,697
Q564889,Q242348,parent - child,697
Q163010,Q242348,grandparent - child,697
Q6019238,Q237295,parent - child,4109
Q6019154,Q237295,grandparent - child,4109
Q4989823,Q237295,grandparent - child,4109
Q303,Q237324,parent - child,2096
Q234773,Q237324,parent - child,2096
Q77112,Q237897,parent - child,4975
Q2623520,Q231228,parent - child,3600
Q6280226,Q231241,parent - child,3587
Q1354827,Q231241,grandparent - child,3587
Q1138235,Q231270,parent - child,38
Q727645,Q231508,parent - child,5528
Q431124,Q231942,parent - child,2023
Q137042,Q231942,parent - child,2023
Q53011,Q232052,parent - child,2402
Q696306,Q232052,parent - child,2402
Q4120191,Q232307,parent - child,3081
Q14244505,Q232465,parent - child,2303
Q14244952,Q232465,parent - child,2303
Q3293701,Q232470,parent - child,212
Q26695,Q232495,parent - child,5145
Q552337,Q232680,parent - child,27
Q347374,Q232695,parent - child,1305
Q57626,Q232695,parent - child,1305
Q345950,Q232786,parent - child,5751
Q228899,Q232812,parent - child,916
Q2599,Q232812,parent - child,916
Q453204,Q232902,parent - child,5599
Q316641,Q232927,parent - child,1823
Q6838676,Q232927,grandparent - child,1823
Q442398,Q233253,parent - child,85
Q16014883,Q236010,parent - child,1510
Q173206,Q236914,parent - child,1136
Q7693281,Q237109,parent - child,145
Q235128,Q237165,parent - child,697
Q313857,Q237165,parent - child,697
Q72652,Q237226,parent - child,2898
Q14948782,Q216726,parent - child,3939
Q6153328,Q216899,parent - child,2858
Q238402,Q217427,parent - child,542
Q361297,Q217427,parent - child,542
Q579872,Q217482,parent - child,6092
Q258512,Q217507,parent - child,4430
Q230605,Q218279,parent - child,5148
Q229162,Q218415,parent - child,2183
Q80504,Q218415,parent - child,2183
Q449195,Q219366,parent - child,4721
Q722273,Q219861,parent - child,4016
Q32787,Q220119,parent - child,5512
Q15074141,Q212277,parent - child,1069
Q7606012,Q212498,parent - child,5952
Q347879,Q212545,parent - child,2270
Q289364,Q212545,grandparent - child,2270
Q318263,Q212545,grandparent - child,2270
Q52411,Q212545,parent - child,2270
Q730110,Q212873,parent - child,1361
Q6619144,Q213123,parent - child,3288
Q309980,Q213257,parent - child,2032
Q447160,Q213257,parent - child,2032
Q721215,Q207806,parent - child,5776
Q28925095,Q208026,parent - child,5854
Q11106090,Q208615,parent - child,697
Q7176297,Q208746,parent - child,2261
Q296872,Q208882,parent - child,1405
Q6238229,Q209449,parent - child,1305
Q4990394,Q209449,parent - child,1305
Q7965007,Q209518,parent - child,4455
Q19758732,Q210123,parent - child,4436
Q19155,Q210148,parent - child,1782
Q10961701,Q210148,parent - child,1782
Q360879,Q210158,parent - child,1693
Q271507,Q210158,parent - child,1693
Q694636,Q210806,parent - child,232
Q4206829,Q210806,parent - child,232
Q19578212,Q211126,parent - child,4415
Q8248700,Q211388,parent - child,1822
Q1130195,Q211462,parent - child,2972
Q16397,Q211462,parent - child,2972
Q712093,Q211462,grandparent - child,2972
Q23034463,Q211462,grandparent - child,2972
Q447892,Q212026,parent - child,6019
Q45068,Q212035,parent - child,1305
Q347374,Q212035,grandparent - child,1305
Q57626,Q212035,grandparent - child,1305
Q152308,Q212035,parent - child,1305
Q4726097,Q212035,grandparent - child,1305
Q2502688,Q232364,parent - child,2360
Q7176862,Q261054,parent - child,4087
Q113536906,Q236866,parent - child,1861
Q315728,Q237805,parent - child,692
Q5487778,Q238052,parent - child,2434
Q468476,Q238638,parent - child,990
Q464479,Q238638,grandparent - child,990
Q676364,Q238970,parent - child,1586
Q3156327,Q239284,parent - child,4252
Q3934828,Q239331,parent - child,3009
Q242351,Q239411,parent - child,1187
Q22686,Q239411,parent - child,1187
Q3752663,Q239411,grandparent - child,1187
Q320410,Q239471,parent - child,6244
Q106508,Q240157,parent - child,992
Q180919,Q240467,parent - child,4426
Q179497,Q256666,parent - child,2679
Q7546,Q256738,parent - child,1531
Q191064,Q256738,parent - child,1531
Q1135673,Q256796,parent - child,1773
Q238539,Q256878,parent - child,360
Q128245,Q256878,parent - child,360
Q20628403,Q257427,parent - child,4251
Q6004216,Q240136,parent - child,998
Q10750565,Q240355,parent - child,4369
Q3787386,Q240521,parent - child,6194
Q2465271,Q240575,parent - child,43
Q235128,Q240580,parent - child,697
Q313857,Q240580,parent - child,697
Q260520,Q240740,parent - child,4806
Q72262,Q258980,parent - child,3098
Q1322185,Q258985,parent - child,2416
Q109581436,Q259238,parent - child,5536
Q1567523,Q259343,parent - child,5106
Q103774,Q259379,parent - child,336
Q315720,Q259722,parent - child,5796
Q3322405,Q259877,parent - child,3402
Q611486,Q260092,parent - child,506
Q1298999,Q260179,parent - child,2647
Q133050,Q260184,parent - child,2971
Q1904681,Q260331,parent - child,1053
Q519606,Q260424,parent - child,4046
Q3496492,Q241783,parent - child,769
Q218884,Q241841,parent - child,5555
Q3480369,Q242368,parent - child,522
Q2576722,Q242410,parent - child,501
Q873,Q242555,parent - child,3874
Q1271632,Q242555,parent - child,3874
Q2295962,Q242796,parent - child,1196
Q530870,Q242796,parent - child,1196
Q97460653,Q242959,parent - child,4893
Q57373,Q244338,parent - child,189
Q34413,Q244338,parent - child,189
Q327424,Q244338,grandparent - child,189
Q131355,Q244338,grandparent - child,189
Q1373377,Q233619,parent - child,6229
Q366956,Q233843,parent - child,5268
Q40912,Q233937,parent - child,4290
Q55517707,Q233937,parent - child,4290
Q3925,Q233966,parent - child,2123
Q185025,Q233966,parent - child,2123
Q231338,Q257636,parent - child,1038
Q235432,Q257926,parent - child,1619
Q192359,Q258140,parent - child,1647
Q451002,Q258140,parent - child,1647
Q1688305,Q258140,grandparent - child,1647
Q428160,Q258617,parent - child,1837
Q8242410,Q258626,parent - child,1557
Q55407,Q258820,parent - child,155
Q560197,Q258820,grandparent - child,155
Q104049,Q261244,parent - child,3536
Q1252257,Q261358,parent - child,1327
Q55853603,Q261456,parent - child,4894
Q369174,Q261547,parent - child,6174
Q487095,Q262261,parent - child,2159
Q15029,Q262261,parent - child,2159
Q332412,Q262742,parent - child,2231
Q817052,Q265691,parent - child,697
Q163010,Q265691,grandparent - child,697
Q62492,Q265691,parent - child,697
Q297945,Q265706,parent - child,694
Q7051996,Q265855,parent - child,2038
Q14593411,Q266109,parent - child,2796
Q102200,Q266208,parent - child,2338
Q716250,Q266361,parent - child,3192
Q11523469,Q234101,parent - child,4742
Q347879,Q234131,parent - child,2270
Q289364,Q234131,grandparent - child,2270
Q318263,Q234131,grandparent - child,2270
Q52411,Q234131,parent - child,2270
Q6285181,Q233027,parent - child,1300
Q4302695,Q233499,parent - child,2062
Q1592572,Q266547,parent - child,3186
Q2662835,Q267367,parent - child,171
Q7493813,Q267383,parent - child,2437
Q433417,Q267383,parent - child,2437
Q312878,Q267383,grandparent - child,2437
Q11685072,Q267550,parent - child,1268
Q705356,Q267666,parent - child,3177
Q604583,Q267782,parent - child,1078
Q264127,Q267861,parent - child,4124
Q52430288,Q268165,parent - child,4770
Q188783,Q268262,parent - child,388
Q6158229,Q268262,parent - child,388
Q7328907,Q268542,parent - child,5950
Q3085037,Q268595,parent - child,3232
Q214452,Q268607,parent - child,6227
Q290083,Q243059,parent - child,1831
Q611480,Q244363,parent - child,2563
Q335131,Q245295,parent - child,3314
Q7941248,Q245792,parent - child,2177
Q56094,Q245808,parent - child,5350
Q4943414,Q245808,parent - child,5350
Q433570,Q246404,parent - child,343
Q609998,Q246417,parent - child,4006
Q909474,Q246538,parent - child,3048
Q2561192,Q246929,parent - child,150
Q57304,Q268821,parent - child,171
Q154946,Q268821,parent - child,171
Q212873,Q268940,parent - child,1361
Q730110,Q268940,grandparent - child,1361
Q710650,Q268940,parent - child,1361
Q328254,Q269177,parent - child,6112
Q180010,Q269310,parent - child,1849
Q342778,Q269508,parent - child,5947
Q1656902,Q269537,parent - child,1878
Q289333,Q270005,parent - child,3598
Q3086391,Q270005,parent - child,3598
Q333686,Q270094,parent - child,958
Q162389,Q273574,parent - child,499
Q205314,Q273574,parent - child,499
Q236164,Q273774,parent - child,3885
Q309989,Q273774,parent - child,3885
Q57418,Q273791,parent - child,2813
Q25310,Q273833,parent - child,1997
Q258661,Q273833,parent - child,1997
Q757383,Q273984,parent - child,4056
Q1165211,Q274071,parent - child,4516
Q106057,Q274113,parent - child,71
Q945227,Q274113,parent - child,71
Q106126,Q274113,parent - child,71
Q1348831,Q274117,parent - child,2900
Q3157086,Q274125,parent - child,4816
Q287976,Q274314,parent - child,1906
Q199943,Q274314,parent - child,1906
Q4459955,Q274342,parent - child,1159
Q2966474,Q274441,parent - child,1241
Q1993987,Q274477,parent - child,1347
Q1379005,Q274477,parent - child,1347
Q5044844,Q274594,parent - child,3429
Q540192,Q274594,parent - child,3429
Q453804,Q274599,parent - child,1123
Q137808,Q274599,grandparent - child,1123
Q13580347,Q274779,parent - child,4178
Q80510,Q285330,parent - child,4451
Q446421,Q285543,parent - child,1603
Q533158,Q286366,parent - child,2092
Q3420764,Q286366,parent - child,2092
Q1439364,Q286600,parent - child,2744
Q3993433,Q286600,parent - child,2744
Q334294,Q287099,parent - child,892
Q2107072,Q287099,parent - child,892
Q312843,Q287542,parent - child,1652
Q287793,Q287607,parent - child,4263
Q80732,Q288447,parent - child,5736
Q108491847,Q262437,parent - child,873
Q483203,Q262772,parent - child,2452
Q445117,Q262772,parent - child,2452
Q1239152,Q262838,parent - child,1455
Q5489205,Q262997,parent - child,475
Q18659626,Q263322,parent - child,3753
Q196560,Q263469,parent - child,6026
Q57304,Q263623,parent - child,171
Q154946,Q263623,parent - child,171
Q335078,Q264724,parent - child,3915
Q358427,Q264969,parent - child,6102
Q5125309,Q264460,parent - child,2334
Q534605,Q264730,parent - child,2966
Q11907213,Q264754,parent - child,1394
Q4485014,Q264808,parent - child,1438
Q6391016,Q265191,parent - child,950
Q2778068,Q270115,parent - child,2929
Q540665,Q270356,parent - child,1737
Q28910304,Q270498,parent - child,1801
Q231281,Q270685,parent - child,1018
Q154912,Q270685,parent - child,1018
Q216608,Q270786,parent - child,3316
Q5581886,Q270870,parent - child,168
Q41117,Q271067,parent - child,1016
Q463949,Q271067,parent - child,1016
Q18684617,Q271266,parent - child,1941
Q57279,Q271266,parent - child,1941
Q323175,Q249794,parent - child,4841
Q2471880,Q250250,parent - child,3394
Q3041539,Q250905,parent - child,5759
Q3840394,Q251146,parent - child,1318
Q242084,Q251210,parent - child,2213
Q45195,Q251502,parent - child,5851
Q377870,Q251790,parent - child,4859
Q465830,Q252290,parent - child,3261
Q459089,Q253461,parent - child,405
Q466662,Q253736,parent - child,5775
Q46809,Q253736,parent - child,5775
Q546790,Q287823,parent - child,4739
Q716469,Q288333,parent - child,6083
Q3219659,Q288359,parent - child,4606
Q15972091,Q288480,parent - child,2800
Q952060,Q288688,parent - child,1091
Q17993791,Q289064,parent - child,3929
Q497827,Q289571,parent - child,1511
Q72524,Q289590,parent - child,618
Q75882,Q289590,parent - child,618
Q3544664,Q289718,parent - child,4205
Q11465093,Q289718,parent - child,4205
Q1368152,Q290564,parent - child,1007
Q343299,Q291714,parent - child,68
Q456611,Q291714,parent - child,68
Q1682113,Q274836,parent - child,4115
Q464367,Q274883,parent - child,3339
Q339985,Q275637,parent - child,811
Q5932231,Q275637,parent - child,811
Q229507,Q275964,parent - child,257
Q724707,Q275964,parent - child,257
Q173275,Q275971,parent - child,412
Q275876,Q276003,parent - child,2853
Q5403246,Q276003,parent - child,2853
Q212873,Q276005,parent - child,1361
Q730110,Q276005,grandparent - child,1361
Q1698,Q276005,parent - child,1361
Q332055,Q276283,parent - child,5252
Q577548,Q276369,parent - child,4435
Q56093,Q276398,parent - child,416
Q520726,Q299161,parent - child,4781
Q361235,Q299222,parent - child,2641
Q7417278,Q299297,parent - child,1029
Q1750491,Q299483,parent - child,7
Q520505,Q299646,parent - child,307
Q2841198,Q299646,parent - child,307
Q269170,Q299648,parent - child,2922
Q5494995,Q300107,parent - child,2763
Q4357888,Q302466,parent - child,3426
Q7945557,Q302486,parent - child,289
Q11523469,Q253167,parent - child,4742
Q6224764,Q253652,parent - child,4560
Q5512134,Q253652,grandparent - child,4560
Q1430773,Q253660,parent - child,409
Q363708,Q254789,parent - child,3221
Q262507,Q254789,parent - child,3221
Q3084121,Q254848,parent - child,3498
Q237324,Q254947,parent - child,2096
Q303,Q254947,grandparent - child,2096
Q234773,Q254947,grandparent - child,2096
Q7922443,Q255099,parent - child,5308
Q36107,Q255099,parent - child,5308
Q65560101,Q255267,parent - child,500
Q3574863,Q255510,parent - child,1931
Q250608,Q255510,parent - child,1931
Q1287406,Q255651,parent - child,3991
Q12328832,Q256395,parent - child,844
Q50224531,Q270951,parent - child,1888
Q7327301,Q271142,parent - child,3245
Q930822,Q271419,parent - child,235
Q2515238,Q271508,parent - child,5365
Q5065421,Q271583,parent - child,1530
Q465877,Q271583,parent - child,1530
Q317427,Q271590,parent - child,834
Q2467415,Q271597,parent - child,906
Q442973,Q271630,parent - child,794
Q12407314,Q271778,parent - child,1128
Q146906,Q272117,parent - child,43
Q4116074,Q272117,grandparent - child,43
Q294365,Q272117,grandparent - child,43
Q269437,Q272117,parent - child,43
Q1316,Q272154,parent - child,409
Q253660,Q272154,parent - child,409
Q1430773,Q272154,grandparent - child,409
Q69103,Q276850,parent - child,109
Q193874,Q276850,grandparent - child,109
Q238691,Q276961,parent - child,109
Q57553,Q276961,parent - child,109
Q69103,Q276961,grandparent - child,109
Q277032,Q277006,parent - child,1987
Q7072143,Q277422,parent - child,847
Q1395425,Q277665,parent - child,1031
Q25553548,Q277698,parent - child,2163
Q8049225,Q277698,parent - child,2163
Q13564550,Q277725,parent - child,1873
Q954008,Q277949,parent - child,1315
Q333735,Q278178,parent - child,3776
Q366783,Q279570,parent - child,25
Q12345610,Q291164,parent - child,4691
Q20723781,Q291385,parent - child,1843
Q2976964,Q291385,parent - child,1843
Q5110788,Q291429,parent - child,4091
Q2919330,Q291871,parent - child,2497
Q3026220,Q292032,parent - child,1056
Q151773,Q292274,parent - child,697
Q155394,Q292274,grandparent - child,697
Q61351,Q292274,grandparent - child,697
Q564889,Q292274,parent - child,697
Q163010,Q292274,grandparent - child,697
Q2851191,Q292646,parent - child,3625
Q975377,Q292760,parent - child,741
Q552819,Q293149,parent - child,335
Q206181,Q293149,grandparent - child,335
Q4820196,Q293149,grandparent - child,335
Q67953640,Q293163,parent - child,5197
Q17163,Q294593,parent - child,4637
Q5868942,Q281518,parent - child,555
Q865110,Q282078,parent - child,3734
Q55469,Q283317,parent - child,3187
Q106418,Q283317,parent - child,3187
Q446233,Q283544,parent - child,151
Q929933,Q283904,parent - child,279
Q1065346,Q284011,parent - child,1139
Q324588,Q284196,parent - child,4235
Q444033,Q313036,parent - child,5294
Q2640702,Q313044,parent - child,948
Q4912667,Q313049,parent - child,4779
Q381928,Q313110,parent - child,610
Q3815699,Q313204,parent - child,1689
Q262932,Q313438,parent - child,5280
Q1058602,Q313463,parent - child,1114
Q159347,Q313463,grandparent - child,1114
Q194762,Q313463,grandparent - child,1114
Q712690,Q293679,parent - child,690
Q729973,Q293773,parent - child,1741
Q809080,Q294975,parent - child,5484
Q696703,Q294990,parent - child,3234
Q106508,Q295123,parent - child,992
Q182314,Q295797,parent - child,4231
Q446299,Q296047,parent - child,6007
Q1042824,Q296511,parent - child,557
Q192778,Q296771,parent - child,1335
Q457657,Q296774,parent - child,2109
Q3530742,Q296774,parent - child,2109
Q503840,Q296909,parent - child,4326
Q107124548,Q295007,parent - child,540
Q4898816,Q295053,parent - child,5391
Q2031611,Q295834,parent - child,394
Q3420999,Q313281,parent - child,601
Q6403123,Q313515,parent - child,6177
Q108622,Q313705,parent - child,5239
Q160770,Q313752,parent - child,1037
Q170184,Q313752,parent - child,1037
Q12296474,Q313852,parent - child,4286
Q12409102,Q302683,parent - child,4331
Q1266200,Q303207,parent - child,2109
Q794871,Q303207,parent - child,2109
Q309980,Q303332,parent - child,2032
Q447160,Q303332,parent - child,2032
Q2266155,Q304561,parent - child,5028
Q11544086,Q309374,parent - child,1462
Q260969,Q272943,parent - child,795
Q2929456,Q272943,parent - child,795
Q5504461,Q273001,parent - child,4067
Q487043,Q273076,parent - child,1197
Q1278120,Q273143,parent - child,2039
Q128121,Q273434,parent - child,2669
Q239476,Q273434,parent - child,2669
Q3499119,Q297173,parent - child,4624
Q3390959,Q297173,parent - child,4624
Q3968108,Q297221,parent - child,4250
Q3723724,Q297816,parent - child,3256
Q318177,Q298020,parent - child,266
Q4949691,Q298020,parent - child,266
Q4517894,Q298079,parent - child,724
Q47546821,Q298197,parent - child,5255
Q7040772,Q298202,parent - child,3404
Q40096,Q298209,parent - child,4996
Q228787,Q298209,parent - child,4996
Q671930,Q298532,parent - child,1973
Q4200118,Q298532,grandparent - child,1973
Q57371,Q298532,parent - child,1973
Q157451,Q298532,grandparent - child,1973
Q4062333,Q298532,grandparent - child,1973
Q124435495,Q298547,parent - child,4899
Q468364,Q298547,parent - child,4899
Q7273734,Q298672,parent - child,1035
Q466325,Q272014,parent - child,322
Q16105131,Q272069,parent - child,415
Q2440957,Q272144,parent - child,5082
Q2921056,Q272144,parent - child,5082
Q23682478,Q272318,parent - child,1721
Q3514644,Q272374,parent - child,5624
Q18527502,Q272384,parent - child,2605
Q273224,Q272503,parent - child,4269
Q318163,Q318159,parent - child,2533
Q5462487,Q318204,parent - child,6248
Q939557,Q318210,parent - child,2686
Q328776,Q318505,parent - child,1023
Q467100,Q318505,grandparent - child,1023
Q776310,Q318956,parent - child,4038
Q231111,Q318960,parent - child,496
Q14837,Q318960,parent - child,496
Q1619366,Q319111,parent - child,3139
Q507046,Q319269,parent - child,5051
Q130113,Q319308,parent - child,5045
Q238402,Q319392,parent - child,542
Q361297,Q319392,parent - child,542
Q6986807,Q319491,parent - child,818
Q3499101,Q319491,parent - child,818
Q19893611,Q333460,parent - child,404
Q25768351,Q333480,parent - child,2932
Q16302537,Q315471,parent - child,195
Q1254440,Q326820,parent - child,3956
Q45169,Q327719,parent - child,4903
Q114204,Q327734,parent - child,2927
Q2066189,Q327800,parent - child,5743
Q4152782,Q327885,parent - child,1628
Q466164,Q327923,parent - child,2928
Q3159326,Q314148,parent - child,5374
Q6845043,Q314206,parent - child,4693
Q10933342,Q314287,parent - child,233
Q13032802,Q314338,parent - child,6208
Q7286080,Q314351,parent - child,1402
Q380272,Q314502,parent - child,3453
Q650282,Q314541,parent - child,3021
Q2460022,Q314603,parent - child,1526
Q361235,Q314657,parent - child,2641
Q95043,Q314673,parent - child,3102
Q127566,Q314712,parent - child,4977
Q966565,Q314812,parent - child,4285
Q350789,Q314856,parent - child,2472
Q242834,Q315185,parent - child,3061
Q467100,Q315534,parent - child,1023
Q317817,Q309640,parent - child,5126
Q1365298,Q309756,parent - child,51
Q7329989,Q309977,parent - child,3980
Q8346829,Q309983,parent - child,1373
Q324302,Q310060,parent - child,2093
Q1656814,Q310324,parent - child,5911
Q60636,Q310367,parent - child,1954
Q2061166,Q310394,parent - child,4725
Q208667,Q310637,parent - child,746
Q187697,Q310775,parent - child,5632
Q409,Q310796,parent - child,148
Q470313,Q310796,grandparent - child,148
Q37979,Q311174,parent - child,1145
Q230697,Q311174,grandparent - child,1145
Q34479,Q311174,grandparent - child,1145
Q87610,Q311174,parent - child,1145
Q1134162,Q311235,parent - child,610
Q162306,Q311235,parent - child,610
Q20904033,Q311235,grandparent - child,610
Q313110,Q311235,grandparent - child,610
Q1203,Q311238,parent - child,862
Q3646297,Q311238,grandparent - child,862
Q117012,Q311238,parent - child,862
Q238233,Q311308,parent - child,49
Q57454,Q311308,parent - child,49
Q165674,Q311308,grandparent - child,49
Q255679,Q311308,grandparent - child,49
Q367032,Q319996,parent - child,4829
Q1813030,Q320747,parent - child,3181
Q23505,Q320829,parent - child,680
Q4100648,Q320829,grandparent - child,680
Q190628,Q320829,parent - child,680
Q193426,Q321846,parent - child,2791
Q9960,Q321846,parent - child,2791
Q183848,Q312355,parent - child,4984
Q313309,Q312462,parent - child,3354
Q377903,Q310867,parent - child,3897
Q7347517,Q310894,parent - child,1225
Q1064691,Q310930,parent - child,4462
Q346751,Q310971,parent - child,4707
Q3420646,Q311005,parent - child,1437
Q441965,Q311374,parent - child,2500
Q2387113,Q311542,parent - child,5115
Q500237,Q311684,parent - child,615
Q221908,Q311735,parent - child,3286
Q450229,Q311793,parent - child,2045
Q47485791,Q311793,parent - child,2045
Q256870,Q311796,parent - child,1406
Q213001,Q311796,parent - child,1406
Q1027683,Q311895,parent - child,4040
Q1316,Q311916,parent - child,409
Q253660,Q311916,parent - child,409
Q1430773,Q311916,grandparent - child,409
Q76374135,Q327346,parent - child,5707
Q1684856,Q328256,parent - child,973
Q20657718,Q328424,parent - child,628
Q327888,Q328520,parent - child,445
Q467100,Q328776,parent - child,1023
Q1307585,Q329142,parent - child,4919
Q16438439,Q312668,parent - child,3260
Q3086991,Q312719,parent - child,3345
Q3632354,Q312719,parent - child,3345
Q1317010,Q312944,parent - child,3251
Q1688305,Q333632,parent - child,1647
Q5362691,Q333795,parent - child,645
Q7298587,Q333814,parent - child,4756
Q175366,Q333964,parent - child,1806
Q982534,Q334030,parent - child,4439
Q432874,Q334069,parent - child,1487
Q368858,Q315927,parent - child,4437
Q728833,Q315975,parent - child,1870
Q6781949,Q315975,parent - child,1870
Q9696,Q316064,parent - child,518
Q165421,Q316064,parent - child,518
Q611891,Q316187,parent - child,4162
Q6838676,Q316641,parent - child,1823
Q230644,Q316797,parent - child,87
Q16004,Q316797,parent - child,87
Q15988,Q316797,grandparent - child,87
Q160984,Q316797,grandparent - child,87
Q4397003,Q316823,parent - child,3867
Q240227,Q316974,parent - child,492
Q19878,Q316974,parent - child,492
Q8039494,Q316997,parent - child,2966
Q264730,Q316997,parent - child,2966
Q534605,Q316997,grandparent - child,2966
Q2263,Q318134,parent - child,3267
Q1679715,Q321698,parent - child,4118
Q21874444,Q321878,parent - child,2180
Q11985195,Q322257,parent - child,592
Q625515,Q322785,parent - child,843
Q458510,Q322854,parent - child,3823
Q5325860,Q323653,parent - child,5685
Q3301037,Q316901,parent - child,3566
Q3065508,Q316992,parent - child,2728
Q707440,Q317365,parent - child,945
Q5555662,Q317475,parent - child,1392
Q24007468,Q317521,parent - child,236
Q238402,Q317784,parent - child,542
Q361297,Q317784,parent - child,542
Q221349,Q317810,parent - child,3818
Q6304541,Q317820,parent - child,3696
Q10665,Q317824,parent - child,1016
Q41117,Q317824,grandparent - child,1016
Q463949,Q317824,grandparent - child,1016
Q9576,Q336162,parent - child,4431
Q2870827,Q336162,parent - child,4431
Q238402,Q336222,parent - child,542
Q361297,Q336222,parent - child,542
Q878369,Q336285,parent - child,5328
Q6376736,Q336343,parent - child,4547
Q1316,Q336347,parent - child,409
Q253660,Q336347,parent - child,409
Q1430773,Q336347,grandparent - child,409
Q271995,Q336691,parent - child,3802
Q230218,Q324366,parent - child,248
Q1350489,Q324366,parent - child,248
Q6777444,Q324366,parent - child,248
Q514456,Q324842,parent - child,5568
Q472535,Q324882,parent - child,389
Q209662,Q324882,parent - child,389
Q1940849,Q325155,parent - child,6000
Q1042824,Q325497,parent - child,557
Q4780441,Q325808,parent - child,5830
Q3370477,Q325808,grandparent - child,5830
Q26791923,Q328752,parent - child,2343
Q12222649,Q328786,parent - child,3485
Q410,Q329743,parent - child,4992
Q10976890,Q329776,parent - child,5483
Q451828,Q330014,parent - child,4755
Q55369,Q330096,parent - child,3519
Q3545220,Q330151,parent - child,4018
Q6122272,Q330315,parent - child,1859
Q3595187,Q331155,parent - child,1129
Q381477,Q331155,parent - child,1129
Q243103,Q331652,parent - child,1179
Q251287,Q331652,parent - child,1179
Q183105,Q332528,parent - child,1791
Q2723519,Q332528,parent - child,1791
Q2640566,Q347757,parent - child,4588
Q289364,Q347879,parent - child,2270
Q318263,Q347879,parent - child,2270
Q963975,Q347950,parent - child,3036
Q11867711,Q347963,parent - child,1551
Q2740778,Q348493,parent - child,1803
Q255033,Q349211,parent - child,3739
Q230665,Q349312,parent - child,3742
Q560197,Q334822,parent - child,155
Q128245,Q334871,parent - child,360
Q164111,Q334871,parent - child,360
Q6405209,Q334871,grandparent - child,360
Q6523167,Q332799,parent - child,4097
Q335649,Q336980,parent - child,1536
Q36361304,Q337404,parent - child,1883
Q2640500,Q348627,parent - child,1929
Q238402,Q349461,parent - child,542
Q361297,Q349461,parent - child,542
Q14999,Q349477,parent - child,1800
Q9343588,Q349492,parent - child,5009
Q312185,Q349492,parent - child,5009
Q224644,Q350235,parent - child,2116
Q532393,Q350412,parent - child,117
Q9171990,Q350412,grandparent - child,117
Q16345,Q350528,parent - child,3089
Q5540178,Q359416,parent - child,3565
Q2549618,Q359440,parent - child,1255
Q16012729,Q335260,parent - child,95
Q5362691,Q335417,parent - child,645
Q64868069,Q335507,parent - child,3204
Q6134813,Q335692,parent - child,1180
Q7356679,Q335726,parent - child,5532
Q7926168,Q335733,parent - child,3747
Q310396,Q335832,parent - child,3481
Q128976,Q335945,parent - child,5156
Q3051212,Q335945,parent - child,5156
Q4710895,Q335930,parent - child,4795
Q16728020,Q357608,parent - child,173
Q30876,Q357608,parent - child,173
Q375600,Q357561,parent - child,1330
Q191311,Q357616,parent - child,3082
Q51575,Q357762,parent - child,5637
Q92824,Q357936,parent - child,137
Q1203,Q357974,parent - child,862
Q3646297,Q357974,grandparent - child,862
Q253192,Q357974,parent - child,862
Q272590,Q358133,parent - child,731
Q968391,Q358133,parent - child,731
Q1663170,Q358269,parent - child,2612
Q189895,Q358403,parent - child,1121
Q550059,Q358403,parent - child,1121
Q3069332,Q358513,parent - child,98
Q1189593,Q358723,parent - child,3645
Q364342,Q359311,parent - child,3068
Q2468583,Q359311,parent - child,3068
Q926235,Q359356,parent - child,565
Q1430773,Q359413,parent - child,409
Q612300,Q338190,parent - child,2140
Q1243536,Q338612,parent - child,3199
Q116854,Q339181,parent - child,2146
Q725403,Q339711,parent - child,756
Q6547616,Q340036,parent - child,58
Q2746271,Q340036,grandparent - child,58
Q5945711,Q340036,grandparent - child,58
Q108283,Q340213,parent - child,4372
Q195396,Q342419,parent - child,2993
Q1712381,Q342484,parent - child,4217
Q547893,Q344908,parent - child,502
Q151754,Q344908,parent - child,502
Q9682,Q344908,grandparent - child,502
Q80976,Q344908,grandparent - child,502
Q6778229,Q344930,parent - child,1251
Q864992,Q344930,parent - child,1251
Q2414564,Q350404,parent - child,4315
Q1795060,Q350619,parent - child,4769
Q355130,Q350619,grandparent - child,4769
Q11610027,Q350739,parent - child,309
Q1287406,Q351479,parent - child,3991
Q1167950,Q352117,parent - child,3637
Q1184381,Q352159,parent - child,3357
Q3802506,Q352313,parent - child,4337
Q275082,Q352657,parent - child,4001
Q352649,Q352657,parent - child,4001
Q23722398,Q352709,parent - child,695
Q3677243,Q352709,parent - child,695
Q685581,Q352975,parent - child,3627
Q159609,Q352981,parent - child,171
Q2099997,Q352981,grandparent - child,171
Q29574,Q352981,parent - child,171
Q57304,Q352981,grandparent - child,171
Q154946,Q352981,grandparent - child,171
Q433201,Q353915,parent - child,1611
Q47426,Q353915,parent - child,1611
Q449064,Q369283,parent - child,2455
Q39829,Q370377,parent - child,1209
Q108812505,Q370410,parent - child,2055
Q2847760,Q370496,parent - child,3969
Q1700428,Q371031,parent - child,1214
Q81179,Q371203,parent - child,87
Q12973,Q371203,parent - child,87
Q217167,Q371263,parent - child,626
Q1763476,Q371637,parent - child,3582
Q5629556,Q371652,parent - child,5050
Q2958697,Q371696,parent - child,4574
Q5284870,Q371716,parent - child,905
Q72984,Q371716,parent - child,905
Q11324272,Q343510,parent - child,5941
Q3127926,Q345212,parent - child,665
Q11425191,Q345494,parent - child,4432
Q587389,Q345838,parent - child,4937
Q20644782,Q345994,parent - child,2804
Q16611725,Q346630,parent - child,1416
Q4098632,Q360471,parent - child,4650
Q1349205,Q361412,parent - child,2620
Q5976666,Q361412,parent - child,2620
Q454200,Q361412,grandparent - child,2620
Q321776,Q361715,parent - child,4293
Q374479,Q361927,parent - child,2380
Q230969,Q362304,parent - child,2420
Q8027,Q362304,parent - child,2420
Q1110336,Q362304,grandparent - child,2420
Q106775,Q362500,parent - child,2879
Q5671454,Q356303,parent - child,1814
Q7781079,Q356303,parent - child,1814
Q605880,Q356439,parent - child,303
Q2459273,Q356487,parent - child,485
Q745388,Q356762,parent - child,1153
Q267724,Q356762,parent - child,1153
Q527522,Q356919,parent - child,4274
Q7052163,Q352998,parent - child,32
Q2549618,Q353074,parent - child,1255
Q62618613,Q354051,parent - child,686
Q938844,Q354538,parent - child,2324
Q719215,Q355130,parent - child,4769
Q1233679,Q355251,parent - child,2478
Q275985,Q355251,parent - child,2478
Q159609,Q355254,parent - child,171
Q2099997,Q355254,grandparent - child,171
Q29574,Q355254,parent - child,171
Q57304,Q355254,grandparent - child,171
Q154946,Q355254,grandparent - child,171
Q355420,Q355388,parent - child,4463
Q717927,Q355742,parent - child,2042
Q6935503,Q355748,parent - child,1071
Q3158120,Q355835,parent - child,3430
Q5271680,Q380802,parent - child,5955
Q3746472,Q380830,parent - child,696
Q289364,Q380884,parent - child,2270
Q318263,Q380884,parent - child,2270
Q16475381,Q381409,parent - child,457
Q2275413,Q381657,parent - child,454
Q151773,Q381700,parent - child,697
Q155394,Q381700,grandparent - child,697
Q61351,Q381700,grandparent - child,697
Q564889,Q381700,parent - child,697
Q163010,Q381700,grandparent - child,697
Q124435495,Q381748,parent - child,4899
Q468364,Q381748,parent - child,4899
Q160318,Q381817,parent - child,3270
Q4926056,Q381817,grandparent - child,3270
Q238529,Q381863,parent - child,1714
Q34105,Q381863,parent - child,1714
Q99850,Q382318,parent - child,4805
Q11286755,Q382368,parent - child,2489
Q7122,Q382389,parent - child,1972
Q433979,Q382393,parent - child,1872
Q2925490,Q382393,parent - child,1872
Q119873134,Q382598,parent - child,4172
Q333129,Q382598,parent - child,4172
Q199671,Q382939,parent - child,6158
Q2405300,Q383062,parent - child,4641
Q1499564,Q388031,parent - child,5386
Q3765462,Q388442,parent - child,6219
Q55910,Q390870,parent - child,833
Q11763400,Q390870,parent - child,833
Q1959505,Q362133,parent - child,3499
Q348163,Q362220,parent - child,3672
Q694125,Q363188,parent - child,6068
Q12358331,Q364070,parent - child,1006
Q8446,Q426999,parent - child,1770
Q222071,Q426999,parent - child,1770
Q2784377,Q427019,parent - child,808
Q2412965,Q427564,parent - child,1940
Q1976750,Q427564,grandparent - child,1940
Q10501,Q427791,parent - child,3636
Q3898856,Q428803,parent - child,5515
Q3815699,Q431038,parent - child,1689
Q51488,Q431191,parent - child,2784
Q229258,Q431191,parent - child,2784
Q314812,Q431362,parent - child,4285
Q966565,Q431362,grandparent - child,4285
Q57327,Q431442,parent - child,687
Q114899566,Q431442,grandparent - child,687
Q40512,Q431442,grandparent - child,687
Q468528,Q431442,parent - child,687
Q21078069,Q431442,grandparent - child,687
Q230499,Q432069,parent - child,197
Q443342,Q432097,parent - child,1792
Q11720300,Q432097,grandparent - child,1792
Q108807424,Q432097,parent - child,1792
Q2653932,Q388679,parent - child,3086
Q508525,Q390192,parent - child,1331
Q336050,Q390192,parent - child,1331
Q192818,Q390378,parent - child,4699
Q3790523,Q390698,parent - child,891
Q4683095,Q391072,parent - child,3016
Q19798238,Q391072,grandparent - child,3016
Q4866219,Q391072,grandparent - child,3016
Q289645,Q391269,parent - child,421
Q333635,Q392174,parent - child,2348
Q2419672,Q392434,parent - child,1119
Q5253152,Q372613,parent - child,2501
Q18693205,Q372695,parent - child,5184
Q457290,Q373129,parent - child,3216
Q183187,Q373425,parent - child,2820
Q5342195,Q373605,parent - child,2860
Q125948,Q373717,parent - child,3293
Q5734633,Q374338,parent - child,3803
Q356473,Q375046,parent - child,5915
Q3199788,Q375118,parent - child,2109
Q457657,Q375118,grandparent - child,2109
Q3530742,Q375118,grandparent - child,2109
Q303207,Q375118,parent - child,2109
Q1266200,Q375118,grandparent - child,2109
Q794871,Q375118,grandparent - child,2109
Q336916,Q367861,parent - child,3992
Q187149,Q367901,parent - child,140
Q72919,Q367901,parent - child,140
Q1672671,Q368087,parent - child,5577
Q1209858,Q369116,parent - child,5258
Q561911,Q365451,parent - child,6258
Q2363706,Q365750,parent - child,2
Q315231,Q366255,parent - child,1291
Q6797423,Q366575,parent - child,5434
Q956239,Q366670,parent - child,2123
Q233966,Q366670,parent - child,2123
Q3925,Q366670,grandparent - child,2123
Q185025,Q366670,grandparent - child,2123
Q21855971,Q366671,parent - child,4221
Q537377,Q366671,parent - child,4221
Q597296,Q366766,parent - child,4480
Q882606,Q366825,parent - child,273
Q346280,Q366876,parent - child,578
Q128563,Q367056,parent - child,4336
Q3313820,Q367056,parent - child,4336
Q55468,Q367489,parent - child,452
Q954522,Q431755,parent - child,2193
Q4767192,Q432183,parent - child,2103
Q599249,Q432246,parent - child,5674
Q3911,Q432537,parent - child,87
Q12973,Q432537,grandparent - child,87
Q230238,Q432537,grandparent - child,87
Q55211,Q432709,parent - child,5550
Q2939349,Q432766,parent - child,4717
Q329734,Q432873,parent - child,103
Q525757,Q432931,parent - child,3157
Q11696150,Q432961,parent - child,355
Q6364496,Q432963,parent - child,6247
Q96066068,Q433143,parent - child,24
Q274169,Q433368,parent - child,905
Q72984,Q433368,parent - child,905
Q312878,Q433417,parent - child,2437
Q186111,Q433500,parent - child,1160
Q5953339,Q433500,parent - child,1160
Q137808,Q433683,parent - child,1123
Q233529,Q433761,parent - child,799
Q118725,Q447173,parent - child,1137
Q12180950,Q447173,parent - child,1137
Q16089753,Q447285,parent - child,1182
Q153717,Q447285,parent - child,1182
Q4391113,Q447538,parent - child,2317
Q131579797,Q447607,parent - child,5309
Q981226,Q447703,parent - child,4518
Q4516605,Q447791,parent - child,5282
Q10859743,Q447959,parent - child,5303
Q548733,Q448031,parent - child,2228
Q855252,Q448031,grandparent - child,2228
Q164518,Q448031,grandparent - child,2228
Q548733,Q448071,parent - child,2228
Q855252,Q448071,grandparent - child,2228
Q164518,Q448071,grandparent - child,2228
Q2057143,Q448071,parent - child,2228
Q4388939,Q448071,grandparent - child,2228
Q16305973,Q448071,grandparent - child,2228
Q1680032,Q448193,parent - child,4639
Q464299,Q437852,parent - child,91
Q2336896,Q438288,parent - child,2717
Q5809,Q438288,parent - child,2717
Q10861998,Q438288,grandparent - child,2717
Q16301954,Q438340,parent - child,101
Q282078,Q438400,parent - child,3734
Q865110,Q438400,grandparent - child,3734
Q1677918,Q438670,parent - child,116
Q2939561,Q439282,parent - child,5083
Q3840460,Q439415,parent - child,5535
Q134333,Q439415,parent - child,5535
Q3153,Q440375,parent - child,3163
Q32717,Q440741,parent - child,2263
Q2927525,Q421455,parent - child,4287
Q5620619,Q421455,grandparent - child,4287
Q2038656,Q421581,parent - child,2689
Q35291742,Q421852,parent - child,6071
Q12322884,Q425708,parent - child,3900
Q6777761,Q425792,parent - child,1532
Q2832324,Q395089,parent - child,2491
Q361703,Q400167,parent - child,1161
Q38823,Q400619,parent - child,100
Q127330,Q401963,parent - child,4140
Q7293165,Q402203,parent - child,5402
Q3573157,Q403264,parent - child,372
Q273113,Q404251,parent - child,3563
Q1135684,Q405301,parent - child,2881
Q27972315,Q412002,parent - child,1108
Q2736550,Q417657,parent - child,5734
Q1620640,Q418206,parent - child,1058
Q478765,Q418622,parent - child,5006
Q1207010,Q418649,parent - child,6105
Q1757958,Q434003,parent - child,261
Q6397634,Q434244,parent - child,1055
Q465830,Q434435,parent - child,3261
Q1930705,Q434509,parent - child,6090
Q3905534,Q434574,parent - child,5526
Q2778276,Q434680,parent - child,2757
Q470798,Q374760,parent - child,5642
Q2415569,Q374812,parent - child,4254
Q3196526,Q374967,parent - child,1930
Q497669,Q375468,parent - child,5715
Q1565411,Q375571,parent - child,3125
Q1340325,Q375787,parent - child,1874
Q678091,Q375932,parent - child,1533
Q3659170,Q376418,parent - child,2221
Q2667651,Q376532,parent - child,5981
Q57394,Q376532,parent - child,5981
Q2640500,Q377197,parent - child,1929
Q3431782,Q377424,parent - child,4941
Q1398992,Q377538,parent - child,56
Q558689,Q377945,parent - child,3388
Q485490,Q378072,parent - child,4961
Q956973,Q378858,parent - child,2087
Q560197,Q379171,parent - child,155
Q443823,Q379461,parent - child,4083
Q452557,Q379471,parent - child,3907
Q765373,Q379479,parent - child,87
Q2278538,Q379479,grandparent - child,87
Q112108,Q379479,parent - child,87
Q6519907,Q379762,parent - child,4907
Q367825,Q379946,parent - child,2216
Q11854074,Q380150,parent - child,1447
Q5359015,Q380283,parent - child,4464
Q10971308,Q380326,parent - child,3171
Q503850,Q380437,parent - child,2678
Q2146157,Q380579,parent - child,2372
Q456688,Q440363,parent - child,1682
Q239807,Q440453,parent - child,3527
Q6045901,Q440773,parent - child,5075
Q261120,Q441594,parent - child,587
Q154594,Q441726,parent - child,2581
Q468430,Q441734,parent - child,204
Q2104293,Q441742,parent - child,3467
Q167724,Q441784,parent - child,6237
Q78469,Q441822,parent - child,1176
Q38302,Q441822,grandparent - child,1176
Q62327,Q441822,grandparent - child,1176
Q348209,Q441941,parent - child,419
Q6062217,Q441953,parent - child,925
Q458752,Q441953,parent - child,925
Q234992,Q442226,parent - child,259
Q48259,Q442226,parent - child,259
Q2023137,Q441977,parent - child,1807
Q1392643,Q442243,parent - child,2825
Q272674,Q442773,parent - child,5735
Q4895947,Q442826,parent - child,2428
Q4476910,Q442830,parent - child,6250
Q14912653,Q442846,parent - child,3085
Q5911939,Q442863,parent - child,4070
Q454156,Q442907,parent - child,3427
Q276043,Q443141,parent - child,1439
Q333129,Q443374,parent - child,4172
Q40038499,Q448078,parent - child,4844
Q432522,Q448592,parent - child,3211
Q945209,Q448714,parent - child,3865
Q5227865,Q448781,parent - child,4847
Q173123,Q448903,parent - child,3860
Q11637,Q448983,parent - child,908
Q168041,Q449013,parent - child,3557
Q3148170,Q449023,parent - child,1391
Q2847364,Q449240,parent - child,2909
Q946984,Q449494,parent - child,567
Q5479875,Q449494,parent - child,567
Q6240155,Q449514,parent - child,900
Q1360254,Q449547,parent - child,324
Q445145,Q449547,parent - child,324
Q5418252,Q449600,parent - child,563
Q363246,Q449642,parent - child,5372
Q4612,Q449649,parent - child,6009
Q1530136,Q449665,parent - child,684
Q12023108,Q449769,parent - child,1982
Q53015,Q449801,parent - child,2863
Q16405660,Q449939,parent - child,4127
Q1501393,Q450113,parent - child,3544
Q121504,Q454724,parent - child,2594
Q185590,Q454724,grandparent - child,2594
Q12022686,Q454724,grandparent - child,2594
Q487043,Q454819,parent - child,1197
Q3035442,Q455023,parent - child,2321
Q103756,Q455030,parent - child,1502
Q317677,Q455304,parent - child,480
Q317832,Q455341,parent - child,1072
Q16302537,Q455540,parent - child,195
Q350761,Q455611,parent - child,3421
Q3308223,Q455635,parent - child,3476
Q735458,Q455691,parent - child,45
Q57313,Q456034,parent - child,1404
Q2038,Q462950,parent - child,2370
Q190994,Q463239,parent - child,1339
Q3805579,Q463239,parent - child,1339
Q466508,Q463497,parent - child,3252
Q312098,Q463497,parent - child,3252
Q15257,Q463557,parent - child,5337
Q312878,Q463734,parent - child,2437
Q93030,Q463882,parent - child,929
Q1279390,Q463936,parent - child,5023
Q11543376,Q434562,parent - child,4535
Q11543401,Q434562,parent - child,4535
Q108100860,Q434779,parent - child,5716
Q57304,Q435324,parent - child,171
Q154946,Q435324,parent - child,171
Q456180,Q435398,parent - child,5899
Q1337991,Q435737,parent - child,368
Q94735263,Q435744,parent - child,2675
Q525706,Q435921,parent - child,1076
Q3127926,Q436069,parent - child,665
Q4766900,Q436203,parent - child,3167
Q5112903,Q436203,parent - child,3167
Q611266,Q436425,parent - child,6099
Q2597366,Q436620,parent - child,2772
Q3182639,Q436847,parent - child,3564
Q16596045,Q450630,parent - child,2639
Q5819898,Q450630,parent - child,2639
Q16649454,Q450630,grandparent - child,2639
Q451109,Q450775,parent - child,1793
Q11715492,Q450928,parent - child,1936
Q1688305,Q451002,parent - child,1647
Q1148825,Q451122,parent - child,2247
Q1764459,Q451122,parent - child,2247
Q2443186,Q451359,parent - child,153
Q440,Q451359,parent - child,153
Q693094,Q451666,parent - child,2441
Q542364,Q437152,parent - child,5220
Q5364775,Q437247,parent - child,161
Q1467448,Q437312,parent - child,6156
Q97037,Q437336,parent - child,3868
Q64432806,Q437395,parent - child,5008
Q474192,Q437406,parent - child,4102
Q6581543,Q437575,parent - child,4715
Q11720300,Q443342,parent - child,1792
Q12322007,Q443361,parent - child,4423
Q6376861,Q443534,parent - child,4298
Q603952,Q443912,parent - child,2516
Q12401665,Q443940,parent - child,4428
Q717856,Q444131,parent - child,6251
Q446118,Q444146,parent - child,4351
Q46248,Q444174,parent - child,5058
Q315728,Q444988,parent - child,692
Q214642,Q445905,parent - child,2286
Q259543,Q445905,parent - child,2286
Q2284774,Q451696,parent - child,1921
Q538411,Q451724,parent - child,1080
Q261284,Q451724,parent - child,1080
Q722733,Q451813,parent - child,318
Q526716,Q451974,parent - child,1237
Q1547799,Q451974,parent - child,1237
Q10389772,Q451984,parent - child,4692
Q284051,Q452025,parent - child,5597
Q308123,Q452037,parent - child,5606
Q236770,Q452039,parent - child,1080
Q3093699,Q452139,parent - child,5889
Q3847238,Q452164,parent - child,4753
Q3351472,Q452173,parent - child,1496
Q722042,Q452307,parent - child,5703
Q506592,Q452475,parent - child,1052
Q1911638,Q453075,parent - child,4497
Q34453,Q453170,parent - child,2099
Q2498810,Q453170,parent - child,2099
Q1238180,Q464232,parent - child,408
Q5336088,Q464360,parent - child,4376
Q318312,Q464425,parent - child,681
Q2700318,Q464578,parent - child,155
Q55407,Q464578,grandparent - child,155
Q2877914,Q464578,parent - child,155
Q16013306,Q464578,grandparent - child,155
Q71018,Q464658,parent - child,347
Q342698,Q464684,parent - child,3730
Q4881016,Q464712,parent - child,2566
Q12880739,Q464862,parent - child,4654
Q312013,Q464862,parent - child,4654
Q3933125,Q464912,parent - child,4241
Q297644,Q465217,parent - child,2973
Q6514718,Q457421,parent - child,3380
Q1033656,Q457656,parent - child,5723
Q5883014,Q457736,parent - child,6236
Q4388117,Q457774,parent - child,1960
Q550695,Q457794,parent - child,3707
Q1545687,Q457855,parent - child,3217
Q1280960,Q457855,grandparent - child,3217
Q1369819,Q457967,parent - child,4643
Q529934,Q457967,grandparent - child,4643
Q4269926,Q458282,parent - child,836
Q23682443,Q458296,parent - child,3547
Q20250012,Q458371,parent - child,3341
Q4561862,Q458371,parent - child,3341
Q19281614,Q458464,parent - child,4454
Q925891,Q458657,parent - child,5283
Q230969,Q458994,parent - child,2420
Q8027,Q458994,parent - child,2420
Q1110336,Q458994,grandparent - child,2420
Q55400,Q459078,parent - child,3568
Q510316,Q459122,parent - child,4671
Q233999,Q459216,parent - child,369
Q230636,Q459348,parent - child,1123
Q137808,Q459348,grandparent - child,1123
Q118725,Q459816,parent - child,1137
Q12180950,Q459816,parent - child,1137
Q5573378,Q469869,parent - child,2148
Q4990455,Q469869,parent - child,2148
Q6240233,Q469869,grandparent - child,2148
Q6099794,Q469890,parent - child,5958
Q3054680,Q470152,parent - child,2188
Q332485,Q470152,parent - child,2188
Q108597,Q470227,parent - child,4640
Q504840,Q470233,parent - child,2008
Q3357162,Q470362,parent - child,1018
Q881301,Q470755,parent - child,3996
Q579363,Q453307,parent - child,5022
Q165674,Q453463,parent - child,49
Q255679,Q453463,parent - child,49
Q1279389,Q453774,parent - child,937
Q137808,Q453804,parent - child,1123
Q1619015,Q454133,parent - child,2750
Q238547,Q454135,parent - child,406
Q470554,Q454135,parent - child,406
Q4705713,Q454237,parent - child,1366
Q318310,Q454382,parent - child,3882
Q199896,Q455835,parent - child,4902
Q313339,Q455848,parent - child,3999
Q11462674,Q455848,parent - child,3999
Q1147417,Q455945,parent - child,134
Q380685,Q455945,parent - child,134
Q455443,Q456038,parent - child,2154
Q466520,Q456038,parent - child,2154
Q206659,Q456047,parent - child,1028
Q173221,Q456105,parent - child,5228
Q18844124,Q456169,parent - child,680
Q320829,Q456169,parent - child,680
Q23505,Q456169,grandparent - child,680
Q190628,Q456169,grandparent - child,680
Q7927152,Q456291,parent - child,2133
Q7287314,Q456291,grandparent - child,2133
Q11398963,Q456352,parent - child,315
Q3868781,Q456675,parent - child,2095
Q3751120,Q456675,parent - child,2095
Q446720,Q457064,parent - child,465
Q53015,Q457170,parent - child,2863
Q1350489,Q457306,parent - child,248
Q222805,Q466947,parent - child,2874
Q1480,Q466947,parent - child,2874
Q3246911,Q465130,parent - child,720
Q3571709,Q465440,parent - child,3271
Q553313,Q465804,parent - child,5781
Q7261853,Q465826,parent - child,4036
Q785011,Q465826,parent - child,4036
Q82066,Q465863,parent - child,2978
Q3821470,Q465907,parent - child,1113
Q335455,Q465907,parent - child,1113
Q66108225,Q465912,parent - child,5698
Q106573,Q465971,parent - child,850
Q212015,Q465971,parent - child,850
Q3420999,Q466056,parent - child,601
Q1785,Q466073,parent - child,4441
Q4351728,Q466125,parent - child,3072
Q110464381,Q445761,parent - child,4035
Q2605460,Q445767,parent - child,317
Q5890867,Q445817,parent - child,3972
Q160640,Q445984,parent - child,4627
Q171312,Q446050,parent - child,4391
Q204336,Q446055,parent - child,2176
Q164041,Q446284,parent - child,283
Q43203,Q446468,parent - child,1369
Q28517,Q446534,parent - child,4340
Q2861263,Q446842,parent - child,5965
Q3036050,Q446862,parent - child,1491
Q611429,Q459541,parent - child,1582
Q365572,Q459618,parent - child,3131
Q504522,Q459822,parent - child,4916
Q981083,Q459873,parent - child,4328
Q6625452,Q460148,parent - child,872
Q1035944,Q460278,parent - child,2058
Q17132342,Q460323,parent - child,3656
Q361703,Q460384,parent - child,1161
Q5901936,Q460408,parent - child,143
Q5116252,Q460408,parent - child,143
Q151973,Q460457,parent - child,537
Q7659507,Q460457,parent - child,537
Q438453,Q460462,parent - child,956
Q4200614,Q460568,parent - child,5413
Q3237317,Q460578,parent - child,2898
Q72652,Q460578,parent - child,2898
Q4291291,Q460756,parent - child,1232
Q357291,Q460761,parent - child,344
Q10390,Q461063,parent - child,1862
Q4993396,Q461063,grandparent - child,1862
Q665850,Q461063,grandparent - child,1862
Q240628,Q461063,parent - child,1862
Q269898,Q461192,parent - child,43
Q146906,Q461192,parent - child,43
Q4116074,Q461192,grandparent - child,43
Q294365,Q461192,grandparent - child,43
Q137808,Q461259,parent - child,1123
Q2313270,Q461016,parent - child,2824
Q3094173,Q461039,parent - child,1687
Q461260,Q461050,parent - child,5263
Q3838528,Q461249,parent - child,390
Q1639368,Q461348,parent - child,1417
Q62566630,Q461690,parent - child,5609
Q1173549,Q461767,parent - child,3366
Q11119783,Q462020,parent - child,527
Q1251819,Q462242,parent - child,1420
Q42775,Q462289,parent - child,85
Q4347204,Q462335,parent - child,580
Q1805782,Q462426,parent - child,4993
Q321160,Q462473,parent - child,2464
Q376176,Q505743,parent - child,5445
Q7087672,Q506098,parent - child,5195
Q38849,Q506730,parent - child,226
Q33637,Q506805,parent - child,3037
Q2404055,Q506805,parent - child,3037
Q253553,Q507640,parent - child,5353
Q80596,Q508184,parent - child,1657
Q233253,Q508212,parent - child,85
Q442398,Q508212,grandparent - child,85
Q1040657,Q508212,parent - child,85
Q2387638,Q470847,parent - child,2464
Q353777,Q471209,parent - child,1876
Q53944,Q471851,parent - child,5417
Q713195,Q471851,grandparent - child,5417
Q15522089,Q471851,parent - child,5417
Q212733,Q471874,parent - child,2274
Q2483874,Q471874,parent - child,2274
Q467889,Q471962,parent - child,2734
Q326587,Q471971,parent - child,4849
Q5203697,Q472320,parent - child,39
Q3733002,Q472414,parent - child,2384
Q3762966,Q472414,parent - child,2384
Q66080,Q473944,parent - child,5094
Q302203,Q474266,parent - child,755
Q18192144,Q474266,parent - child,755
Q294927,Q486185,parent - child,2328
Q1189486,Q486381,parent - child,1636
Q280229,Q486381,parent - child,1636
Q168567,Q486599,parent - child,1690
Q256027,Q486786,parent - child,1384
Q201327,Q487100,parent - child,610
Q20904033,Q487100,grandparent - child,610
Q313110,Q487100,grandparent - child,610
Q1134149,Q487100,parent - child,610
Q6949304,Q487272,parent - child,5544
Q70309,Q487442,parent - child,4482
Q468467,Q488446,parent - child,737
Q389136,Q489158,parent - child,3555
Q468467,Q490114,parent - child,737
Q1580046,Q490410,parent - child,4743
Q1376944,Q491234,parent - child,3370
Q451206,Q493963,parent - child,678
Q433903,Q493963,parent - child,678
Q445643,Q494412,parent - child,26
Q23848,Q494547,parent - child,2182
Q40531,Q521087,parent - child,5243
Q16106255,Q521201,parent - child,1412
Q7929773,Q521717,parent - child,2888
Q109428184,Q521717,parent - child,2888
Q12037349,Q522030,parent - child,3396
Q7020322,Q522066,parent - child,1195
Q54945,Q522079,parent - child,2456
Q2287542,Q522106,parent - child,3543
Q368,Q522106,parent - child,3543
Q6804693,Q522242,parent - child,5349
Q1919549,Q523964,parent - child,599
Q1954211,Q523964,grandparent - child,599
Q1520401,Q524000,parent - child,4203
Q146906,Q524703,parent - child,43
Q4116074,Q524703,grandparent - child,43
Q294365,Q524703,grandparent - child,43
Q269437,Q524703,parent - child,43
Q2282734,Q466236,parent - child,5893
Q7796061,Q466322,parent - child,2774
Q362392,Q466406,parent - child,4039
Q1175220,Q466537,parent - child,4144
Q358879,Q466980,parent - child,2864
Q107359230,Q467112,parent - child,4119
Q1210645,Q467187,parent - child,5884
Q1471625,Q467201,parent - child,3930
Q470875,Q467231,parent - child,4527
Q432357,Q467362,parent - child,5522
Q277895,Q467423,parent - child,53
Q3935006,Q467423,parent - child,53
Q1647267,Q467697,parent - child,3806
Q260955,Q467697,parent - child,3806
Q144271,Q467852,parent - child,1229
Q454863,Q467852,grandparent - child,1229
Q25310,Q467861,parent - child,1997
Q258661,Q467861,parent - child,1997
Q57340,Q467866,parent - child,2595
Q444261,Q467866,grandparent - child,2595
Q17489755,Q467866,parent - child,2595
Q230697,Q467874,parent - child,1145
Q34479,Q467874,parent - child,1145
Q25310,Q467912,parent - child,1997
Q258661,Q467912,parent - child,1997
Q434824,Q472790,parent - child,4468
Q307637,Q475105,parent - child,4452
Q334072,Q478812,parent - child,2300
Q203129,Q478832,parent - child,2403
Q7917036,Q467977,parent - child,996
Q6513812,Q468043,parent - child,242
Q1771420,Q468043,parent - child,242
Q464479,Q468476,parent - child,990
Q23918228,Q468499,parent - child,6146
Q21078069,Q468528,parent - child,687
Q432806,Q468532,parent - child,1887
Q18634287,Q468621,parent - child,5758
Q215868,Q468676,parent - child,2862
Q450423,Q468677,parent - child,148
Q409,Q468677,parent - child,148
Q470313,Q468677,grandparent - child,148
Q4255219,Q468690,parent - child,3176
Q11860,Q468797,parent - child,4081
Q193426,Q469302,parent - child,2791
Q9960,Q469302,parent - child,2791
Q472535,Q469401,parent - child,389
Q209662,Q469401,parent - child,389
Q792887,Q524601,parent - child,4602
Q6752503,Q524949,parent - child,263
Q356450,Q525282,parent - child,2036
Q5585455,Q525531,parent - child,2063
Q111231015,Q525624,parent - child,2918
Q1115522,Q469115,parent - child,5494
Q2387638,Q469514,parent - child,2464
Q5305012,Q469538,parent - child,2446
Q4296110,Q469550,parent - child,553
Q4290293,Q469550,parent - child,553
Q493660,Q469617,parent - child,3532
Q3182348,Q540946,parent - child,5656
Q53344441,Q540946,parent - child,5656
Q11854786,Q541180,parent - child,4930
Q11626639,Q541213,parent - child,1868
Q213122,Q541304,parent - child,605
Q9582,Q541304,parent - child,605
Q7173326,Q541501,parent - child,4171
Q26772600,Q541680,parent - child,1245
Q57558,Q541680,parent - child,1245
Q228899,Q498390,parent - child,916
Q2599,Q498390,parent - child,916
Q336947,Q499613,parent - child,4215
Q123125597,Q493733,parent - child,1984
Q6234653,Q493914,parent - child,6118
Q4221511,Q494596,parent - child,114
Q1572946,Q494608,parent - child,3759
Q97216379,Q495980,parent - child,4803
Q464997,Q496251,parent - child,3425
Q51029,Q496421,parent - child,5435
Q51024,Q496846,parent - child,5427
Q51029,Q498210,parent - child,5435
Q11365365,Q498314,parent - child,1552
Q6688278,Q506878,parent - child,917
Q3308223,Q506944,parent - child,3476
Q283332,Q507415,parent - child,4291
Q462444,Q507972,parent - child,5540
Q16736446,Q508224,parent - child,572
Q208667,Q508722,parent - child,746
Q77526,Q508794,parent - child,1334
Q7693827,Q508887,parent - child,2882
Q194280,Q509163,parent - child,3029
Q525711,Q509239,parent - child,377
Q483203,Q509248,parent - child,2452
Q328508,Q509262,parent - child,136
Q232636,Q509565,parent - child,1145
Q311174,Q509565,parent - child,1145
Q37979,Q509565,grandparent - child,1145
Q87610,Q509565,grandparent - child,1145
Q26806,Q509953,parent - child,3771
Q234058,Q509953,parent - child,3771
Q1871396,Q510002,parent - child,2419
Q512673,Q510002,parent - child,2419
Q263623,Q510259,parent - child,171
Q57304,Q510259,grandparent - child,171
Q154946,Q510259,grandparent - child,171
Q537914,Q510259,parent - child,171
Q1351926,Q476596,parent - child,6077
Q16170892,Q476764,parent - child,4031
Q11880964,Q476764,parent - child,4031
Q571584,Q479032,parent - child,5198
Q284278,Q482807,parent - child,2901
Q296350,Q483027,parent - child,359
Q224644,Q526461,parent - child,2116
Q33218,Q526743,parent - child,1080
Q1333222,Q526743,parent - child,1080
Q47506976,Q527047,parent - child,1356
Q1028336,Q527047,parent - child,1356
Q17063702,Q527177,parent - child,5430
Q5536190,Q527553,parent - child,4542
Q3187233,Q527771,parent - child,4425
Q456357,Q527841,parent - child,2068
Q1391193,Q527870,parent - child,4265
Q772633,Q528132,parent - child,504
Q1507824,Q528159,parent - child,227
Q1089193,Q528320,parent - child,4257
Q253916,Q528527,parent - child,4862
Q182450,Q528527,parent - child,4862
Q879984,Q528749,parent - child,2424
Q36949,Q541821,parent - child,999
Q3480369,Q541853,parent - child,522
Q1351374,Q541983,parent - child,1633
Q803646,Q542530,parent - child,2723
Q442398,Q542956,parent - child,85
Q11959097,Q543200,parent - child,4023
Q384529,Q543845,parent - child,4704
Q1878477,Q543845,parent - child,4704
Q544472,Q544426,parent - child,3446
Q118987,Q544426,parent - child,3446
Q211204,Q544856,parent - child,1426
Q95519,Q483228,parent - child,3584
Q3338827,Q483290,parent - child,1286
Q656219,Q483325,parent - child,939
Q626438,Q484380,parent - child,4167
Q4934381,Q484840,parent - child,3244
Q486374,Q484840,grandparent - child,3244
Q790932,Q499982,parent - child,5130
Q1274581,Q500389,parent - child,1475
Q4767446,Q500644,parent - child,2002
Q28113416,Q500957,parent - child,3708
Q20744022,Q500999,parent - child,6052
Q66353,Q501354,parent - child,241
Q77960,Q501493,parent - child,953
Q2567,Q501493,parent - child,953
Q4125213,Q502185,parent - child,1458
Q77744,Q502835,parent - child,5847
Q6544417,Q503143,parent - child,5859
Q882362,Q503580,parent - child,1151
Q1878703,Q503580,grandparent - child,1151
Q818507,Q504105,parent - child,1017
Q553080,Q504153,parent - child,5224
Q169065,Q504463,parent - child,6188
Q1386558,Q510074,parent - child,334
Q1677918,Q510505,parent - child,116
Q552389,Q511455,parent - child,1824
Q53003,Q511483,parent - child,778
Q43247,Q511483,parent - child,778
Q557932,Q512022,parent - child,2118
Q6390168,Q512071,parent - child,3042
Q2275413,Q512402,parent - child,454
Q279205,Q512537,parent - child,6113
Q6320743,Q512741,parent - child,1610
Q44980,Q513167,parent - child,2438
Q11867824,Q513212,parent - child,2074
Q152929,Q513336,parent - child,2700
Q3435587,Q513632,parent - child,1777
Q2407332,Q513667,parent - child,1944
Q2268789,Q514013,parent - child,2083
Q2755833,Q514695,parent - child,5869
Q454639,Q514705,parent - child,3358
Q3498550,Q503997,parent - child,172
Q717676,Q504878,parent - child,4972
Q463614,Q504878,parent - child,4972
Q16404825,Q544368,parent - child,1126
Q16404822,Q544368,parent - child,1126
Q828575,Q544510,parent - child,3041
Q2332151,Q544700,parent - child,2356
Q616344,Q546286,parent - child,6020
Q444097,Q546367,parent - child,2807
Q64998,Q547371,parent - child,5052
Q466341,Q547437,parent - child,3966
Q8349547,Q528299,parent - child,3289
Q7387332,Q528496,parent - child,3840
Q347083,Q528853,parent - child,461
Q6990398,Q528853,parent - child,461
Q313545,Q529120,parent - child,1142
Q961894,Q529140,parent - child,4438
Q171519,Q529156,parent - child,4391
Q171312,Q529156,grandparent - child,4391
Q725400,Q529384,parent - child,3641
Q2847545,Q529554,parent - child,167
Q2172912,Q529590,parent - child,2752
Q8016967,Q529825,parent - child,2771
Q7383251,Q530755,parent - child,2891
Q4913100,Q531185,parent - child,2289
Q285549,Q531585,parent - child,2669
Q128121,Q531585,parent - child,2669
Q181887,Q532915,parent - child,2453
Q461641,Q533073,parent - child,6032
Q19577706,Q547506,parent - child,1517
Q3731736,Q547806,parent - child,295
Q102229,Q547842,parent - child,2596
Q84699,Q548048,parent - child,3964
Q455578,Q553469,parent - child,1588
Q119069,Q553528,parent - child,2967
Q6086451,Q553833,parent - child,2379
Q5409487,Q553888,parent - child,764
Q11899598,Q553888,parent - child,764
Q3071879,Q553958,parent - child,624
Q365144,Q554091,parent - child,38
Q780846,Q554091,parent - child,38
Q2110571,Q554370,parent - child,42
Q18118135,Q554488,parent - child,1000
Q26251287,Q555253,parent - child,2418
Q6988334,Q555341,parent - child,1276
Q392,Q555426,parent - child,5693
Q11339960,Q555493,parent - child,345
Q11565892,Q555493,parent - child,345
Q57655,Q556586,parent - child,4052
Q733312,Q556586,grandparent - child,4052
Q1512057,Q566635,parent - child,2049
Q1512296,Q566678,parent - child,2411
Q1727260,Q566726,parent - child,4762
Q116748,Q568274,parent - child,2205
Q76374,Q568274,parent - child,2205
Q1997370,Q568850,parent - child,5284
Q84524,Q548112,parent - child,2129
Q1279067,Q548168,parent - child,1211
Q2032904,Q548454,parent - child,1994
Q855252,Q548733,parent - child,2228
Q164518,Q548733,parent - child,2228
Q16140662,Q548733,grandparent - child,2228
Q103774,Q549981,parent - child,336
Q154920,Q550183,parent - child,502
Q9682,Q550183,grandparent - child,502
Q80976,Q550183,grandparent - child,502
Q155203,Q550183,parent - child,502
Q178344,Q555781,parent - child,2191
Q315587,Q556137,parent - child,1563
Q362349,Q556149,parent - child,3431
Q739548,Q556194,parent - child,5118
Q167846,Q556607,parent - child,826
Q40217135,Q558221,parent - child,1963
Q334015,Q559022,parent - child,801
Q9171990,Q532393,parent - child,117
Q6211865,Q532545,parent - child,4483
Q8059942,Q532645,parent - child,4096
Q2322197,Q532719,parent - child,6228
Q11963111,Q532720,parent - child,5748
Q1224132,Q532789,parent - child,3040
Q323112,Q533768,parent - child,3871
Q282035,Q534265,parent - child,514
Q23682351,Q534371,parent - child,879
Q36290,Q534371,parent - child,879
Q282641,Q534433,parent - child,1646
Q538411,Q534961,parent - child,1080
Q261284,Q534961,parent - child,1080
Q470027,Q535946,parent - child,177
Q216411,Q536350,parent - child,4398
Q19577706,Q512846,parent - child,1517
Q19289095,Q513615,parent - child,154
Q129533460,Q513719,parent - child,2738
Q11738046,Q515100,parent - child,5978
Q722042,Q515562,parent - child,5703
Q157176,Q515688,parent - child,4332
Q18918593,Q515964,parent - child,966
Q1659635,Q516404,parent - child,893
Q336916,Q516921,parent - child,3992
Q3747301,Q517317,parent - child,3768
Q1872938,Q517382,parent - child,6137
Q334947,Q517506,parent - child,6011
Q2316217,Q517689,parent - child,2802
Q4512548,Q517689,grandparent - child,2802
Q6369927,Q518828,parent - child,4998
Q311126,Q518828,parent - child,4998
Q514264,Q519068,parent - child,722
Q106963,Q519068,parent - child,722
Q2091033,Q570288,parent - child,4670
Q264675,Q570902,parent - child,179
Q12377093,Q571190,parent - child,1132
Q356161,Q571645,parent - child,1746
Q3218070,Q535451,parent - child,4688
Q2275925,Q536050,parent - child,933
Q3339377,Q536071,parent - child,396
Q346411,Q536660,parent - child,3466
Q5365718,Q536900,parent - child,6160
Q238871,Q538123,parent - child,534
Q4573,Q538123,parent - child,534
Q47120,Q538219,parent - child,3615
Q788565,Q538532,parent - child,4032
Q382226,Q538532,parent - child,4032
Q3856503,Q538638,parent - child,3274
Q692034,Q538704,parent - child,180
Q6446719,Q539120,parent - child,6045
Q2903280,Q518424,parent - child,2376
Q519588,Q519529,parent - child,2088
Q200015,Q520016,parent - child,947
Q9049,Q520020,parent - child,2883
Q138690,Q520020,parent - child,2883
Q2891165,Q520118,parent - child,254
Q323304,Q520234,parent - child,3777
Q738410,Q520482,parent - child,1853
Q3848075,Q521022,parent - child,3800
Q1606461,Q539459,parent - child,460
Q5354208,Q539814,parent - child,1885
Q295267,Q539814,parent - child,1885
Q242084,Q539872,parent - child,2213
Q313509,Q540461,parent - child,3945
Q527493,Q540521,parent - child,806
Q630109,Q540573,parent - child,1083
Q470875,Q540605,parent - child,4527
Q235305,Q540608,parent - child,64
Q193645,Q540608,parent - child,64
Q60220299,Q549242,parent - child,2682
Q3157264,Q549570,parent - child,616
Q4777584,Q550243,parent - child,3859
Q3182814,Q550778,parent - child,3457
Q2983075,Q551439,parent - child,4826
Q1555232,Q558301,parent - child,3063
Q8270075,Q558718,parent - child,142
Q5300423,Q558793,parent - child,2790
Q4132607,Q559485,parent - child,4153
Q1320369,Q559712,parent - child,2509
Q16728020,Q560094,parent - child,173
Q30876,Q560094,parent - child,173
Q4933019,Q560164,parent - child,176
Q106529,Q573147,parent - child,5634
Q461186,Q573147,parent - child,5634
Q1138235,Q575689,parent - child,38
Q296597,Q575881,parent - child,1199
Q1303976,Q575881,parent - child,1199
Q2576722,Q576436,parent - child,501
Q345019,Q576846,parent - child,1656
Q3069473,Q576935,parent - child,4129
Q235227,Q578956,parent - child,5071
Q312956,Q578956,parent - child,5071
Q444033,Q590433,parent - child,5294
Q764803,Q590853,parent - child,1261
Q2319562,Q590853,parent - child,1261
Q3292297,Q592349,parent - child,1080
Q84971,Q592349,grandparent - child,1080
Q534961,Q592349,parent - child,1080
Q538411,Q592349,grandparent - child,1080
Q261284,Q592349,grandparent - child,1080
Q438784,Q648036,parent - child,2690
Q3103681,Q648036,parent - child,2690
Q16368739,Q648238,parent - child,5037
Q1441949,Q649731,parent - child,677
Q6223504,Q651186,parent - child,1431
Q259900,Q651895,parent - child,4750
Q5892406,Q551910,parent - child,3573
Q725519,Q552026,parent - child,5285
Q317427,Q552470,parent - child,834
Q5383,Q552731,parent - child,1666
Q2669959,Q552731,parent - child,1666
Q12880739,Q552751,parent - child,4654
Q312013,Q552751,parent - child,4654
Q206181,Q552819,parent - child,335
Q4820196,Q552819,parent - child,335
Q68000,Q552895,parent - child,4014
Q4061,Q552925,parent - child,3353
Q671268,Q553228,parent - child,2407
Q7228701,Q614907,parent - child,2513
Q3595242,Q614907,parent - child,2513
Q880161,Q616430,parent - child,3686
Q25432346,Q616469,parent - child,2254
Q988711,Q616686,parent - child,6038
Q556137,Q616695,parent - child,1563
Q315587,Q616695,grandparent - child,1563
Q8862654,Q616945,parent - child,5347
Q55743,Q616945,parent - child,5347
Q1067641,Q617637,parent - child,4352
Q6013757,Q618025,parent - child,2034
Q230644,Q618634,parent - child,87
Q16004,Q618634,parent - child,87
Q15988,Q618634,grandparent - child,87
Q160984,Q618634,grandparent - child,87
Q230644,Q619598,parent - child,87
Q16004,Q619598,parent - child,87
Q15988,Q619598,grandparent - child,87
Q160984,Q619598,grandparent - child,87
Q230644,Q619855,parent - child,87
Q16004,Q619855,parent - child,87
Q15988,Q619855,grandparent - child,87
Q160984,Q619855,grandparent - child,87
Q704776,Q620337,parent - child,738
Q701093,Q620337,grandparent - child,738
Q4925346,Q620337,parent - child,738
Q1782833,Q620479,parent - child,5631
Q244206,Q620518,parent - child,211
Q5986173,Q561820,parent - child,820
Q11670208,Q561820,grandparent - child,820
Q11480352,Q561820,grandparent - child,820
Q11557699,Q561820,parent - child,820
Q5483633,Q561837,parent - child,2546
Q604485,Q562084,parent - child,2003
Q26791923,Q562782,parent - child,2343
Q2547628,Q563427,parent - child,6142
Q5901444,Q563544,parent - child,1063
Q163010,Q564889,parent - child,697
Q6968312,Q577605,parent - child,3687
Q936891,Q581499,parent - child,2169
Q27063016,Q583341,parent - child,1707
Q151773,Q583639,parent - child,697
Q155394,Q583639,grandparent - child,697
Q61351,Q583639,grandparent - child,697
Q564889,Q583639,parent - child,697
Q163010,Q583639,grandparent - child,697
Q319283,Q584724,parent - child,2926
Q3595448,Q594565,parent - child,3074
Q2635164,Q594771,parent - child,524
Q1986493,Q596136,parent - child,402
Q3087644,Q596698,parent - child,46
Q3037932,Q597092,parent - child,5596
Q1806072,Q597515,parent - child,5807
Q3852594,Q597551,parent - child,1488
Q451075,Q597936,parent - child,5917
Q241609,Q600415,parent - child,2625
Q19673,Q600415,parent - child,2625
Q577160,Q600415,grandparent - child,2625
Q2156280,Q563620,parent - child,940
Q3508125,Q564004,parent - child,2841
Q334015,Q564093,parent - child,801
Q463747,Q565265,parent - child,1349
Q5082305,Q652066,parent - child,5000
Q3513887,Q653162,parent - child,4105
Q2110571,Q653317,parent - child,42
Q3152584,Q654628,parent - child,969
Q975940,Q655512,parent - child,1338
Q96142771,Q656918,parent - child,4959
Q246915,Q657778,parent - child,2654
Q262437,Q658238,parent - child,873
Q108491847,Q658238,grandparent - child,873
Q1367305,Q658454,parent - child,4246
Q98100003,Q623962,parent - child,2969
Q494412,Q624109,parent - child,26
Q445643,Q624109,grandparent - child,26
Q55664084,Q625810,parent - child,2859
Q2147070,Q627098,parent - child,5573
Q627267,Q627261,parent - child,3494
Q112078515,Q628346,parent - child,5832
Q723595,Q629237,parent - child,4882
Q356026,Q630274,parent - child,3994
Q1941315,Q631195,parent - child,2867
Q63099272,Q584660,parent - child,29
Q1647520,Q585866,parent - child,5549
Q229162,Q586574,parent - child,2183
Q80504,Q586574,parent - child,2183
Q643348,Q586623,parent - child,1550
Q221454,Q587793,parent - child,2327
Q3484632,Q587793,parent - child,2327
Q1225786,Q601771,parent - child,4033
Q3052995,Q603075,parent - child,942
Q703780,Q603075,parent - child,942
Q205561,Q604223,parent - child,857
Q11814351,Q605866,parent - child,2351
Q658160,Q606555,parent - child,5699
Q26251082,Q606779,parent - child,5237
Q2397086,Q607384,parent - child,4924
Q3609302,Q607450,parent - child,1909
Q4593,Q607685,parent - child,1546
Q554175,Q607685,grandparent - child,1546
Q1149,Q607685,grandparent - child,1546
Q163225,Q607685,parent - child,1546
Q188783,Q609095,parent - child,388
Q6158229,Q609095,parent - child,388
Q310586,Q609189,parent - child,5238
Q3499119,Q609196,parent - child,4624
Q3390959,Q609196,parent - child,4624
Q2381218,Q630747,parent - child,1041
Q4394274,Q633750,parent - child,4883
Q4391014,Q633750,parent - child,4883
Q16338204,Q634310,parent - child,4833
Q1122259,Q634620,parent - child,6184
Q6912355,Q637102,parent - child,2871
Q222675,Q640904,parent - child,2999
Q212063,Q660334,parent - child,4678
Q8242410,Q660476,parent - child,1557
Q130852,Q661410,parent - child,3011
Q2379836,Q661410,grandparent - child,3011
Q6069906,Q661579,parent - child,865
Q568621,Q661579,parent - child,865
Q231501,Q662287,parent - child,4
Q44374,Q662287,parent - child,4
Q84323,Q662361,parent - child,4687
Q10494,Q671886,parent - child,1570
Q4200118,Q671930,parent - child,1973
Q4200117,Q671930,grandparent - child,1973
Q2087600,Q673136,parent - child,1766
Q158258,Q674343,parent - child,1037
Q160770,Q674343,grandparent - child,1037
Q170184,Q674343,grandparent - child,1037
Q236678,Q674343,parent - child,1037
Q662328,Q674520,parent - child,4009
Q350950,Q675575,parent - child,5688
Q962932,Q676094,parent - child,2233
Q155279,Q676094,grandparent - child,2233
Q535412,Q676094,parent - child,2233
Q165674,Q676450,parent - child,49
Q255679,Q676450,parent - child,49
Q1130195,Q698411,parent - child,2972
Q16397,Q698411,parent - child,2972
Q712093,Q698411,grandparent - child,2972
Q23034463,Q698411,grandparent - child,2972
Q18301,Q698688,parent - child,3399
Q3369827,Q698688,grandparent - child,3399
Q2995789,Q698746,parent - child,4151
Q57707166,Q698765,parent - child,5861
Q448018,Q699199,parent - child,2600
Q77895,Q699199,parent - child,2600
Q3911,Q700152,parent - child,87
Q12973,Q700152,grandparent - child,87
Q230238,Q700152,grandparent - child,87
Q31129,Q700152,parent - child,87
Q8862192,Q645877,parent - child,5862
Q51880401,Q645895,parent - child,4949
Q1641210,Q667842,parent - child,4904
Q5950446,Q639392,parent - child,5737
Q6758404,Q640835,parent - child,751
Q11684375,Q642421,parent - child,182
Q12990834,Q642827,parent - child,4334
Q82110,Q644365,parent - child,1110
Q983158,Q645167,parent - child,5569
Q15988,Q646338,parent - child,87
Q160984,Q646338,parent - child,87
Q12973,Q646338,grandparent - child,87
Q230238,Q646338,grandparent - child,87
Q435063,Q646397,parent - child,304
Q490887,Q646397,parent - child,304
Q285493,Q699565,parent - child,1937
Q443186,Q699770,parent - child,2080
Q315475,Q699770,parent - child,2080
Q356161,Q700791,parent - child,1746
Q697939,Q700913,parent - child,2812
Q60181119,Q610788,parent - child,750
Q442991,Q611349,parent - child,4476
Q2643,Q611349,parent - child,4476
Q5543576,Q611625,parent - child,1735
Q309640,Q612436,parent - child,5126
Q317817,Q612436,grandparent - child,5126
Q194291,Q612582,parent - child,1813
Q2045181,Q612757,parent - child,3079
Q716465,Q613695,parent - child,1732
Q11899582,Q613846,parent - child,5190
Q223771,Q614544,parent - child,449
Q3844447,Q614544,parent - child,449
Q5506856,Q675896,parent - child,783
Q12725621,Q675896,parent - child,783
Q3264786,Q677342,parent - child,2033
Q5545637,Q677871,parent - child,1942
Q17364249,Q677894,parent - child,5923
Q3838508,Q680190,parent - child,5865
Q154920,Q680304,parent - child,502
Q9682,Q680304,grandparent - child,502
Q80976,Q680304,grandparent - child,502
Q155203,Q680304,parent - child,502
Q930013,Q663875,parent - child,1441
Q563765,Q663875,parent - child,1441
Q16095872,Q664097,parent - child,3682
Q8061601,Q664373,parent - child,2523
Q4345656,Q666493,parent - child,3356
Q492892,Q667070,parent - child,2433
Q2833882,Q701748,parent - child,4555
Q172775,Q703683,parent - child,4004
Q10565640,Q704041,parent - child,433
Q4461315,Q704160,parent - child,2107
Q235128,Q704310,parent - child,697
Q313857,Q704310,parent - child,697
Q57907,Q704377,parent - child,897
Q20763561,Q704377,parent - child,897
Q701093,Q704776,parent - child,738
Q30728670,Q704846,parent - child,2345
Q8070454,Q705140,parent - child,3745
Q75394738,Q705235,parent - child,1841
Q2283192,Q705235,parent - child,1841
Q80135,Q706328,parent - child,5831
Q6390168,Q706358,parent - child,3042
Q118725,Q706694,parent - child,1137
Q12180950,Q706694,parent - child,1137
Q4890338,Q706701,parent - child,332
Q936891,Q706882,parent - child,2169
Q160528,Q707079,parent - child,3080
Q717696,Q707164,parent - child,1329
Q172653,Q707739,parent - child,3020
Q3103209,Q684842,parent - child,3634
Q171732,Q685075,parent - child,48
Q455578,Q685722,parent - child,1588
Q279314,Q689660,parent - child,2904
Q4116074,Q689964,parent - child,43
Q294365,Q689964,parent - child,43
Q42930,Q720777,parent - child,1117
Q6558096,Q720777,parent - child,1117
Q5350564,Q721206,parent - child,2956
Q739965,Q721375,parent - child,581
Q51583,Q721417,parent - child,5403
Q89831,Q721417,parent - child,5403
Q5934429,Q721561,parent - child,4645
Q212015,Q722660,parent - child,850
Q240885,Q722660,parent - child,850
Q188459,Q722830,parent - child,1863
Q2742575,Q722830,parent - child,1863
Q1435834,Q722971,parent - child,1947
Q5976435,Q723761,parent - child,4529
Q952736,Q724288,parent - child,2840
Q95922548,Q724410,parent - child,4132
Q50680702,Q724410,parent - child,4132
Q3739307,Q734601,parent - child,4974
Q2001945,Q734644,parent - child,672
Q586503,Q734682,parent - child,765
Q7181818,Q735123,parent - child,2777
Q3752663,Q736223,parent - child,1187
Q216021,Q736237,parent - child,3347
Q3750292,Q736402,parent - child,2741
Q497827,Q736477,parent - child,1511
Q446937,Q737183,parent - child,5990
Q237805,Q711920,parent - child,692
Q315728,Q711920,grandparent - child,692
Q212466,Q711920,parent - child,692
Q55419,Q712449,parent - child,851
Q20151,Q712663,parent - child,1626
Q733312,Q712839,parent - child,4052
Q296386,Q713235,parent - child,5574
Q2146833,Q713557,parent - child,4131
Q270271,Q713747,parent - child,2044
Q3351411,Q713775,parent - child,5206
Q39382682,Q713923,parent - child,3034
Q5087005,Q713925,parent - child,2629
Q1406293,Q714178,parent - child,3680
Q171515,Q714365,parent - child,6255
Q171745,Q714404,parent - child,184
Q224782,Q714404,parent - child,184
Q23705141,Q714404,grandparent - child,184
Q1148591,Q714404,grandparent - child,184
Q553196,Q714646,parent - child,2788
Q22087347,Q714651,parent - child,2238
Q5878,Q714651,parent - child,2238
Q353164,Q714993,parent - child,3571
Q17453227,Q687662,parent - child,2988
Q2059394,Q690083,parent - child,2895
Q1712010,Q691064,parent - child,3033
Q337375,Q691299,parent - child,2645
Q321042,Q691440,parent - child,2697
Q5436357,Q691490,parent - child,2842
Q506457,Q692050,parent - child,2405
Q11850802,Q693029,parent - child,3912
Q700804,Q695075,parent - child,367
Q234888,Q724762,parent - child,3321
Q133151,Q724791,parent - child,4635
Q1806985,Q724791,parent - child,4635
Q577228,Q724825,parent - child,3810
Q55277,Q724867,parent - child,1795
Q230697,Q725680,parent - child,1145
Q34479,Q725680,parent - child,1145
Q124045260,Q726199,parent - child,3735
Q576944,Q726356,parent - child,3796
Q2763815,Q726383,parent - child,970
Q263172,Q727988,parent - child,4262
Q982817,Q738291,parent - child,4655
Q2580935,Q739556,parent - child,5187
Q627267,Q739990,parent - child,3494
Q353777,Q740044,parent - child,1876
Q11978723,Q740631,parent - child,5683
Q326939,Q741258,parent - child,3168
Q409,Q741513,parent - child,148
Q470313,Q741513,grandparent - child,148
Q552819,Q741600,parent - child,335
Q206181,Q741600,grandparent - child,335
Q4820196,Q741600,grandparent - child,335
Q3121553,Q741655,parent - child,3638
Q497827,Q741784,parent - child,1511
Q315587,Q742051,parent - child,1563
Q6101140,Q742140,parent - child,52
Q18351656,Q743162,parent - child,4885
Q126928093,Q695190,parent - child,3957
Q470040,Q732055,parent - child,301
Q455421,Q732418,parent - child,1476
Q27653423,Q732418,parent - child,1476
Q470847,Q732820,parent - child,2464
Q2387638,Q732820,grandparent - child,2464
Q462473,Q732820,parent - child,2464
Q321160,Q732820,grandparent - child,2464
Q2911403,Q733103,parent - child,2662
Q6611891,Q733103,parent - child,2662
Q2124683,Q727398,parent - child,4522
Q1986701,Q728060,parent - child,6072
Q7599711,Q728063,parent - child,4335
Q16338567,Q728087,parent - child,5335
Q6729877,Q728721,parent - child,1288
Q554175,Q730045,parent - child,1546
Q1149,Q730045,parent - child,1546
Q715566,Q730901,parent - child,3984
Q3524655,Q730984,parent - child,3720
Q1688950,Q730984,grandparent - child,3720
Q2933413,Q731168,parent - child,888
Q1404366,Q731597,parent - child,2015
Q3595455,Q731854,parent - child,6241
Q116970656,Q731941,parent - child,3986
Q1058806,Q731969,parent - child,5123
Q8287842,Q714509,parent - child,4260
Q2847458,Q714862,parent - child,3502
Q1286713,Q714933,parent - child,5415
Q105838892,Q715352,parent - child,3828
Q2846843,Q715587,parent - child,5746
Q11867711,Q715623,parent - child,1551
Q6760899,Q715991,parent - child,928
Q7822604,Q715991,grandparent - child,928
Q704724,Q717640,parent - child,3793
Q236017,Q707760,parent - child,5921
Q2696138,Q707822,parent - child,3047
Q4251982,Q708452,parent - child,1665
Q312081,Q708824,parent - child,5885
Q6110527,Q708841,parent - child,1750
Q703153,Q709121,parent - child,639
Q709142,Q709307,parent - child,5778
Q230433,Q743509,parent - child,1145
Q701990,Q743509,grandparent - child,1145
Q217096,Q743509,parent - child,1145
Q37979,Q743509,grandparent - child,1145
Q87610,Q743509,grandparent - child,1145
Q317473,Q744018,parent - child,3626
Q3085155,Q747831,parent - child,4686
Q4957315,Q748538,parent - child,64
Q193645,Q748538,parent - child,64
Q1321767,Q748582,parent - child,2192
Q184556,Q748596,parent - child,1565
Q1609586,Q748926,parent - child,2731
Q55190,Q754131,parent - child,4546
Q910373,Q754131,parent - child,4546
Q1586505,Q709854,parent - child,2911
Q28132235,Q710155,parent - child,1587
Q41117,Q710805,parent - child,1016
Q469761,Q711031,parent - child,3448
Q7934,Q711137,parent - child,5102
Q317638,Q711662,parent - child,5721
Q4381410,Q720334,parent - child,1959
Q4832163,Q720334,parent - child,1959
Q3660514,Q720531,parent - child,3967
Q202172,Q720531,parent - child,3967
Q16016262,Q720581,parent - child,3247
Q131309326,Q717997,parent - child,3365
Q409,Q718404,parent - child,148
Q470313,Q718404,grandparent - child,148
Q2849107,Q718533,parent - child,5742
Q3148689,Q718956,parent - child,4378
Q3612104,Q718956,grandparent - child,4378
Q11978053,Q719072,parent - child,2890
Q368039,Q719173,parent - child,5149
Q11603008,Q719250,parent - child,430
Q3386452,Q719314,parent - child,529
Q313139,Q719716,parent - child,5857
Q1254,Q720665,parent - child,5752
Q1362941,Q763206,parent - child,511
Q3435373,Q764205,parent - child,1183
Q127220,Q765199,parent - child,6067
Q2278538,Q765373,parent - child,87
Q392,Q766818,parent - child,5693
Q3086745,Q767002,parent - child,4964
Q1230,Q767345,parent - child,5360
Q86514201,Q828613,parent - child,2071
Q3159859,Q828613,parent - child,2071
Q95313,Q828618,parent - child,3521
Q71023,Q828798,parent - child,3904
Q165241,Q828957,parent - child,1018
Q131045,Q828957,grandparent - child,1018
Q57287,Q828957,grandparent - child,1018
Q470362,Q828957,parent - child,1018
Q3357162,Q828957,grandparent - child,1018
Q94334,Q830697,parent - child,87
Q155004,Q830697,parent - child,87
Q3911,Q830697,grandparent - child,87
Q31129,Q830697,grandparent - child,87
Q584816,Q830872,parent - child,5873
Q1122913,Q831114,parent - child,3614
Q431755,Q832419,parent - child,2193
Q954522,Q832419,grandparent - child,2193
Q98114,Q832622,parent - child,4080
Q87048,Q834760,parent - child,606
Q793005,Q749350,parent - child,2136
Q539372,Q749613,parent - child,5185
Q20644822,Q750161,parent - child,5217
Q1322545,Q751890,parent - child,3225
Q20479241,Q751890,parent - child,3225
Q571584,Q756223,parent - child,5198
Q7693847,Q759274,parent - child,5241
Q834791,Q834788,parent - child,2987
Q8248365,Q837451,parent - child,3352
Q16522708,Q838349,parent - child,1985
Q461176,Q838817,parent - child,608
Q12727822,Q838817,parent - child,608
Q12330684,Q840617,parent - child,3451
Q1336644,Q841459,parent - child,4223
Q19976490,Q768899,parent - child,3795
Q426404,Q770995,parent - child,1346
Q3362638,Q772416,parent - child,2157
Q318855,Q772455,parent - child,4804
Q1299389,Q772951,parent - child,3205
Q987002,Q773746,parent - child,3671
Q1399404,Q773746,parent - child,3671
Q94123,Q774934,parent - child,1014
Q3573759,Q774934,parent - child,1014
Q477577,Q887841,parent - child,4226
Q466125,Q888020,parent - child,3072
Q4351728,Q888020,grandparent - child,3072
Q885653,Q888203,parent - child,2310
Q887978,Q888222,parent - child,1025
Q1614966,Q888281,parent - child,6030
Q3105417,Q888443,parent - child,2383
Q3171405,Q860387,parent - child,4028
Q233905,Q861110,parent - child,885
Q44430,Q861110,parent - child,885
Q708554,Q861110,grandparent - child,885
Q2543056,Q861324,parent - child,2262
Q6195484,Q862186,parent - child,1325
Q3646340,Q862455,parent - child,3880
Q208667,Q862460,parent - child,746
Q7801428,Q863520,parent - child,5929
Q247538,Q864089,parent - child,4177
Q432743,Q866860,parent - child,4581
Q7158123,Q866860,parent - child,4581
Q11752586,Q866999,parent - child,3237
Q85988785,Q868081,parent - child,4786
Q16162967,Q868081,parent - child,4786
Q868204,Q868263,parent - child,33
Q235832,Q869909,parent - child,4117
Q1102425,Q792770,parent - child,70
Q1102421,Q792770,grandparent - child,70
Q1214143,Q792770,grandparent - child,70
Q792782,Q792770,parent - child,70
Q792781,Q792770,grandparent - child,70
Q792781,Q792782,parent - child,70
Q792808,Q792801,parent - child,4775
Q446653,Q794114,parent - child,1599
Q3328946,Q794425,parent - child,1884
Q525792,Q794609,parent - child,206
Q503717,Q797662,parent - child,2885
Q192778,Q800179,parent - child,1335
Q69578,Q807355,parent - child,1144
Q88973,Q807355,parent - child,1144
Q732232,Q842255,parent - child,2490
Q233905,Q842633,parent - child,885
Q44430,Q842633,parent - child,885
Q708554,Q842633,grandparent - child,885
Q8060755,Q843049,parent - child,3788
Q232636,Q844333,parent - child,1145
Q311174,Q844333,parent - child,1145
Q37979,Q844333,grandparent - child,1145
Q87610,Q844333,grandparent - child,1145
Q765165,Q845256,parent - child,2040
Q1106981,Q845256,parent - child,2040
Q191045,Q847010,parent - child,697
Q156548,Q847010,grandparent - child,697
Q19943,Q847010,grandparent - child,697
Q201589,Q847010,parent - child,697
Q70369423,Q850089,parent - child,3981
Q78465,Q850089,parent - child,3981
Q15791692,Q850089,grandparent - child,3981
Q1339711,Q891522,parent - child,1529
Q4177347,Q891942,parent - child,1765
Q1532451,Q891942,parent - child,1765
Q16262787,Q892575,parent - child,1172
Q366471,Q893686,parent - child,4851
Q89081,Q896885,parent - child,2226
Q312595,Q897070,parent - child,4066
Q2906342,Q873499,parent - child,5396
Q874225,Q874219,parent - child,2970
Q143921,Q875249,parent - child,3955
Q7342955,Q876726,parent - child,1326
Q45365,Q876859,parent - child,3190
Q238233,Q877624,parent - child,49
Q57454,Q877624,parent - child,49
Q165674,Q877624,grandparent - child,49
Q255679,Q877624,grandparent - child,49
Q688518,Q807531,parent - child,3281
Q1332791,Q807558,parent - child,5160
Q1281853,Q809032,parent - child,5670
Q319129,Q809039,parent - child,2172
Q310295,Q809111,parent - child,2323
Q3658850,Q810967,parent - child,6181
Q77960,Q813272,parent - child,953
Q2567,Q813272,parent - child,953
Q19285477,Q813332,parent - child,1202
Q6279,Q813332,parent - child,1202
Q167423,Q815126,parent - child,1684
Q223183,Q815126,parent - child,1684
Q2736008,Q816446,parent - child,1731
Q442258,Q816587,parent - child,196
Q49214,Q816587,parent - child,196
Q86718,Q816873,parent - child,1709
Q89890,Q816873,parent - child,1709
Q1515457,Q816886,parent - child,3500
Q78388,Q816886,grandparent - child,3500
Q76876,Q816886,grandparent - child,3500
Q163010,Q817052,parent - child,697
Q85751,Q817370,parent - child,6048
Q43763,Q817723,parent - child,4447
Q463747,Q818221,parent - child,1349
Q993366,Q777404,parent - child,4232
Q1155062,Q777936,parent - child,3572
Q982314,Q777949,parent - child,4900
Q7071043,Q778520,parent - child,2047
Q356957,Q778520,parent - child,2047
Q1201376,Q850063,parent - child,5499
Q850717,Q850721,parent - child,5025
Q1299243,Q850721,parent - child,5025
Q853382,Q853370,parent - child,4050
Q956239,Q853781,parent - child,2123
Q233966,Q853781,parent - child,2123
Q3925,Q853781,grandparent - child,2123
Q185025,Q853781,grandparent - child,2123
Q460960,Q855749,parent - child,171
Q154952,Q855749,parent - child,171
Q159609,Q855749,grandparent - child,171
Q29574,Q855749,grandparent - child,171
Q63011,Q856149,parent - child,3000
Q1887014,Q780842,parent - child,4999
Q352093,Q781176,parent - child,1177
Q524618,Q781617,parent - child,4872
Q732566,Q783024,parent - child,1085
Q2347152,Q786469,parent - child,2556
Q12349553,Q897432,parent - child,2322
Q25095667,Q897564,parent - child,3512
Q723807,Q898192,parent - child,2445
Q2898662,Q899511,parent - child,4852
Q900002,Q900011,parent - child,3291
Q219078,Q900624,parent - child,2869
Q310932,Q900719,parent - child,3658
Q9392977,Q901524,parent - child,1584
Q342962,Q901527,parent - child,1869
Q230654,Q901541,parent - child,854
Q317248,Q901541,grandparent - child,854
Q272908,Q901541,grandparent - child,854
Q2685,Q901541,parent - child,854
Q16194299,Q901725,parent - child,5151
Q2830502,Q902286,parent - child,528
Q116019411,Q902294,parent - child,4878
Q251846,Q902682,parent - child,1320
Q3751332,Q904316,parent - child,6060
Q219078,Q904966,parent - child,2869
Q426458,Q820713,parent - child,4798
Q6788142,Q877928,parent - child,3495
Q564226,Q879548,parent - child,4433
Q2564606,Q879756,parent - child,5411
Q1525924,Q881141,parent - child,5221
Q16194299,Q787110,parent - child,5151
Q7150897,Q787566,parent - child,4811
Q4964258,Q788596,parent - child,3933
Q789055,Q789052,parent - child,2683
Q48322175,Q789052,parent - child,2683
Q789563,Q789580,parent - child,306
Q539872,Q918335,parent - child,2213
Q242084,Q918335,grandparent - child,2213
Q813553,Q918872,parent - child,4752
Q948350,Q919161,parent - child,1919
Q1637990,Q919163,parent - child,4064
Q5609813,Q919492,parent - child,642
Q3066204,Q919860,parent - child,3758
Q643202,Q919894,parent - child,4810
Q570686,Q919894,parent - child,4810
Q344780,Q920147,parent - child,2429
Q67502316,Q920147,parent - child,2429
Q1334387,Q920151,parent - child,664
Q2269127,Q920448,parent - child,1717
Q2605460,Q920620,parent - child,317
Q349211,Q921021,parent - child,3739
Q255033,Q921021,grandparent - child,3739
Q333246,Q921225,parent - child,5649
Q358513,Q921603,parent - child,98
Q3069332,Q921603,grandparent - child,98
Q9176104,Q922196,parent - child,1950
Q128245,Q922206,parent - child,360
Q164111,Q922206,parent - child,360
Q6405209,Q922206,grandparent - child,360
Q3301621,Q922232,parent - child,398
Q187149,Q922418,parent - child,140
Q72919,Q922418,parent - child,140
Q908038,Q908045,parent - child,4184
Q2824019,Q908363,parent - child,987
Q6068824,Q908363,parent - child,987
Q11645541,Q910611,parent - child,1386
Q7801403,Q911296,parent - child,1444
Q210148,Q913872,parent - child,1782
Q19155,Q913872,grandparent - child,1782
Q10961701,Q913872,grandparent - child,1782
Q62631,Q916529,parent - child,1544
Q108859,Q916529,parent - child,1544
Q1878703,Q882362,parent - child,1151
Q881045,Q885368,parent - child,6014
Q284278,Q922651,parent - child,2901
Q1960481,Q922837,parent - child,4396
Q6677965,Q923186,parent - child,3932
Q1293776,Q923186,grandparent - child,3932
Q2145637,Q923265,parent - child,566
Q1681746,Q923492,parent - child,275
Q1769524,Q924699,parent - child,3862
Q60198152,Q924783,parent - child,5942
Q5344334,Q925416,parent - child,3361
Q4990738,Q925877,parent - child,471
Q445497,Q925877,parent - child,471
Q11532915,Q926370,parent - child,1577
Q3576085,Q926425,parent - child,4145
Q236688,Q926826,parent - child,2703
Q83410,Q926826,parent - child,2703
Q313531,Q926984,parent - child,5021
Q37693161,Q928356,parent - child,1173
Q183703,Q928356,parent - child,1173
Q772645,Q939942,parent - child,4382
Q11860,Q940243,parent - child,4081
Q20604139,Q940681,parent - child,3844
Q2396242,Q940832,parent - child,4569
Q55687452,Q941189,parent - child,2732
Q6070848,Q941189,parent - child,2732
Q1761616,Q941210,parent - child,743
Q6228856,Q941210,parent - child,743
Q6228873,Q941210,grandparent - child,743
Q4977233,Q941210,grandparent - child,743
Q2397086,Q941295,parent - child,4924
Q1065346,Q941751,parent - child,1139
Q7652502,Q942112,parent - child,2295
Q18379294,Q942959,parent - child,2808
Q727289,Q943043,parent - child,4746
Q433570,Q943363,parent - child,343
Q1689033,Q943457,parent - child,3336
Q1285376,Q943457,parent - child,3336
Q707538,Q943790,parent - child,3718
Q22122790,Q943823,parent - child,4857
Q32717,Q945734,parent - child,2263
Q128956,Q945772,parent - child,4061
Q3296260,Q945772,parent - child,4061
Q191952,Q961297,parent - child,5175
Q1693056,Q961839,parent - child,6109
Q328102,Q961972,parent - child,1999
Q3241816,Q962377,parent - child,6081
Q99445793,Q962451,parent - child,4684
Q155279,Q962932,parent - child,2233
Q429648,Q962948,parent - child,201
Q3189029,Q963540,parent - child,4819
Q3790523,Q964367,parent - child,891
Q1627284,Q964580,parent - child,1388
Q1239152,Q964607,parent - child,1455
Q2444236,Q928292,parent - child,1352
Q772141,Q928950,parent - child,4629
Q723706,Q929282,parent - child,3689
Q463099,Q930324,parent - child,1590
Q12369753,Q930324,parent - child,1590
Q527326,Q930653,parent - child,5872
Q4269417,Q930903,parent - child,4385
Q187149,Q933448,parent - child,140
Q72919,Q933448,parent - child,140
Q240772,Q933683,parent - child,4387
Q16018960,Q1027106,parent - child,4174
Q1027946,Q1027941,parent - child,1756
Q963156,Q1028119,parent - child,2041
Q119798,Q1028724,parent - child,1383
Q436789,Q1028724,grandparent - child,1383
Q104027,Q1028724,grandparent - child,1383
Q932270,Q1028836,parent - child,845
Q1029558,Q1029565,parent - child,5005
Q230697,Q1030337,parent - child,1145
Q34479,Q1030337,parent - child,1145
Q230697,Q1030348,parent - child,1145
Q34479,Q1030348,parent - child,1145
Q230697,Q1030373,parent - child,1145
Q34479,Q1030373,parent - child,1145
Q4890058,Q1030677,parent - child,466
Q111371821,Q1031284,parent - child,5366
Q1276954,Q1032270,parent - child,520
Q670075,Q1032270,grandparent - child,520
Q78515,Q1032270,parent - child,520
Q77335,Q1032270,grandparent - child,520
Q76343,Q1032270,grandparent - child,520
Q22975583,Q1032352,parent - child,5946
Q130852,Q1036065,parent - child,3011
Q2379836,Q1036065,grandparent - child,3011
Q379157,Q944546,parent - child,2326
Q7539431,Q945901,parent - child,5007
Q312053,Q945977,parent - child,133
Q1313843,Q946087,parent - child,6073
Q705748,Q946101,parent - child,1086
Q889109,Q946591,parent - child,5193
Q4983880,Q946885,parent - child,3937
Q329,Q946961,parent - child,786
Q3898147,Q946961,grandparent - child,786
Q233253,Q947101,parent - child,85
Q442398,Q947101,grandparent - child,85
Q42775,Q947101,parent - child,85
Q222944,Q947150,parent - child,6003
Q7327301,Q947326,parent - child,3245
Q441424,Q948920,parent - child,4244
Q134549,Q948920,parent - child,4244
Q312258,Q949017,parent - child,3109
Q229990,Q949017,parent - child,3109
Q313046,Q949337,parent - child,2458
Q2067198,Q949337,parent - child,2458
Q346411,Q949883,parent - child,3466
Q11790031,Q933109,parent - child,5629
Q172255,Q933837,parent - child,849
Q355923,Q933973,parent - child,1573
Q3349226,Q934080,parent - child,3362
Q3470333,Q934221,parent - child,753
Q432069,Q934831,parent - child,197
Q230499,Q934831,grandparent - child,197
Q94334,Q935320,parent - child,87
Q155004,Q935320,parent - child,87
Q3911,Q935320,grandparent - child,87
Q31129,Q935320,grandparent - child,87
Q83233,Q936663,parent - child,2670
Q5247049,Q936816,parent - child,5739
Q3839753,Q982793,parent - child,1704
Q3742246,Q982793,parent - child,1704
Q313868,Q982872,parent - child,3368
Q7404563,Q983053,parent - child,3100
Q518385,Q983081,parent - child,144
Q2899899,Q983258,parent - child,2293
Q295141,Q983258,parent - child,2293
Q285536,Q983324,parent - child,2121
Q1463,Q983324,parent - child,2121
Q21078155,Q983402,parent - child,5216
Q2035131,Q983419,parent - child,622
Q470875,Q983475,parent - child,4527
Q515486,Q983479,parent - child,1398
Q111550169,Q983503,parent - child,3761
Q7881176,Q983843,parent - child,2607
Q2332464,Q984367,parent - child,6172
Q1895804,Q984509,parent - child,1617
Q3014239,Q964801,parent - child,4280
Q5619018,Q966498,parent - child,1835
Q922267,Q966522,parent - child,2368
Q5751198,Q966522,parent - child,2368
Q2778276,Q966848,parent - child,2757
Q444509,Q968602,parent - child,3567
Q765,Q968602,parent - child,3567
Q431750,Q968773,parent - child,828
Q7850266,Q969607,parent - child,2061
Q108110742,Q937682,parent - child,2111
Q250828,Q937682,parent - child,2111
Q1343524,Q938063,parent - child,2996
Q3310623,Q938263,parent - child,4898
Q2706644,Q938413,parent - child,5934
Q2069848,Q938774,parent - child,1951
Q15274548,Q939629,parent - child,3348
Q626730,Q939662,parent - child,4343
Q5545340,Q1033777,parent - child,1427
Q5395177,Q1034094,parent - child,2353
Q16489686,Q1034094,parent - child,2353
Q731324,Q1034427,parent - child,5264
Q12355596,Q1034618,parent - child,6086
Q912663,Q1036233,parent - child,4264
Q1037428,Q1037241,parent - child,14
Q65350,Q1037331,parent - child,3200
Q1037874,Q1037881,parent - child,4179
Q1327134,Q1037881,parent - child,4179
Q12339586,Q984350,parent - child,3263
Q3545220,Q985882,parent - child,4018
Q164521,Q986393,parent - child,5957
Q986994,Q986986,parent - child,2016
Q942804,Q987709,parent - child,6166
Q987932,Q987947,parent - child,4299
Q508844,Q987947,parent - child,4299
Q55438,Q987976,parent - child,1983
Q988047,Q988040,parent - child,2451
Q988047,Q988045,parent - child,2451
Q38849,Q992930,parent - child,226
Q77969,Q970992,parent - child,174
Q16550409,Q971234,parent - child,221
Q343652,Q971617,parent - child,481
Q172854,Q971674,parent - child,3249
Q611672,Q971927,parent - child,4754
Q25493886,Q971997,parent - child,3826
Q449600,Q972265,parent - child,563
Q5418252,Q972265,grandparent - child,563
Q12408972,Q972598,parent - child,5315
Q171635,Q973010,parent - child,596
Q436535,Q973774,parent - child,4865
Q1469116,Q974878,parent - child,1629
Q187033,Q975203,parent - child,1302
Q511926,Q975203,grandparent - child,1302
Q43203,Q976575,parent - child,1369
Q3398027,Q994769,parent - child,4695
Q1561439,Q999332,parent - child,774
Q776543,Q1002822,parent - child,5980
Q102139,Q1004037,parent - child,697
Q163010,Q1004037,grandparent - child,697
Q1389258,Q1004037,parent - child,697
Q272905,Q1004751,parent - child,697
Q159101,Q1004751,parent - child,697
Q102139,Q1004751,grandparent - child,697
Q1389258,Q1004751,grandparent - child,697
Q1005959,Q1005957,parent - child,75
Q3990167,Q1006265,parent - child,8
Q554689,Q1006328,parent - child,6013
Q1056814,Q1007345,parent - child,2897
Q1007829,Q1007826,parent - child,2764
Q808971,Q948705,parent - child,910
Q3302355,Q948977,parent - child,1742
Q1367643,Q949046,parent - child,74
Q16130742,Q949349,parent - child,1758
Q539372,Q949482,parent - child,5185
Q116762352,Q950517,parent - child,4724
Q469352,Q950958,parent - child,2528
Q16560091,Q951298,parent - child,767
Q710080,Q951412,parent - child,5608
Q6838588,Q952565,parent - child,2149
Q3441312,Q952826,parent - child,479
Q1468528,Q952953,parent - child,3108
Q7151240,Q952994,parent - child,4583
Q450236,Q953717,parent - child,1042
Q224859,Q1040930,parent - child,984
Q2376224,Q1040930,parent - child,984
Q601495,Q1042251,parent - child,5601
Q299419,Q1042396,parent - child,4381
Q43252,Q1042396,parent - child,4381
Q157921,Q1044343,parent - child,2818
Q543809,Q1044420,parent - child,1485
Q18681523,Q1044457,parent - child,3990
Q229162,Q1048498,parent - child,2183
Q80504,Q1048498,parent - child,2183
Q215012,Q1049830,parent - child,2123
Q3925,Q1049830,grandparent - child,2123
Q185025,Q1049830,grandparent - child,2123
Q7498691,Q976563,parent - child,446
Q3082240,Q977150,parent - child,5316
Q822594,Q977974,parent - child,4165
Q3458853,Q978224,parent - child,4767
Q16150637,Q978581,parent - child,4344
Q7244586,Q978898,parent - child,511
Q1758863,Q978898,grandparent - child,511
Q2431719,Q978898,grandparent - child,511
Q2414301,Q978898,parent - child,511
Q1362941,Q978898,grandparent - child,511
Q510320,Q979131,parent - child,423
Q179150,Q979387,parent - child,2768
Q12003,Q979387,parent - child,2768
Q941402,Q980747,parent - child,868
Q607,Q980958,parent - child,4896
Q2143602,Q981579,parent - child,5090
Q973801,Q981598,parent - child,3166
Q175453,Q981898,parent - child,5351
Q200678,Q981927,parent - child,43
Q57464,Q981927,parent - child,43
Q269898,Q981927,grandparent - child,43
Q146906,Q981927,grandparent - child,43
Q296698,Q959087,parent - child,2234
Q3311678,Q959087,parent - child,2234
Q2361659,Q959153,parent - child,5534
Q3103273,Q959600,parent - child,4108
Q223771,Q959607,parent - child,449
Q3844447,Q959607,parent - child,449
Q1356461,Q959778,parent - child,1724
Q12814394,Q1007841,parent - child,2098
Q2125,Q1009304,parent - child,4110
Q158258,Q1009513,parent - child,1037
Q160770,Q1009513,grandparent - child,1037
Q170184,Q1009513,grandparent - child,1037
Q236678,Q1009513,parent - child,1037
Q53052,Q1010436,parent - child,508
Q65389,Q1016344,parent - child,1294
Q2793470,Q1016897,parent - child,3268
Q6387843,Q1017860,parent - child,1509
Q211553,Q1055604,parent - child,3809
Q1573154,Q1056638,parent - child,2206
Q221153,Q1056638,parent - child,2206
Q92740,Q1057010,parent - child,4642
Q4707074,Q1057926,parent - child,1478
Q6297411,Q1057926,parent - child,1478
Q36290,Q1057939,parent - child,879
Q159347,Q1058602,parent - child,1114
Q194762,Q1058602,parent - child,1114
Q78051,Q1058985,parent - child,721
Q1075132,Q1059471,parent - child,4934
Q6812871,Q1059572,parent - child,5229
Q167846,Q1059948,parent - child,826
Q1303674,Q1060139,parent - child,5860
Q235168,Q1060355,parent - child,208
Q435468,Q1060908,parent - child,4552
Q460960,Q1061685,parent - child,171
Q154952,Q1061685,parent - child,171
Q159609,Q1061685,grandparent - child,171
Q29574,Q1061685,grandparent - child,171
Q12069158,Q1063412,parent - child,155
Q258820,Q1063412,parent - child,155
Q55407,Q1063412,grandparent - child,155
Q301736,Q1063677,parent - child,586
Q6225906,Q1063940,parent - child,5242
Q7173853,Q1064273,parent - child,965
Q335796,Q1065042,parent - child,2561
Q117310521,Q954678,parent - child,5653
Q37793206,Q955347,parent - child,6130
Q1642981,Q955360,parent - child,5378
Q131285,Q957024,parent - child,2068
Q527841,Q957024,parent - child,2068
Q456357,Q957024,grandparent - child,2068
Q71633,Q957463,parent - child,4613
Q72078,Q957463,parent - child,4613
Q1347844,Q957690,parent - child,3410
Q112163474,Q957748,parent - child,5061
Q1341997,Q958529,parent - child,4055
Q5326459,Q958669,parent - child,308
Q548122,Q959455,parent - child,822
Q455578,Q959548,parent - child,1588
Q714238,Q960208,parent - child,4538
Q928374,Q960356,parent - child,4054
Q11470254,Q1050102,parent - child,670
Q3362638,Q1050695,parent - child,2157
Q708473,Q1050970,parent - child,747
Q3385456,Q1050982,parent - child,5552
Q3362638,Q1052910,parent - child,2157
Q1370767,Q1053060,parent - child,3351
Q463651,Q1053409,parent - child,1271
Q3876321,Q1055202,parent - child,3531
Q56760831,Q1055540,parent - child,3732
Q670440,Q1081317,parent - child,2995
Q1593920,Q1081838,parent - child,4498
Q3661786,Q1082088,parent - child,3815
Q234101,Q1083729,parent - child,4742
Q11523469,Q1083729,grandparent - child,4742
Q67180966,Q1083732,parent - child,3303
Q229556,Q1083816,parent - child,859
Q87661,Q1085033,parent - child,6027
Q114150,Q1086138,parent - child,5398
Q378098,Q1086549,parent - child,5767
Q345517,Q1086823,parent - child,5662
Q432694,Q1086823,parent - child,5662
Q1073424,Q1086832,parent - child,4864
Q16472,Q1086852,parent - child,3597
Q1281308,Q1066565,parent - child,1625
Q7909476,Q1069031,parent - child,5338
Q128245,Q1070829,parent - child,360
Q164111,Q1070829,parent - child,360
Q6405209,Q1070829,grandparent - child,360
Q739948,Q1072233,parent - child,6159
Q280657,Q1073289,parent - child,1562
Q229881,Q1073289,parent - child,1562
Q3343458,Q1116880,parent - child,1186
Q268910,Q1116880,grandparent - child,1186
Q55452,Q1116880,parent - child,1186
Q1467558,Q1122401,parent - child,4889
Q223611,Q1128210,parent - child,5460
Q94334,Q1147467,parent - child,87
Q155004,Q1147467,parent - child,87
Q3911,Q1147467,grandparent - child,87
Q31129,Q1147467,grandparent - child,87
Q4425151,Q1149198,parent - child,4706
Q718239,Q1150479,parent - child,5274
Q373570,Q1151367,parent - child,1152
Q435203,Q1151854,parent - child,2531
Q1605571,Q1151854,parent - child,2531
Q232636,Q1152111,parent - child,1145
Q311174,Q1152111,parent - child,1145
Q37979,Q1152111,grandparent - child,1145
Q87610,Q1152111,grandparent - child,1145
Q487043,Q1184107,parent - child,1197
Q2393245,Q1185256,parent - child,1607
Q560622,Q1185256,parent - child,1607
Q6373530,Q1187133,parent - child,4212
Q2278468,Q1188501,parent - child,4489
Q310012,Q1189353,parent - child,5210
Q7329701,Q1189433,parent - child,4230
Q287824,Q1190134,parent - child,4760
Q3526595,Q1190856,parent - child,5444
Q313956,Q1192750,parent - child,384
Q335110,Q1193449,parent - child,2817
Q65051467,Q1196262,parent - child,55
Q3090493,Q1196262,parent - child,55
Q6641772,Q1089400,parent - child,326
Q1247114,Q1089400,grandparent - child,326
Q13023300,Q1089400,grandparent - child,326
Q855252,Q1089410,parent - child,2228
Q164518,Q1089410,parent - child,2228
Q16140662,Q1089410,grandparent - child,2228
Q335260,Q1091237,parent - child,95
Q16012729,Q1091237,grandparent - child,95
Q153815,Q1091237,parent - child,95
Q1143037,Q1094127,parent - child,5927
Q862090,Q1094245,parent - child,5848
Q1096729,Q1096723,parent - child,2335
Q460960,Q1076063,parent - child,171
Q154952,Q1076063,parent - child,171
Q159609,Q1076063,grandparent - child,171
Q29574,Q1076063,grandparent - child,171
Q315258,Q1077542,parent - child,2877
Q28357044,Q1080849,parent - child,1912
Q27928492,Q1080849,parent - child,1912
Q12764045,Q1080884,parent - child,4412
Q1176446,Q1127230,parent - child,3342
Q1224458,Q1127230,parent - child,3342
Q11171152,Q1130449,parent - child,1468
Q433683,Q1132228,parent - child,1123
Q137808,Q1132228,grandparent - child,1123
Q11557962,Q1132836,parent - child,3008
Q61561,Q1132847,parent - child,5369
Q11606067,Q1133192,parent - child,2753
Q66805,Q1133415,parent - child,3136
Q11386656,Q1150600,parent - child,4361
Q1388244,Q1154174,parent - child,5233
Q2425939,Q1155063,parent - child,3668
Q4307815,Q1155890,parent - child,1062
Q6143061,Q1156675,parent - child,5724
Q382420,Q1158726,parent - child,6024
Q2334778,Q1159122,parent - child,4309
Q1033656,Q1159900,parent - child,5723
Q111884419,Q1159991,parent - child,4674
Q186146,Q1161024,parent - child,222
Q1161848,Q1161847,parent - child,4311
Q1288162,Q1161847,parent - child,4311
Q17515,Q1199119,parent - child,699
Q312053,Q1199338,parent - child,133
Q94334,Q1199838,parent - child,87
Q155004,Q1199838,parent - child,87
Q3911,Q1199838,grandparent - child,87
Q31129,Q1199838,grandparent - child,87
Q7404563,Q1203191,parent - child,3100
Q107620062,Q1204117,parent - child,4809
Q58147935,Q1204117,parent - child,4809
Q233966,Q1208034,parent - child,2123
Q3925,Q1208034,grandparent - child,2123
Q185025,Q1208034,grandparent - child,2123
Q739253,Q1210791,parent - child,1239
Q930013,Q1212263,parent - child,1441
Q563765,Q1212263,parent - child,1441
Q971432,Q1212982,parent - child,3950
Q645649,Q1213137,parent - child,1716
Q903692,Q1213165,parent - child,1673
Q109335918,Q1214143,parent - child,70
Q480378,Q1214207,parent - child,4915
Q1214024,Q1214426,parent - child,3239
Q106036,Q1215287,parent - child,6082
Q158258,Q1217757,parent - child,1037
Q160770,Q1217757,grandparent - child,1037
Q170184,Q1217757,grandparent - child,1037
Q236678,Q1217757,parent - child,1037
Q335797,Q1221764,parent - child,3257
Q561954,Q1097640,parent - child,6165
Q538376,Q1097805,parent - child,1321
Q105711966,Q1098169,parent - child,2821
Q316325,Q1099591,parent - child,4611
Q259240,Q1099681,parent - child,1304
Q12252362,Q1100427,parent - child,3038
Q18507451,Q1100427,parent - child,3038
Q11856762,Q1100918,parent - child,5121
Q16031519,Q1100918,parent - child,5121
Q923023,Q1101492,parent - child,1026
Q570832,Q1101492,parent - child,1026
Q2004409,Q1101612,parent - child,5509
Q1101996,Q1101995,parent - child,4558
Q1102421,Q1102425,parent - child,70
Q1214143,Q1102425,parent - child,70
Q109335918,Q1102425,grandparent - child,70
Q201579,Q1104724,parent - child,3866
Q2721855,Q1105021,parent - child,4876
Q1120281,Q1105176,parent - child,1524
Q1118695,Q1105723,parent - child,4585
Q1106314,Q1106308,parent - child,1351
Q12814874,Q1106870,parent - child,6037
Q15441552,Q1107675,parent - child,1788
Q449928,Q1230539,parent - child,1779
Q1420990,Q1230910,parent - child,5244
Q20742876,Q1230910,grandparent - child,5244
Q55825648,Q1230910,parent - child,5244
Q1232260,Q1232263,parent - child,2624
Q1232558,Q1232552,parent - child,2215
Q319527,Q1232804,parent - child,2626
Q1330169,Q1133888,parent - child,2129
Q84524,Q1133888,grandparent - child,2129
Q3472092,Q1134401,parent - child,138
Q3726064,Q1136235,parent - child,2181
Q200768,Q1139078,parent - child,249
Q167498,Q1139078,parent - child,249
Q1087997,Q1139714,parent - child,2147
Q1933507,Q1139993,parent - child,2529
Q20100355,Q1140263,parent - child,512
Q155712,Q1140914,parent - child,2249
Q202725,Q1140914,parent - child,2249
Q230084,Q1140914,grandparent - child,2249
Q547495,Q1140914,grandparent - child,2249
Q5462919,Q1141271,parent - child,517
Q608477,Q1220434,parent - child,4494
Q600757,Q1220434,parent - child,4494
Q108414168,Q1220651,parent - child,3659
Q43299726,Q1220669,parent - child,5011
Q1221507,Q1221503,parent - child,4955
Q1222760,Q1222758,parent - child,1409
Q257083,Q1225089,parent - child,5047
Q1225,Q1225089,parent - child,5047
Q1109222,Q1109120,parent - child,4125
Q1299893,Q1110430,parent - child,6042
Q164995,Q1115871,parent - child,4853
Q1286078,Q1286079,parent - child,4979
Q66431260,Q1286280,parent - child,5503
Q939319,Q1286582,parent - child,2831
Q468470,Q1286582,parent - child,2831
Q26721062,Q1160474,parent - child,5189
Q12351043,Q1160778,parent - child,2144
Q11724201,Q1161716,parent - child,5578
Q5985117,Q1163000,parent - child,3685
Q2301616,Q1163326,parent - child,1789
Q1322185,Q1164209,parent - child,2416
Q1052657,Q1164762,parent - child,1988
Q926235,Q1164826,parent - child,565
Q568426,Q1165507,parent - child,3230
Q241972,Q1166087,parent - child,5823
Q3165234,Q1171148,parent - child,3665
Q1911276,Q1173593,parent - child,5488
Q47582135,Q1174481,parent - child,988
Q983286,Q1174726,parent - child,4200
Q942541,Q1174945,parent - child,3749
Q236321,Q1175076,parent - child,13
Q5416419,Q1175569,parent - child,5824
Q1752107,Q1175859,parent - child,2554
Q1000556,Q1176155,parent - child,4390
Q1379005,Q1176310,parent - child,1347
Q431565,Q1176599,parent - child,4388
Q339631,Q1176800,parent - child,4297
Q215359,Q1181118,parent - child,170
Q978918,Q1182285,parent - child,4062
Q123454,Q1236775,parent - child,5527
Q3383897,Q1238159,parent - child,5553
Q520352,Q1238235,parent - child,2078
Q1924889,Q1238593,parent - child,2949
Q28468064,Q1238901,parent - child,1212
Q4714124,Q1239291,parent - child,6147
Q1240103,Q1240224,parent - child,1204
Q260179,Q1242187,parent - child,2647
Q1298999,Q1242187,grandparent - child,2647
Q1610305,Q1242452,parent - child,703
Q16524901,Q1244152,parent - child,648
Q2476169,Q1244957,parent - child,792
Q234576,Q1245704,parent - child,4544
Q779656,Q1252670,parent - child,4663
Q251729,Q1252914,parent - child,5459
Q186308,Q1255088,parent - child,2965
Q1255267,Q1255266,parent - child,3471
Q1255273,Q1255266,grandparent - child,3471
Q1255273,Q1255267,parent - child,3471
Q1255273,Q1255275,parent - child,3471
Q3542230,Q1255575,parent - child,718
Q617562,Q1256817,parent - child,932
Q548323,Q1258856,parent - child,5362
Q7161085,Q1260279,parent - child,1433
Q153381,Q1260666,parent - child,2194
Q6004142,Q1261399,parent - child,6223
Q193062,Q1261399,parent - child,6223
Q2264967,Q1262756,parent - child,3482
Q2083271,Q1262756,parent - child,3482
Q1682148,Q1264985,parent - child,4281
Q4636,Q1335786,parent - child,207
Q314805,Q1335786,parent - child,207
Q259571,Q1336685,parent - child,3743
Q2903404,Q1336685,parent - child,3743
Q823053,Q1337241,parent - child,3463
Q1631826,Q1337643,parent - child,375
Q5712859,Q1338044,parent - child,4075
Q156268,Q1338188,parent - child,6056
Q78884,Q1338563,parent - child,1393
Q75062,Q1340708,parent - child,1164
Q156781,Q1340708,parent - child,1164
Q945411,Q1299706,parent - child,2827
Q154556,Q1311188,parent - child,1677
Q855252,Q1315769,parent - child,2228
Q164518,Q1315769,parent - child,2228
Q16140662,Q1315769,grandparent - child,2228
Q1288915,Q1288905,parent - child,4669
Q1011759,Q1288905,parent - child,4669
Q1585826,Q1289901,parent - child,5765
Q1556803,Q1291158,parent - child,1548
Q62515,Q1291611,parent - child,3044
Q30169233,Q1292032,parent - child,702
Q462656,Q1293362,parent - child,4774
Q4768199,Q1294039,parent - child,1383
Q104027,Q1294039,parent - child,1383
Q949623,Q1293814,parent - child,2277
Q594644,Q1294442,parent - child,2801
Q2054617,Q1295091,parent - child,5359
Q1338975,Q1296492,parent - child,4597
Q1298532,Q1298540,parent - child,2294
Q380952,Q1299566,parent - child,4562
Q11104491,Q1315762,parent - child,5406
Q1317010,Q1317011,parent - child,3251
Q379538,Q1319546,parent - child,21
Q43203,Q1320494,parent - child,1369
Q445608,Q1321598,parent - child,757
Q44517,Q1322819,parent - child,6035
Q1249211,Q1249220,parent - child,353
Q629397,Q1249619,parent - child,2989
Q4796513,Q1250743,parent - child,3184
Q1250789,Q1250796,parent - child,2222
Q1266200,Q1266160,parent - child,2109
Q794871,Q1266160,parent - child,2109
Q532983,Q1267570,parent - child,1067
Q271933,Q1267622,parent - child,3775
Q105580621,Q1268462,parent - child,5446
Q5791043,Q1268679,parent - child,4777
Q6072974,Q1272325,parent - child,1401
Q1927059,Q1273429,parent - child,2816
Q4159080,Q1274170,parent - child,194
Q186691,Q1274170,parent - child,194
Q539582,Q1276918,parent - child,1186
Q55452,Q1276918,parent - child,1186
Q670075,Q1276954,parent - child,520
Q1117100,Q1357095,parent - child,5588
Q7313216,Q1357095,parent - child,5588
Q75572,Q1357125,parent - child,5594
Q328424,Q1361260,parent - child,628
Q20657718,Q1361260,grandparent - child,628
Q4439403,Q1284657,parent - child,4840
Q4938038,Q1284738,parent - child,113
Q1579484,Q1339021,parent - child,2981
Q20732254,Q1339485,parent - child,362
Q10392749,Q1339597,parent - child,1410
Q1339597,Q1339597,grandparent - child,1410
Q1659008,Q1340169,parent - child,4069
Q80399,Q1340169,grandparent - child,4069
Q1586536,Q1340936,parent - child,1505
Q11765411,Q1341322,parent - child,6190
Q314067,Q1342340,parent - child,1484
Q593919,Q1343292,parent - child,2742
Q1224132,Q1343442,parent - child,3040
Q348209,Q1344275,parent - child,419
Q60206,Q1344931,parent - child,2664
Q4980156,Q1345138,parent - child,1216
Q359645,Q1345138,grandparent - child,1216
Q1283268,Q1345514,parent - child,2588
Q438537,Q1345514,parent - child,2588
Q4307615,Q1345934,parent - child,936
Q97353,Q1345938,parent - child,2984
Q12497067,Q1279930,parent - child,5711
Q1309018,Q1281364,parent - child,5298
Q118078,Q1285579,parent - child,3183
Q1252302,Q1378199,parent - child,3773
Q1680811,Q1378351,parent - child,1103
Q193146,Q1379066,parent - child,779
Q1376143,Q1379189,parent - child,1088
Q518550,Q1379351,parent - child,5995
Q2356507,Q1379643,parent - child,2709
Q269014,Q1379996,parent - child,2765
Q65031547,Q1381603,parent - child,1624
Q506401,Q1382544,parent - child,4757
Q7781078,Q1382544,parent - child,4757
Q132322,Q1383300,parent - child,4594
Q453394,Q1383988,parent - child,3850
Q107547888,Q1323218,parent - child,2636
Q289350,Q1328771,parent - child,5168
Q11678558,Q1329206,parent - child,3447
Q84524,Q1330169,parent - child,2129
Q85112,Q1330186,parent - child,3538
Q65350,Q1330201,parent - child,3200
Q75572,Q1330492,parent - child,5594
Q11944599,Q1399049,parent - child,2224
Q466285,Q1399260,parent - child,4261
Q7282307,Q1399637,parent - child,4325
Q1400048,Q1400055,parent - child,1005
Q20988914,Q1400307,parent - child,6040
Q444481,Q1400580,parent - child,3963
Q186042,Q1400658,parent - child,3580
Q3890688,Q1403199,parent - child,3269
Q109973741,Q1403199,grandparent - child,3269
Q7378863,Q1331145,parent - child,3647
Q1264825,Q1331538,parent - child,754
Q28049543,Q1333629,parent - child,1238
Q2932464,Q1335349,parent - child,1188
Q321892,Q1335527,parent - child,4071
Q5363774,Q1361931,parent - child,5069
Q11940974,Q1362232,parent - child,3936
Q2018091,Q1362295,parent - child,5342
Q9376941,Q1362691,parent - child,4329
Q13460644,Q1363394,parent - child,4484
Q1258024,Q1363962,parent - child,1414
Q3830275,Q1364214,parent - child,2553
Q19787935,Q1364442,parent - child,187
Q296630,Q1364747,parent - child,3825
Q104000,Q1364747,parent - child,3825
Q2737,Q1366088,parent - child,160
Q1682422,Q1366279,parent - child,3526
Q580027,Q1366602,parent - child,1975
Q8774815,Q1367152,parent - child,2947
Q353915,Q1367942,parent - child,1611
Q433201,Q1367942,grandparent - child,1611
Q47426,Q1367942,grandparent - child,1611
Q57701,Q1346832,parent - child,1615
Q18237129,Q1347731,parent - child,4456
Q3131852,Q1348641,parent - child,4854
Q5642370,Q1349134,parent - child,4738
Q1682029,Q1349134,parent - child,4738
Q40912,Q1349639,parent - child,4290
Q55517707,Q1349639,parent - child,4290
Q272688,Q1351715,parent - child,3475
Q4582071,Q1383957,parent - child,3283
Q6883628,Q1384822,parent - child,1442
Q11872674,Q1385634,parent - child,2572
Q400059,Q1385651,parent - child,2488
Q7035974,Q1385651,parent - child,2488
Q25310,Q1386420,parent - child,1997
Q258661,Q1386420,parent - child,1997
Q2720141,Q1387724,parent - child,1514
Q55381,Q1387804,parent - child,5361
Q1362474,Q1389078,parent - child,594
Q271348,Q1389078,parent - child,594
Q542057,Q1389259,parent - child,1644
Q338365,Q1390137,parent - child,4185
Q207834,Q1390137,parent - child,4185
Q707374,Q1390745,parent - child,3456
Q1818862,Q1351128,parent - child,3998
Q888171,Q1351536,parent - child,4255
Q29559654,Q1351692,parent - child,1903
Q22910689,Q1352734,parent - child,5232
Q25310,Q1352872,parent - child,1997
Q258661,Q1352872,parent - child,1997
Q238243,Q1353845,parent - child,3829
Q7346,Q1353845,parent - child,3829
Q7925464,Q1353962,parent - child,5729
Q3482361,Q1354302,parent - child,5511
Q2316502,Q1355087,parent - child,63
Q549141,Q1368185,parent - child,1681
Q330944,Q1368234,parent - child,5646
Q1380993,Q1368398,parent - child,549
Q912365,Q1369368,parent - child,3441
Q529934,Q1369819,parent - child,4643
Q91513,Q1370118,parent - child,5727
Q358519,Q1370223,parent - child,4526
Q870924,Q1370295,parent - child,1553
Q5354208,Q1370400,parent - child,1885
Q295267,Q1370400,parent - child,1885
Q956126,Q1371097,parent - child,1725
Q434501,Q1371134,parent - child,3940
Q613191,Q1371438,parent - child,1827
Q307352,Q1371476,parent - child,4270
Q5371504,Q1371690,parent - child,3513
Q1451167,Q1371822,parent - child,5815
Q1159187,Q1409014,parent - child,3772
Q69098,Q1411890,parent - child,3679
Q94952551,Q1412970,parent - child,1764
Q6252167,Q1417651,parent - child,3754
Q1515721,Q1417651,parent - child,3754
Q470027,Q1420733,parent - child,177
Q74741,Q1443846,parent - child,3343
Q213550,Q1445246,parent - child,967
Q2124740,Q1445246,parent - child,967
Q12017034,Q1445571,parent - child,2551
Q958158,Q1445691,parent - child,3733
Q104741,Q1446020,parent - child,4931
Q44620,Q1446919,parent - child,1854
Q1896920,Q1446919,parent - child,1854
Q6780517,Q1389746,parent - child,311
Q12220144,Q1391107,parent - child,4832
Q605443,Q1391548,parent - child,4672
Q2460037,Q1391776,parent - child,6154
Q444,Q1392390,parent - child,5134
Q468844,Q1392390,parent - child,5134
Q3776568,Q1393165,parent - child,2217
Q3129983,Q1393770,parent - child,2659
Q2836351,Q1393770,parent - child,2659
Q2849121,Q1394373,parent - child,5120
Q3619074,Q1394411,parent - child,2839
Q3565555,Q1394456,parent - child,5019
Q3273768,Q1466493,parent - child,4577
Q1468300,Q1468289,parent - child,2329
Q930013,Q1468375,parent - child,1441
Q563765,Q1468375,parent - child,1441
Q91557,Q1470228,parent - child,3122
Q1470874,Q1470875,parent - child,3894
Q772642,Q1471482,parent - child,1828
Q428644,Q1473645,parent - child,2724
Q88565,Q1477320,parent - child,1376
Q106831396,Q1373386,parent - child,3606
Q83233,Q1374493,parent - child,2670
Q359996,Q1374499,parent - child,2236
Q365144,Q1375057,parent - child,38
Q1138235,Q1375057,parent - child,38
Q23505,Q1375345,parent - child,680
Q4100648,Q1375345,grandparent - child,680
Q190628,Q1375345,parent - child,680
Q888081,Q1375412,parent - child,3560
Q25982,Q1375717,parent - child,6080
Q42747,Q1376872,parent - child,3194
Q467601,Q1377608,parent - child,5363
Q110111,Q1377810,parent - child,921
Q2438416,Q1439741,parent - child,4846
Q186692,Q1442367,parent - child,50
Q20742876,Q1420990,parent - child,5244
Q5339724,Q1424740,parent - child,4586
Q1004037,Q1429306,parent - child,697
Q102139,Q1429306,grandparent - child,697
Q1389258,Q1429306,grandparent - child,697
Q208615,Q1429306,parent - child,697
Q11106090,Q1429306,grandparent - child,697
Q76625,Q1429714,parent - child,3090
Q968543,Q1429720,parent - child,662
Q87571,Q1429809,parent - child,1144
Q301646,Q1433029,parent - child,2829
Q2572319,Q1433770,parent - child,2255
Q993405,Q1439643,parent - child,2570
Q367770,Q1440222,parent - child,5545
Q62414,Q1450076,parent - child,1205
Q1729856,Q1450117,parent - child,5211
Q317460,Q1453398,parent - child,763
Q2564290,Q1455139,parent - child,5125
Q957342,Q1455793,parent - child,4475
Q75893,Q1457124,parent - child,3046
Q5990316,Q1395748,parent - child,5794
Q732153,Q1395864,parent - child,5983
Q471751,Q1396120,parent - child,5173
Q517438,Q1396213,parent - child,2855
Q17447292,Q1396509,parent - child,4146
Q19741977,Q1396536,parent - child,277
Q6994709,Q1397411,parent - child,2413
Q6855753,Q1397411,parent - child,2413
Q512413,Q1397897,parent - child,3925
Q3909923,Q1397997,parent - child,1285
Q379616,Q1398124,parent - child,2828
Q4138280,Q1398124,parent - child,2828
Q152437,Q1398697,parent - child,2240
Q253285,Q1509818,parent - child,5691
Q99887,Q1510760,parent - child,882
Q1691517,Q1513668,parent - child,4947
Q66370,Q1514500,parent - child,2457
Q78388,Q1515457,parent - child,3500
Q76876,Q1515457,parent - child,3500
Q2793429,Q1516273,parent - child,4502
Q324401,Q1522092,parent - child,401
Q253961,Q1523607,parent - child,620
Q327828,Q1524627,parent - child,2273
Q235289,Q1524627,parent - child,2273
Q712878,Q1459321,parent - child,2576
Q1460528,Q1460530,parent - child,3112
Q604207,Q1460812,parent - child,5863
Q219075,Q1462057,parent - child,760
Q1295897,Q1462057,parent - child,760
Q1060355,Q1475536,parent - child,208
Q235168,Q1475536,grandparent - child,208
Q3622509,Q1475536,parent - child,208
Q123798,Q1478418,parent - child,4393
Q323304,Q1481457,parent - child,3777
Q936538,Q1483971,parent - child,1670
Q99276,Q1489144,parent - child,2185
Q90315,Q1490321,parent - child,657
Q457786,Q1491004,parent - child,2504
Q24049267,Q1491004,parent - child,2504
Q57372,Q1492523,parent - child,57
Q941553,Q1599621,parent - child,4822
Q458455,Q1553925,parent - child,5803
Q356795,Q1554211,parent - child,4514
Q12407961,Q1555182,parent - child,1998
Q1885893,Q1555314,parent - child,1596
Q2295962,Q1556074,parent - child,1196
Q530870,Q1556074,parent - child,1196
Q337054,Q1556278,parent - child,802
Q1340621,Q1556790,parent - child,3397
Q515632,Q1557465,parent - child,5875
Q358173,Q1557755,parent - child,5034
Q1937662,Q1557756,parent - child,3677
Q240575,Q1532902,parent - child,43
Q2465271,Q1532902,grandparent - child,43
Q146906,Q1532902,parent - child,43
Q4116074,Q1532902,grandparent - child,43
Q294365,Q1532902,grandparent - child,43
Q1005959,Q1534937,parent - child,75
Q75808,Q1539095,parent - child,323
Q309989,Q1539586,parent - child,3885
Q809080,Q1541117,parent - child,5484
Q5585981,Q1601877,parent - child,5341
Q1510399,Q1602265,parent - child,3390
Q105799221,Q1604407,parent - child,379
Q788060,Q1605577,parent - child,4068
Q12035846,Q1606856,parent - child,2000
Q110113477,Q1607199,parent - child,3064
Q55825762,Q1607199,parent - child,3064
Q4206184,Q1494826,parent - child,4587
Q2191695,Q1494832,parent - child,5139
Q12728386,Q1500025,parent - child,5661
Q11646767,Q1502275,parent - child,3312
Q77960,Q1503424,parent - child,953
Q2567,Q1503424,parent - child,953
Q1161848,Q1567160,parent - child,4311
Q1288162,Q1567160,parent - child,4311
Q235992,Q1567582,parent - child,5733
Q1528125,Q1568145,parent - child,327
Q2645901,Q1569758,parent - child,536
Q1385664,Q1571059,parent - child,5425
Q167846,Q1573260,parent - child,826
Q67950,Q1578075,parent - child,4582
Q337169,Q1580480,parent - child,2105
Q3028610,Q1507223,parent - child,6232
Q2333006,Q1507610,parent - child,5785
Q3641304,Q1626464,parent - child,5304
Q7809935,Q1626808,parent - child,5891
Q538411,Q1626864,parent - child,1080
Q261284,Q1626864,parent - child,1080
Q2468239,Q1628106,parent - child,2209
Q3064473,Q1634222,parent - child,4317
Q727090,Q1635556,parent - child,5566
Q1644646,Q1545284,parent - child,3226
Q104372,Q1545284,parent - child,3226
Q1280960,Q1545687,parent - child,3217
Q44781,Q1545784,parent - child,5838
Q1201395,Q1545784,grandparent - child,5838
Q936987,Q1546566,parent - child,4814
Q1004037,Q1640126,parent - child,697
Q102139,Q1640126,grandparent - child,697
Q1389258,Q1640126,grandparent - child,697
Q208615,Q1640126,parent - child,697
Q11106090,Q1640126,grandparent - child,697
Q739540,Q1640809,parent - child,4943
Q2066644,Q1645115,parent - child,3152
Q125498,Q1646979,parent - child,3452
Q15988,Q1653603,parent - child,87
Q160984,Q1653603,parent - child,87
Q12973,Q1653603,grandparent - child,87
Q230238,Q1653603,grandparent - child,87
Q11748740,Q1579220,parent - child,4057
Q1438108,Q1582147,parent - child,4027
Q566635,Q1582196,parent - child,2049
Q1512057,Q1582196,grandparent - child,2049
Q6962436,Q1583552,parent - child,2919
Q808685,Q1583552,grandparent - child,2919
Q208497,Q1583552,parent - child,2919
Q273739,Q1583552,grandparent - child,2919
Q3711224,Q1583552,grandparent - child,2919
Q1585515,Q1585518,parent - child,6226
Q505946,Q1586454,parent - child,3705
Q13816180,Q1594157,parent - child,3025
Q7508190,Q1595620,parent - child,1011
Q70066,Q1675412,parent - child,4149
Q4062642,Q1676747,parent - child,3176
Q4255219,Q1676747,parent - child,3176
Q259986,Q1677271,parent - child,3899
Q963593,Q1677271,parent - child,3899
Q660745,Q1677559,parent - child,1739
Q427503,Q1678102,parent - child,300
Q3100348,Q1678102,parent - child,300
Q240872,Q1678831,parent - child,1027
Q77497,Q1679088,parent - child,1381
Q369451,Q1679985,parent - child,4161
Q383420,Q1609167,parent - child,3187
Q106418,Q1609167,parent - child,3187
Q251846,Q1610208,parent - child,1320
Q5348683,Q1613144,parent - child,5343
Q719588,Q1614313,parent - child,1246
Q11686092,Q1616055,parent - child,435
Q5683858,Q1620090,parent - child,5161
Q57313,Q1624159,parent - child,1404
Q1604450,Q1695239,parent - child,3676
Q89175,Q1696106,parent - child,2031
Q2150515,Q1696115,parent - child,5127
Q90372,Q1696968,parent - child,4364
Q1420766,Q1698775,parent - child,3065
Q887489,Q1699908,parent - child,5345
Q95904,Q1735831,parent - child,2288
Q1870895,Q1735939,parent - child,3024
Q1271849,Q1736008,parent - child,88
Q1755401,Q1736008,parent - child,88
Q1302365,Q1736008,grandparent - child,88
Q1189486,Q1736803,parent - child,1636
Q280229,Q1736803,parent - child,1636
Q745045,Q1737543,parent - child,1768
Q708445,Q1738838,parent - child,3762
Q568998,Q1740138,parent - child,4186
Q173092,Q1740212,parent - child,3813
Q333145,Q1654013,parent - child,2912
Q15988,Q1657677,parent - child,87
Q160984,Q1657677,parent - child,87
Q12973,Q1657677,grandparent - child,87
Q230238,Q1657677,grandparent - child,87
Q80399,Q1659008,parent - child,4069
Q162389,Q1660236,parent - child,499
Q66408,Q1660236,parent - child,499
Q188720,Q1660767,parent - child,2128
Q106365,Q1661394,parent - child,4411
Q89199,Q1666720,parent - child,5968
Q538609,Q1667920,parent - child,4169
Q448619,Q1667920,parent - child,4169
Q63346170,Q1672657,parent - child,5895
Q18334945,Q1673535,parent - child,2544
Q93075,Q1673541,parent - child,1595
Q19689221,Q1673541,grandparent - child,1595
Q1712106,Q1673541,parent - child,1595
Q962660,Q1681266,parent - child,2789
Q51137,Q1681970,parent - child,1287
Q3476129,Q1683919,parent - child,5277
Q487043,Q1683946,parent - child,1197
Q1096611,Q1684746,parent - child,3821
Q3290990,Q1684746,parent - child,3821
Q16260976,Q1684801,parent - child,5925
Q1755401,Q1702949,parent - child,88
Q1302365,Q1702949,grandparent - child,88
Q1681292,Q1705036,parent - child,4965
Q1386420,Q1707784,parent - child,1997
Q25310,Q1707784,grandparent - child,1997
Q258661,Q1707784,grandparent - child,1997
Q111323,Q1699982,parent - child,3437
Q1733818,Q1700270,parent - child,3294
Q1000366,Q1701445,parent - child,5561
Q437944,Q1748652,parent - child,4548
Q106791,Q1750747,parent - child,1466
Q185546,Q1750747,grandparent - child,1466
Q65619,Q1751948,parent - child,3924
Q1556611,Q1752594,parent - child,5119
Q2423576,Q1753485,parent - child,1441
Q930013,Q1753485,grandparent - child,1441
Q563765,Q1753485,grandparent - child,1441
Q1302365,Q1755401,parent - child,88
Q3125980,Q1756790,parent - child,1763
Q598416,Q1762270,parent - child,5495
Q1343032,Q1762689,parent - child,5438
Q6536238,Q1708823,parent - child,1992
Q1395367,Q1710208,parent - child,4487
Q4529848,Q1711779,parent - child,4887
Q1639368,Q1713970,parent - child,1417
Q165814,Q1714169,parent - child,199
Q144622,Q1716611,parent - child,1501
Q732202,Q1719952,parent - child,3295
Q24565915,Q1764061,parent - child,4324
Q263623,Q1765834,parent - child,171
Q57304,Q1765834,grandparent - child,171
Q154946,Q1765834,grandparent - child,171
Q537914,Q1765834,parent - child,171
Q2561913,Q1767393,parent - child,5546
Q4585120,Q1770339,parent - child,2832
Q2448917,Q1770396,parent - child,325
Q158707,Q1770472,parent - child,3477
Q9588,Q1770472,parent - child,3477
Q365144,Q1770624,parent - child,38
Q1138235,Q1770624,parent - child,38
Q355254,Q1772615,parent - child,171
Q159609,Q1772615,grandparent - child,171
Q29574,Q1772615,grandparent - child,171
Q267367,Q1772615,parent - child,171
Q2662835,Q1772615,grandparent - child,171
Q1284283,Q1685764,parent - child,4682
Q2352199,Q1686613,parent - child,5086
Q6696752,Q1686927,parent - child,5456
Q60788,Q1687068,parent - child,6240
Q71018,Q1687121,parent - child,347
Q4952902,Q1687371,parent - child,1456
Q4947569,Q1688112,parent - child,2543
Q11478550,Q1689655,parent - child,5014
Q11725708,Q1690820,parent - child,2229
Q2282034,Q1691031,parent - child,3501
Q265391,Q1691306,parent - child,1020
Q436784,Q1691306,parent - child,1020
Q5923496,Q1692026,parent - child,6079
Q672099,Q1693403,parent - child,5878
Q93965,Q1694264,parent - child,5998
Q3439837,Q1811163,parent - child,2077
Q2482756,Q1814715,parent - child,5464
Q3549916,Q1815234,parent - child,4540
Q862690,Q1816256,parent - child,4537
Q777618,Q1816395,parent - child,5576
Q15410824,Q1817719,parent - child,5976
Q2612791,Q1821050,parent - child,3250
Q460594,Q1822554,parent - child,2112
Q437710,Q1832274,parent - child,185
Q122003,Q1832274,parent - child,185
Q2014678,Q1771939,parent - child,5888
Q12010989,Q1772014,parent - child,516
Q4586402,Q1772281,parent - child,3908
Q1398806,Q1774236,parent - child,2081
Q5275011,Q1776290,parent - child,2459
Q8079193,Q1779434,parent - child,3406
Q26834166,Q1782074,parent - child,4813
Q1593388,Q1782744,parent - child,349
Q106213,Q1782744,parent - child,349
Q3087827,Q1878304,parent - child,3207
Q268821,Q1878458,parent - child,171
Q57304,Q1878458,grandparent - child,171
Q154946,Q1878458,grandparent - child,171
Q301365,Q1878458,parent - child,171
Q1396958,Q1882072,parent - child,2961
Q123857,Q1883801,parent - child,5651
Q855252,Q1884754,parent - child,2228
Q164518,Q1884754,parent - child,2228
Q16140662,Q1884754,grandparent - child,2228
Q230969,Q1886607,parent - child,2420
Q8027,Q1886607,parent - child,2420
Q1110336,Q1886607,grandparent - child,2420
Q265621,Q1891483,parent - child,3805
Q53004,Q1891483,parent - child,3805
Q5110788,Q1721796,parent - child,4091
Q11899859,Q1723071,parent - child,4400
Q6347046,Q1723754,parent - child,4946
Q499649,Q1724810,parent - child,4201
Q2439870,Q1726790,parent - child,4869
Q675396,Q1729272,parent - child,5196
Q112913843,Q1729359,parent - child,1945
Q1600963,Q1729434,parent - child,5081
Q2036667,Q1733228,parent - child,2720
Q1309502,Q1733228,grandparent - child,2720
Q91014530,Q1827863,parent - child,4501
Q2528769,Q1829452,parent - child,357
Q2660307,Q1829452,parent - child,357
Q469550,Q1835069,parent - child,553
Q4296110,Q1835069,grandparent - child,553
Q4290293,Q1835069,grandparent - child,553
Q576362,Q1835147,parent - child,6155
Q14949607,Q1840895,parent - child,5945
Q2690806,Q1840924,parent - child,5713
Q1891978,Q1841295,parent - child,3344
Q467077,Q1846075,parent - child,3763
Q2182609,Q1848888,parent - child,2787
Q57338,Q1848979,parent - child,4963
Q238774,Q1855372,parent - child,2089
Q57360,Q1855372,parent - child,2089
Q1553169,Q1789326,parent - child,2910
Q78928,Q1789326,parent - child,2910
Q525330,Q1789389,parent - child,4296
Q12880688,Q1789532,parent - child,5031
Q10320642,Q1790984,parent - child,2202
Q543809,Q1794887,parent - child,1485
Q355130,Q1795060,parent - child,4769
Q719215,Q1795060,grandparent - child,4769
Q61538,Q1796053,parent - child,5202
Q946076,Q1797462,parent - child,1956
Q4077533,Q1889743,parent - child,1664
Q26504520,Q1891914,parent - child,3133
Q165732,Q1893803,parent - child,5323
Q3623520,Q1893861,parent - child,3059
Q53034,Q1893907,parent - child,4240
Q2854498,Q1894166,parent - child,5024
Q3432247,Q1894411,parent - child,5648
Q16069759,Q1894473,parent - child,5248
Q1514500,Q1894561,parent - child,2457
Q66370,Q1894561,grandparent - child,2457
Q272711,Q1894720,parent - child,730
Q84524,Q1894727,parent - child,2129
Q328203,Q1895374,parent - child,6044
Q172388,Q1896600,parent - child,2422
Q18198028,Q1896600,parent - child,2422
Q6416655,Q1897475,parent - child,810
Q152101,Q1897583,parent - child,3387
Q1796685,Q1903800,parent - child,4458
Q534436,Q1797883,parent - child,559
Q34012,Q1797883,parent - child,559
Q817052,Q1797936,parent - child,697
Q163010,Q1797936,grandparent - child,697
Q62492,Q1797936,parent - child,697
Q6759375,Q1803720,parent - child,240
Q719691,Q1803720,parent - child,240
Q297945,Q1805162,parent - child,694
Q536393,Q1805538,parent - child,1008
Q3438297,Q1805950,parent - child,1141
Q59532568,Q1808093,parent - child,6153
Q7345585,Q1849755,parent - child,4533
Q3760549,Q1854649,parent - child,852
Q1452301,Q1854649,parent - child,852
Q7965048,Q1854659,parent - child,6116
Q1860624,Q1858181,parent - child,5982
Q46340,Q1858359,parent - child,280
Q123665,Q1858359,parent - child,280
Q5415112,Q1858359,grandparent - child,280
Q312539,Q1858359,grandparent - child,280
Q117096,Q1859989,parent - child,682
Q6706526,Q1859989,parent - child,682
Q2379494,Q1860610,parent - child,5027
Q1933507,Q1867265,parent - child,2529
Q470843,Q1870151,parent - child,3767
Q1079532,Q1870393,parent - child,4962
Q603075,Q1871533,parent - child,942
Q3052995,Q1871533,grandparent - child,942
Q703780,Q1871533,grandparent - child,942
Q2939617,Q1871533,parent - child,942
Q3002920,Q1871533,grandparent - child,942
Q3736333,Q1871533,grandparent - child,942
Q958262,Q1872999,parent - child,2267
Q5539020,Q1873466,parent - child,2199
Q129368,Q1873781,parent - child,5289
Q1561549,Q1875111,parent - child,1539
Q867916,Q1979234,parent - child,5663
Q2698385,Q1980056,parent - child,3364
Q2285613,Q1980056,grandparent - child,3364
Q13565043,Q1981289,parent - child,3462
Q1364408,Q1982096,parent - child,4983
Q354002,Q1982138,parent - child,4608
Q2072874,Q1983252,parent - child,2787
Q2182609,Q1983252,grandparent - child,2787
Q2042504,Q1983960,parent - child,5692
Q2319146,Q1984031,parent - child,1406
Q213001,Q1984031,parent - child,1406
Q6236894,Q1984899,parent - child,1443
Q1542927,Q1984941,parent - child,2119
Q5742466,Q1985090,parent - child,2387
Q25410084,Q1985090,parent - child,2387
Q522437,Q1985090,parent - child,2387
Q209641,Q1985398,parent - child,790
Q77556,Q1986006,parent - child,1191
Q76147054,Q1986486,parent - child,3782
Q4925511,Q1986496,parent - child,3056
Q164373,Q1986496,parent - child,3056
Q13025801,Q1986496,grandparent - child,3056
Q1626457,Q1987227,parent - child,5972
Q207658,Q1989584,parent - child,2834
Q2643501,Q1913731,parent - child,5089
Q1699163,Q1913731,parent - child,5089
Q1954211,Q1919549,parent - child,599
Q12486185,Q1921921,parent - child,582
Q66788966,Q1923721,parent - child,4866
Q1078285,Q1923940,parent - child,6139
Q61946865,Q1925006,parent - child,5539
Q19824549,Q1926870,parent - child,6015
Q276069,Q1926940,parent - child,1969
Q1170685,Q1928022,parent - child,54
Q1510635,Q1928339,parent - child,3741
Q1522953,Q1929420,parent - child,2494
Q314265,Q1930835,parent - child,3071
Q1256209,Q1930916,parent - child,4700
Q7087948,Q1930989,parent - child,5591
Q1702784,Q1931063,parent - child,3675
Q3406819,Q1931307,parent - child,4106
Q458510,Q1931331,parent - child,3823
Q51078083,Q1931828,parent - child,450
Q9196739,Q1932748,parent - child,1513
Q6248272,Q1933369,parent - child,108
Q922651,Q1934544,parent - child,2901
Q284278,Q1934544,grandparent - child,2901
Q59723,Q1936326,parent - child,5388
Q1292876,Q1937615,parent - child,3835
Q1222518,Q1938171,parent - child,914
Q2331647,Q1939231,parent - child,2887
Q11256,Q1939343,parent - child,2399
Q409,Q1939373,parent - child,148
Q470313,Q1939373,grandparent - child,148
Q8014189,Q1900245,parent - child,2614
Q117067538,Q1900273,parent - child,3851
Q4459955,Q1901162,parent - child,1159
Q2487628,Q1904757,parent - child,5172
Q2463292,Q1904757,grandparent - child,5172
Q102301,Q1906128,parent - child,2142
Q160726,Q1907247,parent - child,2715
Q553614,Q1907673,parent - child,1726
Q4961873,Q1909357,parent - child,2406
Q2203717,Q1909357,parent - child,2406
Q255382,Q1913939,parent - child,202
Q62602,Q1913939,parent - child,202
Q2703838,Q2029666,parent - child,1662
Q1626864,Q2031618,parent - child,1080
Q538411,Q2031618,grandparent - child,1080
Q261284,Q2031618,grandparent - child,1080
Q452039,Q2031618,parent - child,1080
Q236770,Q2031618,grandparent - child,1080
Q2587562,Q2032070,parent - child,3507
Q827448,Q2032324,parent - child,773
Q2049096,Q2032684,parent - child,1754
Q4726884,Q2033240,parent - child,4485
Q231895,Q2036974,parent - child,697
Q159101,Q2036974,parent - child,697
Q102139,Q2036974,grandparent - child,697
Q1389258,Q2036974,grandparent - child,697
Q3268202,Q1936171,parent - child,3802
Q271995,Q1936171,grandparent - child,3802
Q1396109,Q1942360,parent - child,3018
Q7378679,Q1942631,parent - child,2940
Q865398,Q1944547,parent - child,5640
Q2694207,Q1948032,parent - child,2412
Q2440030,Q1948032,parent - child,2412
Q44546,Q1951828,parent - child,5020
Q167846,Q1951896,parent - child,826
Q3079720,Q1953740,parent - child,3124
Q16213345,Q1955083,parent - child,2950
Q26791923,Q1957089,parent - child,2343
Q20165451,Q1958241,parent - child,3311
Q2524192,Q2065933,parent - child,5575
Q543809,Q2066771,parent - child,1485
Q1576987,Q2067113,parent - child,1308
Q451393,Q2067420,parent - child,1753
Q192094,Q2068558,parent - child,3633
Q7172439,Q2069168,parent - child,4968
Q550045,Q2069573,parent - child,768
Q12343815,Q2069993,parent - child,5319
Q31376,Q2071228,parent - child,4728
Q379479,Q2071496,parent - child,87
Q765373,Q2071496,grandparent - child,87
Q112108,Q2071496,grandparent - child,87
Q170194,Q2071496,parent - child,87
Q3911,Q2071496,grandparent - child,87
Q31129,Q2071496,grandparent - child,87
Q538411,Q2072516,parent - child,1080
Q261284,Q2072516,parent - child,1080
Q2182609,Q2072874,parent - child,2787
Q1476060,Q2073266,parent - child,5447
Q1994929,Q1960298,parent - child,1686
Q13815143,Q1960298,parent - child,1686
Q2675678,Q1960502,parent - child,5866
Q2633049,Q1962949,parent - child,3757
Q82695,Q1964282,parent - child,1389
Q9185489,Q1965328,parent - child,3729
Q151773,Q1966130,parent - child,697
Q155394,Q1966130,grandparent - child,697
Q61351,Q1966130,grandparent - child,697
Q564889,Q1966130,parent - child,697
Q163010,Q1966130,grandparent - child,697
Q2168892,Q1966427,parent - child,968
Q78006,Q1966427,parent - child,968
Q463809,Q1966985,parent - child,5506
Q2084848,Q1968425,parent - child,2819
Q468476,Q1968839,parent - child,990
Q464479,Q1968839,grandparent - child,990
Q1890642,Q1969891,parent - child,4375
Q4960915,Q1988517,parent - child,1403
Q3154170,Q1989101,parent - child,871
Q4506286,Q1989752,parent - child,5326
Q126992,Q1991647,parent - child,3492
Q1692109,Q1992436,parent - child,2622
Q12028166,Q1992770,parent - child,2186
Q122879,Q1992796,parent - child,2983
Q159844,Q1994265,parent - child,3140
Q55207,Q1994919,parent - child,1525
Q208116,Q1994919,grandparent - child,1525
Q4297950,Q1994919,parent - child,1525
Q318209,Q1995125,parent - child,1370
Q10306918,Q1995913,parent - child,604
Q69103,Q1996204,parent - child,109
Q193874,Q1996204,grandparent - child,109
Q1309502,Q2036667,parent - child,2720
Q20155387,Q2036942,parent - child,5989
Q1992161,Q2037605,parent - child,3697
Q2377725,Q2038037,parent - child,5040
Q171166,Q2039921,parent - child,1500
Q116889959,Q2039921,parent - child,1500
Q2011217,Q2040544,parent - child,621
Q6504020,Q2041541,parent - child,1589
Q2202545,Q2098955,parent - child,2505
Q3266000,Q2101598,parent - child,691
Q1818635,Q2103263,parent - child,434
Q7553510,Q2107268,parent - child,5650
Q19981270,Q2108729,parent - child,3379
Q2471173,Q2113808,parent - child,2729
Q187149,Q2117878,parent - child,140
Q72919,Q2117878,parent - child,140
Q263623,Q2121373,parent - child,171
Q57304,Q2121373,grandparent - child,171
Q154946,Q2121373,grandparent - child,171
Q537914,Q2121373,parent - child,171
Q7342473,Q2073881,parent - child,4584
Q6761976,Q2073960,parent - child,5356
Q18517835,Q2074000,parent - child,3574
Q1692273,Q2075243,parent - child,5297
Q4149839,Q2075841,parent - child,4675
Q3127636,Q2076321,parent - child,875
Q152101,Q2077079,parent - child,3387
Q56074,Q2077222,parent - child,2341
Q6321752,Q2077222,parent - child,2341
Q2644474,Q2078796,parent - child,1798
Q333214,Q2079879,parent - child,1424
Q6152730,Q2079879,parent - child,1424
Q272012,Q2081358,parent - child,3236
Q266917,Q2081358,parent - child,3236
Q729661,Q2115366,parent - child,5590
Q2918567,Q2117543,parent - child,2331
Q107547888,Q2117824,parent - child,2636
Q454452,Q2119597,parent - child,4821
Q2326919,Q2121929,parent - child,5731
Q118760,Q2127389,parent - child,4646
Q4156525,Q2047105,parent - child,4683
Q2186653,Q2047319,parent - child,4917
Q956540,Q2047795,parent - child,6168
Q2048352,Q2050280,parent - child,73
Q330492,Q2050378,parent - child,1223
Q5671454,Q2051128,parent - child,1814
Q7781079,Q2051128,parent - child,1814
Q7585727,Q2051781,parent - child,5474
Q2051849,Q2051905,parent - child,5150
Q11577521,Q2053558,parent - child,3509
Q3992265,Q2053558,parent - child,3509
Q2633423,Q2054472,parent - child,1359
Q189415,Q2054524,parent - child,5800
Q2093857,Q2055316,parent - child,5664
Q230218,Q2057483,parent - child,248
Q1350489,Q2057483,parent - child,248
Q6777444,Q2057483,parent - child,248
Q3376421,Q1966677,parent - child,4880
Q19787085,Q1966677,parent - child,4880
Q3237505,Q1967297,parent - child,3137
Q2959215,Q1967563,parent - child,3951
Q2203136,Q1968126,parent - child,5816
Q2368021,Q1970437,parent - child,1786
Q1019937,Q1972660,parent - child,1892
Q55533095,Q1974292,parent - child,219
Q4272285,Q1975283,parent - child,4229
Q25310,Q1975383,parent - child,1997
Q258661,Q1975383,parent - child,1997
Q2866,Q1975977,parent - child,513
Q2364126,Q1976096,parent - child,3304
Q2180097,Q1976542,parent - child,1077
Q2237065,Q1977242,parent - child,3631
Q268821,Q1999473,parent - child,171
Q57304,Q1999473,grandparent - child,171
Q154946,Q1999473,grandparent - child,171
Q301365,Q1999473,parent - child,171
Q108622,Q2001430,parent - child,5239
Q40531,Q2001604,parent - child,5243
Q1374916,Q2001814,parent - child,5364
Q4776513,Q2003084,parent - child,2167
Q356450,Q2130407,parent - child,2036
Q276179,Q2131247,parent - child,1150
Q2239930,Q2133614,parent - child,3688
Q1284303,Q2133872,parent - child,328
Q60737,Q2134004,parent - child,4549
Q236196,Q2134004,parent - child,4549
Q1510839,Q2134959,parent - child,5056
Q2983075,Q2138429,parent - child,4826
Q2515056,Q2139066,parent - child,3719
Q1976750,Q2139951,parent - child,1940
Q11749673,Q2141861,parent - child,5227
Q741671,Q2142219,parent - child,5492
Q2406653,Q2146014,parent - child,403
Q12411025,Q2146854,parent - child,110
Q28532298,Q2146854,parent - child,110
Q1871256,Q2148306,parent - child,2536
Q547947,Q2084523,parent - child,3201
Q362406,Q2085457,parent - child,3737
Q1863225,Q2085622,parent - child,2367
Q1373246,Q2085974,parent - child,5582
Q17484026,Q2086491,parent - child,427
Q6437372,Q2087610,parent - child,1701
Q1880779,Q2020398,parent - child,4797
Q124845276,Q2025674,parent - child,6114
Q5603297,Q2026020,parent - child,5770
Q950279,Q2026074,parent - child,2019
Q3110725,Q2026390,parent - child,228
Q1803720,Q2056601,parent - child,240
Q6759375,Q2056601,grandparent - child,240
Q719691,Q2056601,grandparent - child,240
Q4388939,Q2057143,parent - child,2228
Q16305973,Q2057143,parent - child,2228
Q6949328,Q2059478,parent - child,2908
Q4281196,Q2060455,parent - child,1705
Q677432,Q2060455,grandparent - child,1705
Q1791430,Q2060939,parent - child,4303
Q2636066,Q2062919,parent - child,3607
Q3638792,Q2063147,parent - child,3878
Q13819949,Q2063650,parent - child,4716
Q6206034,Q2063731,parent - child,1769
Q2257745,Q2179020,parent - child,2125
Q302296,Q2180701,parent - child,1680
Q3071037,Q2180911,parent - child,5710
Q191023,Q2181856,parent - child,5612
Q2392279,Q2185531,parent - child,5433
Q15988,Q2188802,parent - child,87
Q160984,Q2188802,parent - child,87
Q12973,Q2188802,grandparent - child,87
Q230238,Q2188802,grandparent - child,87
Q66703,Q2190228,parent - child,1787
Q254850,Q2190228,parent - child,1787
Q1265214,Q2190766,parent - child,2706
Q43144,Q2190766,parent - child,2706
Q1465256,Q2195581,parent - child,1303
Q84571304,Q2011958,parent - child,1162
Q360084,Q2012757,parent - child,2968
Q8066536,Q2012757,parent - child,2968
Q3285951,Q2013524,parent - child,3382
Q6408488,Q2019524,parent - child,2510
Q3370440,Q2020016,parent - child,2085
Q71662,Q2020074,parent - child,5852
Q294773,Q2020161,parent - child,1030
Q347374,Q2024169,parent - child,1305
Q57626,Q2024169,parent - child,1305
Q53010,Q2092695,parent - child,5732
Q1340325,Q2092750,parent - child,1874
Q467333,Q2092899,parent - child,1019
Q3384169,Q2092940,parent - child,1698
Q95473,Q2093168,parent - child,2725
Q449296,Q2093168,parent - child,2725
Q2060867,Q2093665,parent - child,2733
Q318430,Q2094002,parent - child,3096
Q1400508,Q2095997,parent - child,3690
Q9165396,Q2096299,parent - child,1104
Q9250417,Q2096299,grandparent - child,1104
Q17190834,Q2199130,parent - child,3604
Q47139,Q2201966,parent - child,5764
Q2869507,Q2201966,grandparent - child,5764
Q956239,Q2204805,parent - child,2123
Q233966,Q2204805,parent - child,2123
Q3925,Q2204805,grandparent - child,2123
Q185025,Q2204805,grandparent - child,2123
Q982319,Q2206038,parent - child,5607
Q2128149,Q2332881,parent - child,238
Q2602511,Q2334931,parent - child,1790
Q4988850,Q2335284,parent - child,96
Q99744345,Q2335284,parent - child,96
Q731316,Q2335794,parent - child,5962
Q172794,Q2335992,parent - child,579
Q239522,Q2336553,parent - child,1411
Q449414,Q2337420,parent - child,3318
Q2643507,Q2338061,parent - child,2011
Q75352245,Q2338061,parent - child,2011
Q2846945,Q2338840,parent - child,3012
Q101049995,Q2338840,grandparent - child,3012
Q2528007,Q2338840,grandparent - child,3012
Q2193527,Q2340785,parent - child,2866
Q3163544,Q2340785,parent - child,2866
Q2685324,Q2340785,grandparent - child,2866
Q2754062,Q2340785,grandparent - child,2866
Q434824,Q2343067,parent - child,4468
Q104000,Q2344560,parent - child,3825
Q224782,Q2149121,parent - child,184
Q23705141,Q2149121,grandparent - child,184
Q1148591,Q2149121,grandparent - child,184
Q4013475,Q2149231,parent - child,782
Q78504,Q2149600,parent - child,1102
Q7648413,Q2152486,parent - child,523
Q54860642,Q2155228,parent - child,2758
Q97340481,Q2155617,parent - child,5789
Q70727,Q2157388,parent - child,2152
Q65116,Q2157388,parent - child,2152
Q1366257,Q2158039,parent - child,714
Q1405539,Q2158665,parent - child,5078
Q3732025,Q2159364,parent - child,3923
Q55456,Q2159364,parent - child,3923
Q2933699,Q2206566,parent - child,4956
Q541938,Q2208497,parent - child,3332
Q285536,Q2208719,parent - child,2121
Q1463,Q2208719,parent - child,2121
Q17714,Q2209781,parent - child,3287
Q105580621,Q2211141,parent - child,5446
Q3297059,Q2212835,parent - child,4827
Q2587345,Q2213790,parent - child,6216
Q77754031,Q2215635,parent - child,5214
Q819016,Q2215635,parent - child,5214
Q26719525,Q2216032,parent - child,2564
Q2358902,Q2216076,parent - child,4720
Q2284213,Q2217841,parent - child,5468
Q469352,Q2218957,parent - child,2528
Q45275,Q2221040,parent - child,3987
Q1790414,Q2221040,parent - child,3987
Q16297911,Q2223389,parent - child,3740
Q1091537,Q2223616,parent - child,4957
Q57535,Q2224353,parent - child,5963
Q119122769,Q2224610,parent - child,468
Q187912,Q2224610,parent - child,468
Q11469242,Q2225818,parent - child,1907
Q3950443,Q2277711,parent - child,2037
Q481605,Q2280388,parent - child,5932
Q2699994,Q2281052,parent - child,2391
Q356264,Q2282630,parent - child,839
Q319283,Q2283054,parent - child,2926
Q191037,Q2284236,parent - child,1169
Q154556,Q2287827,parent - child,1677
Q1426004,Q2287827,parent - child,1677
Q667671,Q2288091,parent - child,23
Q15056,Q2289183,parent - child,1772
Q299993,Q2378699,parent - child,3231
Q299979,Q2378699,parent - child,3231
Q2655676,Q2379068,parent - child,3704
Q711480,Q2379381,parent - child,5306
Q5393603,Q2379645,parent - child,3043
Q448104,Q2379776,parent - child,1636
Q10856511,Q2379776,parent - child,1636
Q1189486,Q2379776,grandparent - child,1636
Q280229,Q2379776,grandparent - child,1636
Q486381,Q2379961,parent - child,1636
Q1189486,Q2379961,grandparent - child,1636
Q280229,Q2379961,grandparent - child,1636
Q467661,Q2379961,parent - child,1636
Q51488,Q2381374,parent - child,2784
Q229258,Q2381374,parent - child,2784
Q994657,Q2383191,parent - child,2475
Q109612,Q2383401,parent - child,1923
Q3318983,Q2383760,parent - child,4559
Q2875146,Q2383760,parent - child,4559
Q336222,Q2384433,parent - child,542
Q238402,Q2384433,grandparent - child,542
Q361297,Q2384433,grandparent - child,542
Q336222,Q2388999,parent - child,542
Q238402,Q2388999,grandparent - child,542
Q361297,Q2388999,grandparent - child,542
Q538609,Q2159729,parent - child,4169
Q448619,Q2159729,parent - child,4169
Q2161569,Q2161560,parent - child,5558
Q4112334,Q2161657,parent - child,2239
Q16527634,Q2162463,parent - child,3794
Q4125633,Q2164523,parent - child,4553
Q1283127,Q2165753,parent - child,1978
Q5542112,Q2166799,parent - child,1558
Q344997,Q2169093,parent - child,247
Q444097,Q2173011,parent - child,2807
Q7041308,Q2342144,parent - child,1021
Q2367593,Q2342144,grandparent - child,1021
Q6920666,Q2342717,parent - child,5912
Q11683680,Q2343863,parent - child,4242
Q1797428,Q2345311,parent - child,4079
Q152988,Q2346633,parent - child,3664
Q2576581,Q2346633,grandparent - child,3664
Q288501,Q2347007,parent - child,3726
Q105743223,Q2348473,parent - child,4556
Q106830963,Q2350117,parent - child,2621
Q52008141,Q2350617,parent - child,3836
Q2276907,Q2351265,parent - child,1579
Q2657741,Q2389114,parent - child,2104
Q7329631,Q2389424,parent - child,5843
Q3169469,Q2390659,parent - child,1847
Q117616241,Q2390659,parent - child,1847
Q215379,Q2392856,parent - child,2276
Q2866,Q2393932,parent - child,513
Q3179118,Q2394612,parent - child,1275
Q1157848,Q2395106,parent - child,5623
Q180861,Q2399595,parent - child,4764
Q2573616,Q2399595,grandparent - child,4764
Q3087827,Q2228316,parent - child,3207
Q13724415,Q2236661,parent - child,5928
Q173145,Q2239218,parent - child,3540
Q235432,Q2242035,parent - child,1619
Q2193862,Q2242037,parent - child,4363
Q975642,Q2242250,parent - child,4620
Q192818,Q2246709,parent - child,4699
Q2017464,Q2250589,parent - child,4783
Q171526,Q2250963,parent - child,1482
Q16636586,Q2357483,parent - child,5401
Q2274843,Q2360160,parent - child,3669
Q975415,Q2362084,parent - child,3378
Q381218,Q2363798,parent - child,3504
Q2420644,Q2364014,parent - child,2493
Q467960,Q2364996,parent - child,2799
Q3635980,Q2364996,parent - child,2799
Q3595480,Q2364996,parent - child,2799
Q1716,Q2367186,parent - child,3172
Q993521,Q2367563,parent - child,5726
Q11705438,Q2294509,parent - child,4954
Q917581,Q2299195,parent - child,4546
Q55190,Q2299195,parent - child,4546
Q2336113,Q2299901,parent - child,2336
Q2889981,Q2301106,parent - child,4401
Q2611627,Q2303281,parent - child,2851
Q2684064,Q2171615,parent - child,37
Q317568,Q2177572,parent - child,5478
Q5055960,Q2404457,parent - child,4782
Q535002,Q2404684,parent - child,2756
Q448467,Q2404684,parent - child,2756
Q683475,Q2407632,parent - child,4160
Q255565,Q2408340,parent - child,3561
Q16012613,Q2408340,parent - child,3561
Q3200780,Q2255312,parent - child,2054
Q1923861,Q2255312,parent - child,2054
Q1404934,Q2258316,parent - child,2676
Q193874,Q2259085,parent - child,109
Q970321,Q2259207,parent - child,2200
Q272007,Q2259686,parent - child,5993
Q16213345,Q2263400,parent - child,2950
Q3265128,Q2266367,parent - child,5332
Q3380767,Q2266390,parent - child,1734
Q347374,Q2266804,parent - child,1305
Q57626,Q2266804,parent - child,1305
Q347374,Q2268637,parent - child,1305
Q57626,Q2268637,parent - child,1305
Q200436,Q2272256,parent - child,1939
Q170581,Q2325554,parent - child,4734
Q1156152,Q2325554,grandparent - child,4734
Q7152909,Q2325554,parent - child,4734
Q3290404,Q2268126,parent - child,624
Q3071879,Q2268126,grandparent - child,624
Q356351,Q2268126,parent - child,624
Q2959243,Q2271796,parent - child,5423
Q4520484,Q2272536,parent - child,12
Q2464624,Q2273036,parent - child,1811
Q274342,Q2273039,parent - child,1159
Q4459955,Q2273039,grandparent - child,1159
Q450995,Q2274096,parent - child,4227
Q724921,Q2277428,parent - child,40
Q2956299,Q2364370,parent - child,3055
Q3261519,Q2365459,parent - child,4566
Q4410513,Q2365734,parent - child,2311
Q2579298,Q2368832,parent - child,2408
Q4245388,Q2369380,parent - child,81
Q4327256,Q2369380,grandparent - child,81
Q4257016,Q2369380,parent - child,81
Q4369226,Q2373179,parent - child,3255
Q633916,Q2373179,parent - child,3255
Q266713,Q2374530,parent - child,3738
Q6266287,Q2374832,parent - child,1289
Q3384856,Q2377280,parent - child,440
Q355254,Q2377795,parent - child,171
Q159609,Q2377795,grandparent - child,171
Q29574,Q2377795,grandparent - child,171
Q267367,Q2377795,parent - child,171
Q2662835,Q2377795,grandparent - child,171
Q1256457,Q2409501,parent - child,979
Q6752929,Q2409501,parent - child,979
Q4074414,Q2412102,parent - child,544
Q1976750,Q2412965,parent - child,1940
Q3683287,Q2413455,parent - child,3169
Q1362941,Q2414301,parent - child,511
Q3154666,Q2414678,parent - child,4748
Q4413165,Q2414703,parent - child,1760
Q8410945,Q2414703,parent - child,1760
Q1091237,Q2414886,parent - child,95
Q335260,Q2414886,grandparent - child,95
Q153815,Q2414886,grandparent - child,95
Q2348709,Q2415563,parent - child,2369
Q601138,Q2313245,parent - child,245
Q2799482,Q2313554,parent - child,5408
Q92676,Q2314570,parent - child,442
Q176455,Q2315802,parent - child,3273
Q142546,Q2315802,grandparent - child,3273
Q309788,Q2315802,parent - child,3273
Q4512548,Q2316217,parent - child,2802
Q231895,Q2317090,parent - child,697
Q159101,Q2317090,parent - child,697
Q102139,Q2317090,grandparent - child,697
Q1389258,Q2317090,grandparent - child,697
Q2799482,Q2317287,parent - child,5408
Q3839305,Q2320489,parent - child,904
Q3358782,Q2320780,parent - child,2698
Q6014415,Q2320780,parent - child,2698
Q3081393,Q2321787,parent - child,3831
Q2573673,Q2324230,parent - child,1895
Q4280612,Q2564419,parent - child,2880
Q165674,Q2564880,parent - child,49
Q255679,Q2564880,parent - child,49
Q484816,Q2566115,parent - child,977
Q59160153,Q2566115,parent - child,977
Q1909929,Q2451021,parent - child,3965
Q1657677,Q2451434,parent - child,87
Q15988,Q2451434,grandparent - child,87
Q160984,Q2451434,grandparent - child,87
Q1813030,Q2451872,parent - child,3181
Q712105,Q2455435,parent - child,4288
Q785795,Q2457750,parent - child,3583
Q128121,Q2459143,parent - child,2669
Q239476,Q2459143,parent - child,2669
Q1248333,Q2460954,parent - child,5053
Q2314771,Q2464604,parent - child,1694
Q630371,Q2464604,parent - child,1694
Q172724,Q2465450,parent - child,633
Q3623255,Q2465450,parent - child,633
Q64217,Q2468206,parent - child,4032
Q635489,Q2468206,grandparent - child,4032
Q538532,Q2468206,parent - child,4032
Q788565,Q2468206,grandparent - child,4032
Q382226,Q2468206,grandparent - child,4032
Q101137,Q2506910,parent - child,3436
Q315584,Q2506910,grandparent - child,3436
Q73281,Q2506910,parent - child,3436
Q2321130,Q2508745,parent - child,5419
Q2522725,Q2510098,parent - child,2805
Q1976750,Q2510830,parent - child,1940
Q510320,Q2512714,parent - child,423
Q2301729,Q2516645,parent - child,2480
Q69103,Q2517919,parent - child,109
Q193874,Q2517919,grandparent - child,109
Q1919549,Q2519431,parent - child,599
Q1954211,Q2519431,grandparent - child,599
Q85156,Q2522766,parent - child,1050
Q538411,Q2420456,parent - child,1080
Q261284,Q2420456,parent - child,1080
Q2421062,Q2421067,parent - child,5001
Q100975434,Q2422401,parent - child,3062
Q1823850,Q2422785,parent - child,2977
Q2368306,Q2423081,parent - child,3060
Q126513,Q2423081,parent - child,3060
Q930013,Q2423576,parent - child,1441
Q563765,Q2423576,parent - child,1441
Q1983067,Q2423759,parent - child,5318
Q3865974,Q2423759,parent - child,5318
Q88427,Q2425597,parent - child,2795
Q4532783,Q2426085,parent - child,3769
Q94273,Q2426914,parent - child,2187
Q1166727,Q2566761,parent - child,6034
Q2653932,Q2568499,parent - child,3086
Q12857317,Q2569624,parent - child,1270
Q2745985,Q2570320,parent - child,2651
Q1886399,Q2570320,parent - child,2651
Q4818312,Q2570928,parent - child,2619
Q878273,Q2466605,parent - child,1446
Q815126,Q2467920,parent - child,1684
Q167423,Q2467920,grandparent - child,1684
Q223183,Q2467920,grandparent - child,1684
Q2306417,Q2468011,parent - child,76
Q3705847,Q2469598,parent - child,3653
Q2995766,Q2470718,parent - child,584
Q552917,Q2471083,parent - child,2691
Q559815,Q2473997,parent - child,4461
Q173275,Q2474413,parent - child,412
Q5650543,Q2521612,parent - child,3751
Q81179,Q2525208,parent - child,87
Q12973,Q2525208,parent - child,87
Q827371,Q2526305,parent - child,4379
Q1369213,Q2526706,parent - child,3982
Q12208663,Q2528416,parent - child,5381
Q2051791,Q2531017,parent - child,1057
Q175142,Q2532879,parent - child,5265
Q6965626,Q2429535,parent - child,5611
Q6071907,Q2429535,parent - child,5611
Q38573,Q2433616,parent - child,5101
Q1280020,Q2433616,parent - child,5101
Q6211718,Q2436474,parent - child,6145
Q233046,Q2438479,parent - child,6205
Q574525,Q2441340,parent - child,4785
Q7807093,Q2444572,parent - child,2291
Q8011967,Q2444572,grandparent - child,2291
Q598844,Q2444990,parent - child,2388
Q46172,Q2449855,parent - child,4020
Q7416,Q2449855,parent - child,4020
Q2510365,Q2541873,parent - child,1775
Q652144,Q2542111,parent - child,4159
Q1066645,Q2547493,parent - child,6207
Q4772449,Q2549389,parent - child,1311
Q130614285,Q2550252,parent - child,1659
Q721476,Q2477253,parent - child,3505
Q2578566,Q2480363,parent - child,5205
Q3991478,Q2481145,parent - child,2775
Q1688725,Q2481758,parent - child,1597
Q3545008,Q2483200,parent - child,5586
Q145464,Q2483728,parent - child,2018
Q447879,Q2483728,grandparent - child,2018
Q1146217,Q2483728,grandparent - child,2018
Q2463292,Q2487628,parent - child,5172
Q2463292,Q2492061,parent - child,5172
Q594046,Q2492740,parent - child,573
Q3680154,Q2617501,parent - child,3323
Q2657851,Q2617825,parent - child,1637
Q4984941,Q2618003,parent - child,1395
Q2428973,Q2618507,parent - child,5336
Q898347,Q2621015,parent - child,4405
Q12373774,Q2621730,parent - child,2173
Q2442984,Q2622781,parent - child,487
Q15999120,Q2622881,parent - child,3373
Q930865,Q2552896,parent - child,5790
Q4017995,Q2553181,parent - child,6050
Q3568810,Q2555171,parent - child,1066
Q446235,Q2555171,parent - child,1066
Q158558,Q2556523,parent - child,3355
Q107130,Q2556523,parent - child,3355
Q3868781,Q2557199,parent - child,2095
Q3751120,Q2557199,parent - child,2095
Q4983483,Q2560852,parent - child,1400
Q2515056,Q2495512,parent - child,3719
Q2151825,Q2497708,parent - child,6239
Q1941062,Q2499765,parent - child,4278
Q360518,Q2500320,parent - child,4839
Q2943695,Q2501704,parent - child,1408
Q11896984,Q2502942,parent - child,1148
Q59225395,Q2623768,parent - child,787
Q604288,Q2624157,parent - child,6140
Q442588,Q2627075,parent - child,3989
Q4255046,Q2627391,parent - child,1653
Q4255042,Q2627391,parent - child,1653
Q360518,Q2627833,parent - child,4839
Q14339790,Q2629387,parent - child,652
Q84675,Q2591168,parent - child,835
Q2140777,Q2591497,parent - child,5176
Q2463292,Q2592175,parent - child,5172
Q1876310,Q2595437,parent - child,1457
Q19606659,Q2597731,parent - child,5581
Q2598113,Q2597786,parent - child,3146
Q143172,Q2600402,parent - child,4193
Q2084334,Q2652158,parent - child,551
Q3779045,Q2655724,parent - child,5771
Q375278,Q2657043,parent - child,5068
Q4425151,Q2657172,parent - child,4706
Q55211,Q2657179,parent - child,5550
Q3296384,Q2657179,parent - child,5550
Q2832324,Q2658477,parent - child,2491
Q1687804,Q2660201,parent - child,4139
Q2350617,Q2660509,parent - child,3836
Q52008141,Q2660509,grandparent - child,3836
Q2986320,Q2660829,parent - child,5067
Q4074414,Q2631300,parent - child,544
Q16611725,Q2632825,parent - child,1416
Q4398632,Q2635589,parent - child,881
Q10708288,Q2635903,parent - child,4799
Q60838,Q2639773,parent - child,5405
Q2768078,Q2767652,parent - child,5279
Q464932,Q2774229,parent - child,2688
Q9570,Q2774229,parent - child,2688
Q9575,Q2774229,grandparent - child,2688
Q172098,Q2776575,parent - child,5368
Q15917430,Q2776715,parent - child,2269
Q3512453,Q2776724,parent - child,4434
Q15078636,Q2777806,parent - child,841
Q467172,Q2777806,parent - child,841
Q41326100,Q2778259,parent - child,2522
Q159840,Q2778414,parent - child,4089
Q2206095,Q2778414,parent - child,4089
Q652144,Q2779396,parent - child,4159
Q718288,Q2781565,parent - child,5679
Q1053620,Q2783342,parent - child,4991
Q2128641,Q2783962,parent - child,4195
Q3351775,Q2784868,parent - child,216
Q519588,Q2787606,parent - child,2088
Q14299512,Q2788189,parent - child,3784
Q7942882,Q2791003,parent - child,894
Q532712,Q2791003,parent - child,894
Q381700,Q2793486,parent - child,697
Q151773,Q2793486,grandparent - child,697
Q564889,Q2793486,grandparent - child,697
Q243049,Q2793486,parent - child,697
Q104835260,Q2706308,parent - child,1996
Q238529,Q2707860,parent - child,1714
Q34105,Q2707860,parent - child,1714
Q119873134,Q2708085,parent - child,4172
Q333129,Q2708085,parent - child,4172
Q377424,Q2708237,parent - child,4941
Q3431782,Q2708237,grandparent - child,4941
Q550436,Q2708494,parent - child,2656
Q274989,Q2708602,parent - child,646
Q2540802,Q2709745,parent - child,3983
Q5368363,Q2712978,parent - child,1736
Q1976750,Q2715122,parent - child,1940
Q380884,Q2719909,parent - child,2270
Q289364,Q2719909,grandparent - child,2270
Q318263,Q2719909,grandparent - child,2270
Q155065,Q2720742,parent - child,3752
Q2357262,Q2719795,parent - child,135
Q3520815,Q2723790,parent - child,5694
Q2325022,Q2723793,parent - child,1917
Q1686232,Q2726352,parent - child,1064
Q7499788,Q2726352,parent - child,1064
Q448104,Q2727922,parent - child,1636
Q10856511,Q2727922,parent - child,1636
Q1189486,Q2727922,grandparent - child,1636
Q280229,Q2727922,grandparent - child,1636
Q358774,Q2728197,parent - child,3684
Q327814,Q2728714,parent - child,6157
Q2739159,Q2728775,parent - child,1546
Q730045,Q2728775,parent - child,1546
Q554175,Q2728775,grandparent - child,1546
Q1149,Q2728775,grandparent - child,1546
Q477169,Q2730653,parent - child,771
Q1685638,Q2732312,parent - child,4210
Q331904,Q2733524,parent - child,1095
Q358774,Q2733724,parent - child,3684
Q2741772,Q2600379,parent - child,31
Q15966610,Q2601834,parent - child,6178
Q983344,Q2602222,parent - child,991
Q735688,Q2602515,parent - child,4043
Q113328,Q2603394,parent - child,3756
Q5486029,Q2604359,parent - child,4192
Q6292222,Q2606477,parent - child,3595
Q1043577,Q2606866,parent - child,4101
Q537512,Q2608846,parent - child,4732
Q2327114,Q2609359,parent - child,1891
Q1992960,Q2789065,parent - child,571
Q11836904,Q2789894,parent - child,651
Q1166062,Q2789894,parent - child,651
Q54860642,Q2800973,parent - child,2758
Q16302537,Q2806671,parent - child,195
Q4699660,Q2815590,parent - child,6023
Q3309208,Q2815590,grandparent - child,6023
Q4199082,Q2817259,parent - child,43
Q6893143,Q2817259,parent - child,43
Q4116074,Q2817261,parent - child,43
Q294365,Q2817261,parent - child,43
Q240575,Q2817328,parent - child,43
Q2465271,Q2817328,grandparent - child,43
Q146906,Q2817328,parent - child,43
Q4116074,Q2817328,grandparent - child,43
Q294365,Q2817328,grandparent - child,43
Q800238,Q2821259,parent - child,911
Q3169288,Q2821586,parent - child,1178
Q10382157,Q2663586,parent - child,5593
Q130873,Q2663586,parent - child,5593
Q2670877,Q2664053,parent - child,266
Q200273,Q2664053,parent - child,266
Q18049690,Q2664053,grandparent - child,266
Q298020,Q2664053,grandparent - child,266
Q287110,Q2665274,parent - child,3890
Q76227,Q2669342,parent - child,4890
Q38204964,Q2641191,parent - child,5787
Q375867,Q2641289,parent - child,2304
Q1334296,Q2641365,parent - child,5204
Q2275925,Q2641853,parent - child,933
Q1514383,Q2641995,parent - child,4181
Q1060949,Q2645184,parent - child,2301
Q31187026,Q2645184,parent - child,2301
Q57387,Q2647249,parent - child,1205
Q2419984,Q2613996,parent - child,2342
Q7562160,Q2615699,parent - child,2461
Q107061356,Q2821766,parent - child,3422
Q1276,Q2823929,parent - child,3401
Q2635204,Q2823967,parent - child,1233
Q263730,Q2824078,parent - child,943
Q9175360,Q2826453,parent - child,2671
Q296698,Q2833696,parent - child,2234
Q3311678,Q2833696,parent - child,2234
Q52188349,Q2833697,parent - child,2425
Q3167496,Q2834079,parent - child,4349
Q1190057,Q2834188,parent - child,6119
Q9096725,Q2834692,parent - child,5834
Q2237065,Q2738556,parent - child,3631
Q557954,Q2738664,parent - child,4397
Q2965913,Q2739194,parent - child,1507
Q448104,Q2740324,parent - child,1636
Q10856511,Q2740324,parent - child,1636
Q1189486,Q2740324,grandparent - child,1636
Q280229,Q2740324,grandparent - child,1636
Q442965,Q2741080,parent - child,5510
Q311796,Q2746213,parent - child,1406
Q256870,Q2746213,grandparent - child,1406
Q213001,Q2746213,grandparent - child,1406
Q2463292,Q2671482,parent - child,5172
Q2191884,Q2671798,parent - child,2009
Q13182433,Q2672325,parent - child,410
Q1514767,Q2677833,parent - child,4790
Q5582624,Q2682651,parent - child,4150
Q888441,Q2683169,parent - child,2939
Q2503772,Q2686263,parent - child,491
Q158536,Q2689385,parent - child,2586
Q15882937,Q2690072,parent - child,634
Q12093205,Q2690188,parent - child,1879
Q259979,Q2690822,parent - child,2333
Q41340,Q2697342,parent - child,5159
Q102711,Q2697342,parent - child,5159
Q55407,Q2700318,parent - child,155
Q560197,Q2700318,grandparent - child,155
Q2285613,Q2698385,parent - child,3364
Q17219876,Q2698639,parent - child,5174
Q7376025,Q2700188,parent - child,5689
Q15875441,Q2704504,parent - child,3639
Q13629384,Q2705528,parent - child,2479
Q3846574,Q2854657,parent - child,1243
Q4083878,Q2855688,parent - child,1695
Q4341772,Q2855765,parent - child,3417
Q3124312,Q2856737,parent - child,3663
Q817207,Q2857009,parent - child,3067
Q295007,Q2857519,parent - child,540
Q107124548,Q2857519,grandparent - child,540
Q21541742,Q2857519,parent - child,540
Q183105,Q2859344,parent - child,1791
Q551776,Q2863200,parent - child,2892
Q325130,Q2836287,parent - child,2232
Q5931830,Q2836305,parent - child,1430
Q6408479,Q2836305,grandparent - child,1430
Q539877,Q2836323,parent - child,1087
Q5549075,Q2838445,parent - child,2739
Q505466,Q2838608,parent - child,1850
Q468816,Q2840228,parent - child,2145
Q55766298,Q2840640,parent - child,3928
Q2347235,Q2841182,parent - child,5017
Q379962,Q2841424,parent - child,5042
Q9054826,Q2843557,parent - child,5619
Q5852614,Q2843557,parent - child,5619
Q3517911,Q2745305,parent - child,3770
Q983328,Q2745305,grandparent - child,3770
Q5779359,Q2746416,parent - child,128
Q1980184,Q2746926,parent - child,5667
Q2342905,Q2746986,parent - child,1762
Q2342279,Q2747276,parent - child,3487
Q1862725,Q2751058,parent - child,6180
Q1813030,Q2752035,parent - child,3181
Q3635980,Q2752875,parent - child,2799
Q3595480,Q2752875,parent - child,2799
Q4386083,Q2754712,parent - child,2358
Q2159268,Q2754712,parent - child,2358
Q4990942,Q2756267,parent - child,5322
Q1678730,Q2760347,parent - child,4222
Q55409,Q2762152,parent - child,3170
Q24203093,Q2827676,parent - child,3233
Q719173,Q2829418,parent - child,5149
Q368039,Q2829418,grandparent - child,5149
Q982095,Q2829481,parent - child,4063
Q1605801,Q2829882,parent - child,5756
Q2959882,Q2830125,parent - child,1170
Q269422,Q2830186,parent - child,1378
Q2185,Q2830186,parent - child,1378
Q3122278,Q2830402,parent - child,3468
Q189599,Q2833310,parent - child,5016
Q2424893,Q2833310,parent - child,5016
Q3158348,Q2833494,parent - child,709
Q106544,Q2833500,parent - child,2320
Q536635,Q2833500,grandparent - child,2320
Q945890,Q2833500,grandparent - child,2320
Q3439305,Q2832993,parent - child,1293
Q3241976,Q2833411,parent - child,1804
Q1386558,Q2944371,parent - child,334
Q17612322,Q2944373,parent - child,5977
Q1001130,Q2945747,parent - child,4188
Q1377845,Q2946829,parent - child,2010
Q4961873,Q2956815,parent - child,2406
Q2203717,Q2956815,parent - child,2406
Q2009936,Q2958005,parent - child,1729
Q2907398,Q2893721,parent - child,164
Q469761,Q2894354,parent - child,3448
Q12408140,Q2894421,parent - child,4044
Q371258,Q2894842,parent - child,5454
Q5678197,Q2895310,parent - child,4768
Q357659,Q2895584,parent - child,5399
Q3721403,Q2895720,parent - child,2532
Q4466506,Q2896108,parent - child,2806
Q3420999,Q2896144,parent - child,601
Q3124312,Q2896229,parent - child,3663
Q52834398,Q2896631,parent - child,5380
Q6324033,Q2896848,parent - child,2854
Q4470872,Q2897291,parent - child,3254
Q296386,Q2897761,parent - child,5574
Q289732,Q2898055,parent - child,823
Q3132187,Q2898766,parent - child,2259
Q2903515,Q2899388,parent - child,1691
Q728158,Q2865172,parent - child,5313
Q323342,Q2865275,parent - child,3147
Q55207,Q2865791,parent - child,1525
Q208116,Q2865791,grandparent - child,1525
Q4297950,Q2865791,parent - child,1525
Q3161577,Q2869349,parent - child,2400
Q107002,Q2870568,parent - child,6098
Q16105063,Q2842824,parent - child,1309
Q1620037,Q2844973,parent - child,3118
Q3154824,Q2844973,parent - child,3118
Q1688305,Q2845017,parent - child,1647
Q389066,Q2846128,parent - child,574
Q739930,Q2846805,parent - child,4152
Q101049995,Q2846945,parent - child,3012
Q2528007,Q2846945,parent - child,3012
Q3497880,Q2848049,parent - child,3393
Q5850607,Q2849041,parent - child,3559
Q109471157,Q2849150,parent - child,3243
Q2748101,Q2938136,parent - child,5035
Q355288,Q2938630,parent - child,879
Q3384510,Q2938968,parent - child,4664
Q11689366,Q2939067,parent - child,5788
Q6036150,Q2939593,parent - child,2761
Q5859362,Q2939593,parent - child,2761
Q3002920,Q2939617,parent - child,942
Q3736333,Q2939617,parent - child,942
Q231736,Q2939843,parent - child,6152
Q4011265,Q2940993,parent - child,4576
Q3184908,Q2941911,parent - child,3744
Q380272,Q2942050,parent - child,3453
Q3435835,Q2942055,parent - child,840
Q1442192,Q2943401,parent - child,1106
Q461260,Q2943402,parent - child,5263
Q3180125,Q2943553,parent - child,3262
Q21281342,Q2852883,parent - child,4830
Q3171474,Q2849827,parent - child,827
Q2036191,Q2850603,parent - child,1259
Q469459,Q2851027,parent - child,1648
Q192214,Q2851118,parent - child,2991
Q22249068,Q2851235,parent - child,1842
Q3311452,Q2851235,parent - child,1842
Q14870224,Q2851259,parent - child,2064
Q21663002,Q2851275,parent - child,3605
Q106529,Q2852396,parent - child,5634
Q32055,Q2853612,parent - child,2506
Q2420456,Q2958216,parent - child,1080
Q538411,Q2958216,grandparent - child,1080
Q261284,Q2958216,grandparent - child,1080
Q3311149,Q2958306,parent - child,1080
Q538411,Q2958306,grandparent - child,1080
Q261284,Q2958306,grandparent - child,1080
Q2929493,Q2958306,parent - child,1080
Q263730,Q2874739,parent - child,943
Q2335161,Q2874769,parent - child,6234
Q60737,Q2874895,parent - child,4549
Q236196,Q2874895,parent - child,4549
Q6084594,Q2877210,parent - child,60
Q7064146,Q2877381,parent - child,469
Q16013306,Q2877914,parent - child,155
Q5698982,Q2878205,parent - child,3841
Q447933,Q2878916,parent - child,3812
Q55210,Q2879304,parent - child,647
Q561234,Q2883924,parent - child,2004
Q2252854,Q2884020,parent - child,2178
Q11738279,Q2884020,parent - child,2178
Q18810921,Q2983236,parent - child,2534
Q3133593,Q2983236,parent - child,2534
Q19837,Q2983236,parent - child,2534
Q2324581,Q2989832,parent - child,2404
Q318320,Q2989832,parent - child,2404
Q65200336,Q2991175,parent - child,2398
Q302400,Q2994084,parent - child,4359
Q3760549,Q2997305,parent - child,852
Q1452301,Q2997305,parent - child,852
Q16855319,Q2885622,parent - child,2476
Q6063061,Q2888603,parent - child,4316
Q2487628,Q2889104,parent - child,5172
Q2463292,Q2889104,grandparent - child,5172
Q370787,Q2889271,parent - child,1810
Q2906119,Q2891095,parent - child,338
Q44546,Q2891336,parent - child,5020
Q235983,Q2891568,parent - child,1024
Q486381,Q2891798,parent - child,1636
Q1189486,Q2891798,grandparent - child,1636
Q280229,Q2891798,grandparent - child,1636
Q467661,Q2891798,parent - child,1636
Q10267757,Q2900818,parent - child,4333
Q12412121,Q2903330,parent - child,2218
Q93181,Q2903359,parent - child,3346
Q2907977,Q2903359,grandparent - child,3346
Q450654,Q2903359,parent - child,3346
Q2933413,Q2903713,parent - child,888
Q625515,Q2904001,parent - child,843
Q12405656,Q2904040,parent - child,432
Q2906644,Q2904656,parent - child,3097
Q2334778,Q2904819,parent - child,4309
Q2903899,Q2905180,parent - child,5432
Q184351,Q2905470,parent - child,3529
Q528751,Q2905839,parent - child,4084
Q2348464,Q2905839,parent - child,4084
Q6988334,Q2906838,parent - child,1276
Q571575,Q2909639,parent - child,4268
Q571575,Q2909673,parent - child,4268
Q6157350,Q2909767,parent - child,59
Q248943,Q2909936,parent - child,1448
Q441183,Q2910025,parent - child,5808
Q34060,Q2910025,parent - child,5808
Q6729238,Q2910028,parent - child,224
Q4393880,Q2910061,parent - child,1449
Q6901943,Q2910504,parent - child,736
Q2891201,Q2910959,parent - child,268
Q929016,Q2912412,parent - child,1034
Q1948911,Q2915755,parent - child,5738
Q17227374,Q2916325,parent - child,2579
Q6960050,Q2917080,parent - child,5858
Q302621,Q2918270,parent - child,4978
Q328776,Q2919005,parent - child,1023
Q467100,Q2919005,grandparent - child,1023
Q57336,Q2919350,parent - child,1819
Q5447,Q3000767,parent - child,6005
Q296661,Q3009497,parent - child,5753
Q96472181,Q3009637,parent - child,5091
Q937052,Q3010455,parent - child,788
Q3178992,Q3011555,parent - child,6029
Q438786,Q3013752,parent - child,1531
Q7546,Q3013752,parent - child,1531
Q461112,Q3013862,parent - child,2541
Q476198,Q3013862,parent - child,2541
Q3293932,Q3014061,parent - child,1221
Q3435174,Q3014061,parent - child,1221
Q3014239,Q3014237,parent - child,4280
Q337010,Q3014345,parent - child,149
Q3186180,Q3017403,parent - child,5286
Q358231,Q3018370,parent - child,2886
Q975310,Q3018560,parent - child,4099
Q311317,Q3018820,parent - child,3911
Q376580,Q3019068,parent - child,1166
Q2853812,Q3038130,parent - child,3367
Q2378223,Q3038214,parent - child,2778
Q7403262,Q3039395,parent - child,1897
Q11336679,Q3039412,parent - child,5384
Q698080,Q3042869,parent - child,809
Q7461139,Q3044644,parent - child,3371
Q16628912,Q3047623,parent - child,3117
Q10297744,Q3048127,parent - child,1743
Q65849177,Q3048274,parent - child,5498
Q441424,Q3048622,parent - child,4244
Q134549,Q3048622,parent - child,4244
Q8017272,Q2960128,parent - child,4304
Q3311467,Q2960328,parent - child,5933
Q5271337,Q2960441,parent - child,3612
Q320305,Q2960441,parent - child,3612
Q327825,Q2963756,parent - child,5654
Q962794,Q2964784,parent - child,2979
Q325487,Q2964885,parent - child,3916
Q6173473,Q3068766,parent - child,5722
Q253596,Q3069627,parent - child,3258
Q317182,Q3069627,parent - child,3258
Q764803,Q3070885,parent - child,1261
Q2319562,Q3070885,parent - child,1261
Q3266083,Q3071529,parent - child,3789
Q2617461,Q3072494,parent - child,3322
Q3635217,Q3072636,parent - child,4504
Q3141242,Q3072912,parent - child,2964
Q13315959,Q3073559,parent - child,5855
Q73428,Q3073987,parent - child,1968
Q151164,Q3074001,parent - child,5697
Q3316000,Q3074003,parent - child,4636
Q62023923,Q3074005,parent - child,1013
Q43649900,Q3074223,parent - child,1244
Q230697,Q3077388,parent - child,1145
Q34479,Q3077388,parent - child,1145
Q376580,Q3078910,parent - child,1166
Q4865865,Q2917665,parent - child,267
Q4712152,Q2917733,parent - child,2735
Q6039602,Q2918035,parent - child,6171
Q65251454,Q2918275,parent - child,3510
Q12404033,Q2918744,parent - child,3032
Q9015719,Q2919200,parent - child,535
Q11348338,Q2919334,parent - child,5784
Q60899799,Q2920609,parent - child,4112
Q2585447,Q2923549,parent - child,2638
Q55422,Q2923748,parent - child,6252
Q5462384,Q2924846,parent - child,5938
Q263730,Q2926091,parent - child,943
Q3437309,Q2926117,parent - child,1228
Q3848536,Q2926744,parent - child,5812
Q7945885,Q2927208,parent - child,3635
Q5620619,Q2927525,parent - child,4287
Q470027,Q2929427,parent - child,177
Q1441394,Q2930001,parent - child,1527
Q9618212,Q2934814,parent - child,4807
Q1683035,Q2935099,parent - child,671
Q3023104,Q2935099,parent - child,671
Q105581567,Q2935099,grandparent - child,671
Q111584475,Q3079668,parent - child,732
Q1284283,Q3081638,parent - child,4682
Q12946,Q3081663,parent - child,4525
Q47150986,Q3081751,parent - child,3440
Q1442192,Q3081925,parent - child,1106
Q129092,Q3082128,parent - child,4474
Q3085154,Q3082279,parent - child,3215
Q3170655,Q3082745,parent - child,3027
Q3592758,Q3082745,parent - child,3027
Q5920146,Q3083098,parent - child,1925
Q535113,Q3083743,parent - child,44
Q312667,Q3084503,parent - child,2942
Q2146136,Q3048868,parent - child,1600
Q9384356,Q3048878,parent - child,5070
Q551763,Q3049370,parent - child,2460
Q739560,Q3049811,parent - child,3901
Q6369565,Q3049872,parent - child,2515
Q244997,Q3050853,parent - child,2560
Q53944,Q3051101,parent - child,5417
Q713195,Q3051101,grandparent - child,5417
Q15522089,Q3051101,parent - child,5417
Q3124058,Q3051724,parent - child,1542
Q1316,Q3052569,parent - child,409
Q253660,Q3052569,parent - child,409
Q1430773,Q3052569,grandparent - child,409
Q1387731,Q3056313,parent - child,1932
Q318475,Q3056362,parent - child,4711
Q533583,Q3056380,parent - child,6087
Q1046029,Q3056444,parent - child,612
Q6524174,Q3017229,parent - child,5772
Q358513,Q3019212,parent - child,98
Q3069332,Q3019212,grandparent - child,98
Q112205,Q3020917,parent - child,3317
Q6841169,Q3021576,parent - child,2992
Q16171602,Q3021819,parent - child,4511
Q57418,Q3022596,parent - child,2813
Q1646,Q3022968,parent - child,4196
Q105581567,Q3023104,parent - child,671
Q5837620,Q3026141,parent - child,4134
Q654082,Q3029164,parent - child,5570
Q262460,Q3029689,parent - child,209
Q7821778,Q3030327,parent - child,5786
Q6120168,Q3032783,parent - child,4180
Q453804,Q3034272,parent - child,1123
Q137808,Q3034272,grandparent - child,1123
Q927934,Q3034854,parent - child,1124
Q1508785,Q3034943,parent - child,1158
Q2750,Q3035420,parent - child,960
Q3128925,Q3035518,parent - child,3624
Q3385816,Q3036208,parent - child,3206
Q7040082,Q2964027,parent - child,4237
Q3219174,Q2964182,parent - child,5392
Q3469767,Q2964570,parent - child,6058
Q7340096,Q2964707,parent - child,5414
Q3892458,Q2964750,parent - child,4838
Q3025569,Q2965883,parent - child,4041
Q15971604,Q2965933,parent - child,270
Q49705187,Q2965933,parent - child,270
Q137808,Q2966564,parent - child,1123
Q354496,Q2966650,parent - child,4970
Q469734,Q2966650,parent - child,4970
Q374760,Q2966653,parent - child,5642
Q470798,Q2966653,grandparent - child,5642
Q368069,Q2972081,parent - child,1834
Q2396260,Q2975013,parent - child,5110
Q3237293,Q2975483,parent - child,2117
Q461399,Q2975483,parent - child,2117
Q60721953,Q2975487,parent - child,3238
Q435686,Q2975487,parent - child,3238
Q3357807,Q2975629,parent - child,166
Q2847364,Q2977063,parent - child,2909
Q2320966,Q2977184,parent - child,1594
Q365985,Q2977418,parent - child,949
Q3106114,Q2980524,parent - child,262
Q3573347,Q2980738,parent - child,4350
Q1630281,Q2980756,parent - child,656
Q149389,Q2980756,parent - child,656
Q164535,Q3091442,parent - child,1193
Q27865687,Q3091442,parent - child,1193
Q54985751,Q3092479,parent - child,352
Q348890,Q3092547,parent - child,545
Q3515410,Q3092707,parent - child,752
Q3014021,Q3093733,parent - child,5491
Q85025222,Q3093933,parent - child,5397
Q2586555,Q3095534,parent - child,3309
Q11339960,Q3098359,parent - child,345
Q11565892,Q3098359,parent - child,345
Q5524578,Q3098509,parent - child,6144
Q3068115,Q3098666,parent - child,4204
Q8619,Q3099714,parent - child,1914
Q3290526,Q3099714,parent - child,1914
Q6143234,Q3099714,grandparent - child,1914
Q3383413,Q3099856,parent - child,4626
Q10292378,Q3099883,parent - child,673
Q3165234,Q3099896,parent - child,3665
Q3287818,Q3083997,parent - child,4571
Q2161720,Q3084784,parent - child,6021
Q3102969,Q3085032,parent - child,2017
Q674260,Q3086431,parent - child,6243
Q44936588,Q3052791,parent - child,595
Q52828352,Q3052806,parent - child,817
Q3169266,Q3052932,parent - child,5819
Q13489428,Q3054787,parent - child,775
Q17381963,Q3056683,parent - child,4002
Q452175,Q3058893,parent - child,4357
Q433979,Q3058969,parent - child,1872
Q2925490,Q3058969,parent - child,1872
Q3292297,Q3059503,parent - child,1080
Q84971,Q3059503,grandparent - child,1080
Q534961,Q3059503,parent - child,1080
Q538411,Q3059503,grandparent - child,1080
Q261284,Q3059503,grandparent - child,1080
Q313281,Q3060253,parent - child,601
Q3420999,Q3060253,grandparent - child,601
Q3419293,Q3122190,parent - child,1175
Q2124683,Q3124507,parent - child,4522
Q164428,Q3086614,parent - child,3755
Q935962,Q3086620,parent - child,1774
Q3434614,Q3089636,parent - child,4723
Q742622,Q3090209,parent - child,3703
Q16104584,Q3090285,parent - child,5750
Q1230574,Q3090356,parent - child,2426
Q12044924,Q3061251,parent - child,931
Q2055180,Q3063122,parent - child,2056
Q450236,Q3067887,parent - child,1042
Q4116852,Q3100114,parent - child,2951
Q2848961,Q3100652,parent - child,6151
Q2848094,Q3100664,parent - child,6238
Q5149532,Q3101841,parent - child,680
Q221997,Q3101841,parent - child,680
Q23505,Q3101841,grandparent - child,680
Q190628,Q3101841,grandparent - child,680
Q1870001,Q3135561,parent - child,2610
Q1373770,Q3135561,parent - child,2610
Q308021,Q3135750,parent - child,5462
Q11713872,Q3136860,parent - child,708
Q3845564,Q3136860,parent - child,708
Q363260,Q3139364,parent - child,5311
Q431529,Q3139396,parent - child,316
Q788289,Q3139396,parent - child,316
Q2826050,Q3140084,parent - child,3007
Q12983,Q3140213,parent - child,5371
Q59544332,Q3140213,parent - child,5371
Q6078,Q3140306,parent - child,94
Q3528610,Q3140358,parent - child,903
Q268821,Q3141755,parent - child,171
Q57304,Q3141755,grandparent - child,171
Q154946,Q3141755,grandparent - child,171
Q301365,Q3141755,parent - child,171
Q661893,Q3142520,parent - child,5954
Q63383077,Q3142630,parent - child,3419
Q353866,Q3144686,parent - child,1039
Q309240,Q3144773,parent - child,5301
Q268881,Q3126844,parent - child,780
Q4028,Q3127703,parent - child,683
Q914034,Q3128041,parent - child,4116
Q2685324,Q3163544,parent - child,2866
Q2754062,Q3163544,parent - child,2866
Q27916006,Q3164719,parent - child,1355
Q3103091,Q3165316,parent - child,3857
Q3289184,Q3167425,parent - child,598
Q630386,Q3104758,parent - child,4713
Q2039548,Q3104992,parent - child,1043
Q1168654,Q3106153,parent - child,5792
Q1996613,Q3106502,parent - child,2243
Q3325528,Q3106919,parent - child,109
Q193874,Q3106919,grandparent - child,109
Q101246219,Q3106919,parent - child,109
Q3618902,Q3106984,parent - child,2666
Q967846,Q3106984,parent - child,2666
Q1372533,Q3108051,parent - child,2171
Q110952627,Q3108051,parent - child,2171
Q3093600,Q3109308,parent - child,3129
Q3055080,Q3109829,parent - child,4505
Q434413,Q3110308,parent - child,3193
Q313868,Q3111214,parent - child,3368
Q3423904,Q3144685,parent - child,462
Q3320538,Q3144896,parent - child,1362
Q2829621,Q3147241,parent - child,927
Q4163548,Q3147664,parent - child,5451
Q11480206,Q3147664,grandparent - child,5451
Q13444886,Q3147680,parent - child,4690
Q19910596,Q3147994,parent - child,6185
Q887259,Q3148261,parent - child,5171
Q1373900,Q3148435,parent - child,3909
Q3612104,Q3148689,parent - child,4378
Q3161835,Q3154719,parent - child,5813
Q50872104,Q3168491,parent - child,530
Q3384015,Q3170784,parent - child,4745
Q553135,Q3172408,parent - child,2917
Q185546,Q3178812,parent - child,1466
Q259998,Q3178896,parent - child,2923
Q8201241,Q3179763,parent - child,1154
Q652495,Q3182973,parent - child,1718
Q12008525,Q3183227,parent - child,638
Q357502,Q3183456,parent - child,2052
Q462310,Q3183664,parent - child,2285
Q364868,Q3183664,parent - child,2285
Q61059689,Q3183782,parent - child,3019
Q1390152,Q3132520,parent - child,2091
Q1339711,Q3156516,parent - child,1529
Q3559511,Q3157140,parent - child,803
Q382604,Q3157521,parent - child,2198
Q110806836,Q3157725,parent - child,4114
Q860329,Q3157734,parent - child,5673
Q3264786,Q3158647,parent - child,2033
Q653698,Q3159464,parent - child,5605
Q13360877,Q3110894,parent - child,4377
Q20657718,Q3110901,parent - child,628
Q105759837,Q3112676,parent - child,5477
Q11462053,Q3113502,parent - child,1319
Q3195097,Q3113502,parent - child,1319
Q430806,Q3116624,parent - child,4873
Q2038656,Q3117676,parent - child,2689
Q5864892,Q3118676,parent - child,5547
Q6183690,Q3119872,parent - child,2084
Q3898147,Q3120172,parent - child,786
Q3173660,Q3159636,parent - child,3711
Q38240157,Q3160587,parent - child,5112
Q200776,Q3161181,parent - child,2974
Q949,Q3161262,parent - child,5525
Q313040,Q3161487,parent - child,4228
Q5557781,Q3218302,parent - child,2315
Q1778070,Q3218885,parent - child,6091
Q981270,Q3219157,parent - child,1127
Q3380391,Q3219392,parent - child,4460
Q8307068,Q3219401,parent - child,1293
Q3439305,Q3219401,parent - child,1293
Q359026,Q3219492,parent - child,3943
Q3387357,Q3219581,parent - child,1812
Q5056396,Q3219592,parent - child,4596
Q215012,Q3223408,parent - child,2123
Q3925,Q3223408,grandparent - child,2123
Q185025,Q3223408,grandparent - child,2123
Q726890,Q3232562,parent - child,697
Q54386,Q3232562,parent - child,697
Q156548,Q3232562,grandparent - child,697
Q19943,Q3232562,grandparent - child,697
Q3121553,Q3236685,parent - child,3638
Q726890,Q3239518,parent - child,697
Q54386,Q3239518,parent - child,697
Q156548,Q3239518,grandparent - child,697
Q19943,Q3239518,grandparent - child,697
Q3101539,Q3239689,parent - child,1093
Q440490,Q3241428,parent - child,1040
Q467744,Q3241428,parent - child,1040
Q374117,Q3242410,parent - child,3621
Q1004037,Q3185931,parent - child,697
Q102139,Q3185931,grandparent - child,697
Q1389258,Q3185931,grandparent - child,697
Q208615,Q3185931,parent - child,697
Q11106090,Q3185931,grandparent - child,697
Q6186138,Q3185950,parent - child,1494
Q319283,Q3185970,parent - child,2926
Q19260760,Q3186387,parent - child,2535
Q3122159,Q3187209,parent - child,1092
Q4910631,Q3187961,parent - child,3914
Q584749,Q3188574,parent - child,1797
Q510042,Q3189060,parent - child,1962
Q430016,Q3189144,parent - child,1901
Q643408,Q3189286,parent - child,264
Q3174661,Q3189327,parent - child,5821
Q2856787,Q3174990,parent - child,3191
Q298180,Q3174990,parent - child,3191
Q2440366,Q3175789,parent - child,2574
Q234297,Q3176065,parent - child,2944
Q1356701,Q3176065,parent - child,2944
Q3048072,Q3177018,parent - child,5602
Q3104022,Q3177132,parent - child,2069
Q59112,Q3177681,parent - child,4747
Q4201169,Q3177695,parent - child,797
Q44819,Q3177695,parent - child,797
Q171998,Q3178257,parent - child,2665
Q14439,Q3178398,parent - child,3298
Q105817,Q3178398,parent - child,3298
Q185546,Q3178418,parent - child,1466
Q272321,Q3267042,parent - child,5871
Q815126,Q3268142,parent - child,1684
Q167423,Q3268142,grandparent - child,1684
Q223183,Q3268142,grandparent - child,1684
Q815126,Q3268153,parent - child,1684
Q167423,Q3268153,grandparent - child,1684
Q223183,Q3268153,grandparent - child,1684
Q271995,Q3268202,parent - child,3802
Q114764730,Q3269230,parent - child,5595
Q330587,Q3270032,parent - child,5271
Q1065491,Q3271520,parent - child,5572
Q2319146,Q3273670,parent - child,1406
Q213001,Q3273670,parent - child,1406
Q709973,Q3189631,parent - child,4736
Q2929427,Q3189769,parent - child,177
Q470027,Q3189769,grandparent - child,177
Q2057854,Q3189773,parent - child,2026
Q11862031,Q3191927,parent - child,2050
Q3160159,Q3193322,parent - child,5441
Q18415191,Q3193534,parent - child,1134
Q46049,Q3193538,parent - child,2693
Q11752560,Q3193925,parent - child,282
Q231019,Q3193925,parent - child,282
Q2847591,Q3194105,parent - child,3780
Q449472,Q3194868,parent - child,4763
Q24883920,Q3240738,parent - child,4966
Q6437339,Q3241458,parent - child,723
Q5617050,Q3241458,grandparent - child,723
Q5734973,Q3246540,parent - child,2615
Q850920,Q3246901,parent - child,1174
Q15103558,Q3246901,parent - child,1174
Q3247471,Q3247194,parent - child,4019
Q6777381,Q3249025,parent - child,2743
Q15458317,Q3257306,parent - child,5996
Q551439,Q3258760,parent - child,4826
Q2983075,Q3258760,grandparent - child,4826
Q710650,Q3258763,parent - child,1361
Q2847097,Q3260896,parent - child,6199
Q6752292,Q3294749,parent - child,2809
Q1592224,Q3295116,parent - child,2225
Q7325629,Q3295283,parent - child,1755
Q27786356,Q3295308,parent - child,1748
Q2898055,Q3295457,parent - child,823
Q289732,Q3295457,grandparent - child,823
Q3434688,Q3295746,parent - child,3408
Q561048,Q3296435,parent - child,1474
Q942278,Q3296435,parent - child,1474
Q4254478,Q3296448,parent - child,676
Q18720299,Q3296460,parent - child,3988
Q4669138,Q3298007,parent - child,2361
Q705709,Q3298690,parent - child,4347
Q6752292,Q3299569,parent - child,2809
Q448481,Q3302014,parent - child,1155
Q5248338,Q3302192,parent - child,4621
Q51564,Q3302192,parent - child,4621
Q172213,Q3302530,parent - child,4905
Q2851070,Q3332827,parent - child,1004
Q152472,Q3332875,parent - child,2162
Q2464624,Q3333562,parent - child,1811
Q6174839,Q3333957,parent - child,2514
Q2324513,Q3335337,parent - child,5613
Q313318,Q3335785,parent - child,4521
Q3130990,Q3336560,parent - child,4404
Q1243536,Q3336666,parent - child,3199
Q237944,Q3336669,parent - child,4024
Q328248,Q3340024,parent - child,5003
Q177709,Q3340226,parent - child,6193
Q12013282,Q3280588,parent - child,2495
Q663553,Q3286841,parent - child,5997
Q468816,Q3286928,parent - child,2145
Q3179473,Q3286942,parent - child,4234
Q3287153,Q3287151,parent - child,1538
Q1238702,Q3287656,parent - child,3910
Q1269024,Q3289592,parent - child,1722
Q1764533,Q3195894,parent - child,2660
Q27757415,Q3196131,parent - child,1453
Q3219540,Q3196816,parent - child,597
Q11720132,Q3197069,parent - child,291
Q457657,Q3199788,parent - child,2109
Q3530742,Q3199788,parent - child,2109
Q15973635,Q3201066,parent - child,2393
Q3219540,Q3201170,parent - child,597
Q3571631,Q3202527,parent - child,5763
Q2167757,Q3210313,parent - child,830
Q53944,Q3215817,parent - child,5417
Q713195,Q3215817,grandparent - child,5417
Q15522089,Q3215817,parent - child,5417
Q3310623,Q3215951,parent - child,4898
Q2939940,Q3303036,parent - child,3746
Q43918160,Q3304418,parent - child,5489
Q2058853,Q3304492,parent - child,418
Q3308826,Q3305274,parent - child,1928
Q23505,Q3305438,parent - child,680
Q4100648,Q3305438,grandparent - child,680
Q190628,Q3305438,parent - child,680
Q5127080,Q3305564,parent - child,4578
Q7493096,Q3306447,parent - child,1948
Q1153004,Q3306447,parent - child,1948
Q2146157,Q3307106,parent - child,2372
Q539685,Q3307992,parent - child,237
Q44709,Q3308216,parent - child,4891
Q236396,Q3308337,parent - child,1738
Q275274,Q3308874,parent - child,4088
Q473006,Q3309120,parent - child,4259
Q179242,Q3309729,parent - child,632
Q538411,Q3311149,parent - child,1080
Q261284,Q3311149,parent - child,1080
Q2124,Q3262045,parent - child,488
Q467628,Q3262045,parent - child,488
Q647445,Q3262836,parent - child,4348
Q3310750,Q3263044,parent - child,5310
Q682383,Q3263103,parent - child,4668
Q670809,Q3368959,parent - child,5327
Q3588303,Q3369179,parent - child,727
Q3425892,Q3369259,parent - child,5822
Q158536,Q3290387,parent - child,2586
Q9696,Q3290402,parent - child,518
Q165421,Q3290402,parent - child,518
Q3071879,Q3290404,parent - child,624
Q6143234,Q3290526,parent - child,1914
Q171434,Q3290623,parent - child,420
Q60045,Q3290640,parent - child,2316
Q2847504,Q3291328,parent - child,4729
Q7177,Q3291581,parent - child,2330
Q328694,Q3264540,parent - child,2769
Q86714794,Q3264699,parent - child,643
Q2193242,Q3264972,parent - child,1413
Q3168775,Q3309381,parent - child,1342
Q18811986,Q3309689,parent - child,6134
Q2727481,Q3310584,parent - child,832
Q3080712,Q3310584,parent - child,832
Q24191869,Q3311134,parent - child,5740
Q3148001,Q3311300,parent - child,1368
Q319350,Q3311300,parent - child,1368
Q344997,Q3313289,parent - child,247
Q1364408,Q3314967,parent - child,4983
Q317254,Q3316983,parent - child,3248
Q1946678,Q3317069,parent - child,351
Q56392103,Q3318231,parent - child,951
Q5964071,Q3319237,parent - child,6046
Q235236,Q3319938,parent - child,1018
Q231281,Q3319938,grandparent - child,1018
Q154912,Q3319938,grandparent - child,1018
Q3303830,Q3319938,parent - child,1018
Q16009987,Q3320039,parent - child,413
Q193874,Q3325528,parent - child,109
Q3265133,Q3292101,parent - child,2934
Q235168,Q3292104,parent - child,208
Q19861237,Q3292260,parent - child,5431
Q84971,Q3292297,parent - child,1080
Q3171816,Q3292501,parent - child,4997
Q954560,Q3292536,parent - child,2642
Q1684856,Q3292539,parent - child,973
Q625927,Q3292808,parent - child,2066
Q131660,Q3292808,parent - child,2066
Q6097251,Q3293928,parent - child,5012
Q552876,Q3293944,parent - child,18
Q4559599,Q3321312,parent - child,4059
Q9048044,Q3321388,parent - child,5951
Q6006689,Q3323394,parent - child,5096
Q3156992,Q3327059,parent - child,659
Q2074907,Q3327520,parent - child,5533
Q210134,Q3329419,parent - child,4776
Q460521,Q3331066,parent - child,5677
Q75798492,Q3339775,parent - child,2253
Q3436477,Q3341065,parent - child,4395
Q3289184,Q3341082,parent - child,598
Q5253680,Q3341179,parent - child,1463
Q435063,Q3341546,parent - child,304
Q490887,Q3341546,parent - child,304
Q337226,Q3341887,parent - child,2902
Q13020322,Q3342244,parent - child,5523
Q1789876,Q3342316,parent - child,2256
Q13430191,Q3342916,parent - child,975
Q268910,Q3343458,parent - child,1186
Q762261,Q3344886,parent - child,2483
Q278980,Q3345031,parent - child,5234
Q7532374,Q3345518,parent - child,4003
Q5607249,Q3345623,parent - child,3151
Q327477,Q3347878,parent - child,5741
Q4362396,Q3372965,parent - child,2598
Q4977291,Q3373259,parent - child,79
Q3430211,Q3373259,parent - child,79
Q1039779,Q3374548,parent - child,1639
Q3241875,Q3375586,parent - child,319
Q6223504,Q3376482,parent - child,1431
Q16164310,Q3376988,parent - child,5543
Q336537,Q3377178,parent - child,3313
Q317258,Q3377178,parent - child,3313
Q120085416,Q3379618,parent - child,5900
Q936663,Q3379658,parent - child,2670
Q83233,Q3379658,grandparent - child,2670
Q109283833,Q3379808,parent - child,4449
Q3300775,Q3379827,parent - child,4176
Q2750,Q3380591,parent - child,960
Q30728670,Q3387740,parent - child,2345
Q5485816,Q3391168,parent - child,2994
Q5920146,Q3391690,parent - child,1925
Q11955425,Q3392622,parent - child,5802
Q3023740,Q3394674,parent - child,2707
Q12390366,Q3394797,parent - child,5836
Q11955387,Q3394797,parent - child,5836
Q2836267,Q3394879,parent - child,4103
Q3395844,Q3398262,parent - child,644
Q217566,Q3401447,parent - child,2754
Q1691552,Q3402414,parent - child,3661
Q1825205,Q3434195,parent - child,1635
Q77335,Q3434236,parent - child,520
Q76343,Q3434236,parent - child,520
Q285351,Q3435365,parent - child,1984
Q317248,Q3436301,parent - child,854
Q272908,Q3436301,parent - child,854
Q706467,Q3436815,parent - child,509
Q2978445,Q3437089,parent - child,162
Q1684856,Q3437193,parent - child,973
Q2958855,Q3438304,parent - child,4942
Q1386330,Q3439747,parent - child,4595
Q958926,Q3379959,parent - child,2449
Q3103209,Q3380401,parent - child,3634
Q3134677,Q3380908,parent - child,3491
Q3174738,Q3382982,parent - child,2299
Q2263442,Q3383924,parent - child,4074
Q290345,Q3384008,parent - child,1848
Q274947,Q3384096,parent - child,4960
Q1387741,Q3350915,parent - child,2390
Q8873,Q3350953,parent - child,5849
Q981270,Q3350961,parent - child,1127
Q2851070,Q3351122,parent - child,1004
Q2723913,Q3351160,parent - child,1396
Q2830085,Q3351188,parent - child,3026
Q3898147,Q3351364,parent - child,786
Q47368464,Q3351391,parent - child,3301
Q984634,Q3351697,parent - child,1322
Q24203093,Q3351862,parent - child,3233
Q11752586,Q3352541,parent - child,3237
Q3426441,Q3354168,parent - child,4927
Q270441,Q3354814,parent - child,2591
Q5547926,Q3355833,parent - child,3523
Q12482555,Q3357177,parent - child,3877
Q535605,Q3484054,parent - child,3413
Q3241976,Q3484193,parent - child,1804
Q3186632,Q3484193,parent - child,1804
Q37461906,Q3484350,parent - child,411
Q1685667,Q3484352,parent - child,2115
Q12246948,Q3486677,parent - child,1278
Q452371,Q3487185,parent - child,3272
Q53939,Q3487603,parent - child,3198
Q713477,Q3487603,parent - child,3198
Q2180097,Q3488527,parent - child,1077
Q541361,Q3488572,parent - child,3973
Q160318,Q3488976,parent - child,3270
Q4926056,Q3488976,grandparent - child,3270
Q2897911,Q3489398,parent - child,4981
Q3086481,Q3490928,parent - child,1206
Q3296342,Q3490954,parent - child,119
Q229572,Q3491343,parent - child,1871
Q3454165,Q3491343,parent - child,1871
Q4714780,Q3406723,parent - child,1461
Q102113443,Q3411894,parent - child,5440
Q12263111,Q3411908,parent - child,6096
Q3327534,Q3412141,parent - child,4481
Q3102099,Q3417311,parent - child,3023
Q5208548,Q3418709,parent - child,3497
Q5203796,Q3418709,grandparent - child,3497
Q2836568,Q3419563,parent - child,4874
Q659294,Q3424770,parent - child,1274
Q255382,Q3424937,parent - child,202
Q62602,Q3424937,parent - child,202
Q3574105,Q3385157,parent - child,1845
Q3386717,Q3385672,parent - child,5352
Q3085037,Q3385685,parent - child,3232
Q3085166,Q3385949,parent - child,5658
Q315949,Q3386248,parent - child,884
Q53453,Q3387025,parent - child,986
Q54084735,Q3387084,parent - child,4773
Q935962,Q3387256,parent - child,1774
Q2072516,Q3387469,parent - child,1080
Q538411,Q3387469,grandparent - child,1080
Q261284,Q3387469,grandparent - child,1080
Q526743,Q3387469,parent - child,1080
Q33218,Q3387469,grandparent - child,1080
Q1333222,Q3387469,grandparent - child,1080
Q355254,Q3358467,parent - child,171
Q159609,Q3358467,grandparent - child,171
Q29574,Q3358467,grandparent - child,171
Q267367,Q3358467,parent - child,171
Q2662835,Q3358467,grandparent - child,171
Q1373770,Q3358903,parent - child,2610
Q5908274,Q3359618,parent - child,3415
Q10996208,Q3360365,parent - child,1296
Q2817261,Q3366354,parent - child,43
Q4116074,Q3366354,grandparent - child,43
Q294365,Q3366354,grandparent - child,43
Q7244619,Q3366354,parent - child,43
Q1380793,Q3367445,parent - child,2640
Q3345836,Q3367467,parent - child,4831
Q41454657,Q3367496,parent - child,5276
Q1384327,Q3367700,parent - child,1898
Q369282,Q3367700,parent - child,1898
Q538633,Q3368157,parent - child,1851
Q3113819,Q3491137,parent - child,5987
Q288801,Q3495705,parent - child,6164
Q1668864,Q3496696,parent - child,3066
Q400619,Q3497361,parent - child,100
Q38823,Q3497361,grandparent - child,100
Q1729248,Q3498414,parent - child,5344
Q262460,Q3498443,parent - child,209
Q1159055,Q3499484,parent - child,5840
Q255892,Q3501026,parent - child,2868
Q461111,Q3501529,parent - child,3792
Q117141,Q3501650,parent - child,1436
Q224902,Q3501723,parent - child,4154
Q3311604,Q3502168,parent - child,1864
Q3366940,Q3440444,parent - child,5829
Q3569187,Q3440777,parent - child,5389
Q12028604,Q3441129,parent - child,6008
Q296647,Q3441335,parent - child,2492
Q7363498,Q3441366,parent - child,3837
Q455578,Q3442020,parent - child,1588
Q229990,Q3442224,parent - child,3109
Q103784,Q3442834,parent - child,2481
Q19861353,Q3444978,parent - child,3853
Q20749490,Q3445016,parent - child,804
Q6036129,Q3445726,parent - child,4100
Q24932627,Q3430935,parent - child,1054
Q6765726,Q3432049,parent - child,3816
Q18693226,Q3427935,parent - child,2307
Q4961725,Q3427935,parent - child,2307
Q316519,Q3428023,parent - child,4424
Q4945961,Q3428023,parent - child,4424
Q10861009,Q3428329,parent - child,4448
Q331,Q3430265,parent - child,679
Q2977307,Q3430728,parent - child,5138
Q6963171,Q3498996,parent - child,915
Q2646553,Q3498996,grandparent - child,915
Q7613179,Q3498997,parent - child,111
Q8079318,Q3499771,parent - child,5048
Q194291,Q3503882,parent - child,1813
Q25906084,Q3505238,parent - child,6006
Q9369213,Q3505255,parent - child,3814
Q3508117,Q3505255,parent - child,3814
Q6240065,Q3505591,parent - child,838
Q56678614,Q3505591,grandparent - child,838
Q61831200,Q3505591,grandparent - child,838
Q3569187,Q3510327,parent - child,5389
Q505466,Q3513911,parent - child,1850
Q2907649,Q3480017,parent - child,458
Q712134,Q3481765,parent - child,3461
Q912931,Q3481851,parent - child,2577
Q3520181,Q3482430,parent - child,5287
Q2411177,Q3525355,parent - child,4792
Q3144876,Q3525635,parent - child,636
Q261227,Q3525929,parent - child,4564
Q19915711,Q3526023,parent - child,4551
Q337226,Q3528268,parent - child,2902
Q3428015,Q3528619,parent - child,6120
Q3025632,Q3528679,parent - child,3666
Q317248,Q3529079,parent - child,854
Q272908,Q3529079,parent - child,854
Q23722398,Q3529579,parent - child,695
Q3677243,Q3529579,parent - child,695
Q4647568,Q3530087,parent - child,1382
Q3635767,Q3530233,parent - child,4808
Q31500636,Q3530637,parent - child,5355
Q272083,Q3531316,parent - child,3300
Q167573,Q3540506,parent - child,4158
Q514104,Q3453412,parent - child,2692
Q2671626,Q3459102,parent - child,4496
Q4538301,Q3460875,parent - child,4187
Q1459658,Q3460875,parent - child,4187
Q4302604,Q3467611,parent - child,4249
Q2556603,Q3469385,parent - child,190
Q1844621,Q3470077,parent - child,1201
Q295093,Q3470077,parent - child,1201
Q3472092,Q3472093,parent - child,138
Q934682,Q3473254,parent - child,3218
Q543169,Q3473265,parent - child,5
Q449640,Q3473265,parent - child,5
Q295093,Q3473378,parent - child,1201
Q6183690,Q3476232,parent - child,2084
Q2849181,Q3476327,parent - child,1643
Q350570,Q3476726,parent - child,800
Q457705,Q3479350,parent - child,1583
Q169218,Q3479394,parent - child,2281
Q920072,Q3479644,parent - child,5585
Q315551,Q3482658,parent - child,5390
Q3095179,Q3514639,parent - child,6022
Q2002354,Q3514836,parent - child,1390
Q215782,Q3515771,parent - child,590
Q983328,Q3517911,parent - child,3770
Q124512377,Q3518207,parent - child,3196
Q124512377,Q3518212,parent - child,3196
Q3541504,Q3518214,parent - child,653
Q2219076,Q3518214,grandparent - child,653
Q63166839,Q3518214,grandparent - child,653
Q3595821,Q3518417,parent - child,2498
Q325470,Q3518417,parent - child,2498
Q3178821,Q3518753,parent - child,4305
Q3523458,Q3519776,parent - child,4258
Q3535532,Q3520187,parent - child,5426
Q16197687,Q3520250,parent - child,2410
Q3520878,Q3520886,parent - child,4166
Q5796923,Q3520901,parent - child,693
Q7238299,Q3520964,parent - child,3852
Q16734698,Q3521531,parent - child,5567
Q3027985,Q3521617,parent - child,5113
Q132489,Q3521946,parent - child,253
Q6956742,Q3521946,parent - child,253
Q6495834,Q3522148,parent - child,105
Q60068,Q3522148,parent - child,105
Q2720141,Q3522294,parent - child,1514
Q7290753,Q3523063,parent - child,899
Q3523458,Q3523083,parent - child,4258
Q3173022,Q3524034,parent - child,4634
Q3524596,Q3524053,parent - child,2197
Q1688950,Q3524655,parent - child,3720
Q983475,Q3524779,parent - child,4527
Q470875,Q3524779,grandparent - child,4527
Q3973180,Q3568759,parent - child,2280
Q272401,Q3568759,parent - child,2280
Q3099909,Q3570589,parent - child,3259
Q274277,Q3570840,parent - child,115
Q515904,Q3570840,parent - child,115
Q3154370,Q3570870,parent - child,981
Q3318543,Q3571283,parent - child,477
Q3148610,Q3571288,parent - child,1697
Q3384169,Q3571680,parent - child,1698
Q721491,Q3571729,parent - child,807
Q2405300,Q3571782,parent - child,4641
Q20732254,Q3571886,parent - child,362
Q4264061,Q3572174,parent - child,4938
Q76167,Q3572174,parent - child,4938
Q981398,Q3572174,grandparent - child,4938
Q6514303,Q3572265,parent - child,600
Q7057620,Q3572524,parent - child,791
Q274082,Q3573455,parent - child,1980
Q367973,Q3573455,parent - child,1980
Q557388,Q3573536,parent - child,3819
Q277444,Q3573668,parent - child,1991
Q613191,Q3574658,parent - child,1827
Q218311,Q3579460,parent - child,5610
Q3886405,Q3659254,parent - child,3524
Q106940,Q3659254,parent - child,3524
Q451206,Q3659431,parent - child,678
Q433903,Q3659431,parent - child,678
Q56074,Q3660315,parent - child,2341
Q6321752,Q3660315,parent - child,2341
Q2744873,Q3660574,parent - child,1219
Q8052422,Q3661782,parent - child,6220
Q2669336,Q3663579,parent - child,3654
Q3742166,Q3616822,parent - child,2680
Q3802287,Q3616822,parent - child,2680
Q19727796,Q3619178,parent - child,2025
Q472856,Q3619515,parent - child,4051
Q3439989,Q3574974,parent - child,2139
Q3247658,Q3575465,parent - child,3613
Q2868332,Q3575465,parent - child,3613
Q20961846,Q3576455,parent - child,5718
Q3292650,Q3580168,parent - child,3315
Q1390617,Q3591255,parent - child,2466
Q3705006,Q3667473,parent - child,3360
Q3931418,Q3667473,parent - child,3360
Q1541570,Q3667475,parent - child,6051
Q3623964,Q3667479,parent - child,5618
Q3611792,Q3667500,parent - child,497
Q727752,Q3674951,parent - child,192
Q272145,Q3674951,parent - child,192
Q733698,Q3675836,parent - child,6039
Q23815281,Q3676086,parent - child,1555
Q235346,Q3676126,parent - child,1052
Q506592,Q3676126,parent - child,1052
Q1145222,Q3531782,parent - child,2346
Q2063696,Q3531971,parent - child,3235
Q8045771,Q3531971,parent - child,3235
Q10856383,Q3532648,parent - child,6111
Q5512301,Q3532853,parent - child,2337
Q2049688,Q3533144,parent - child,272
Q7532374,Q3534361,parent - child,4003
Q2514234,Q3539618,parent - child,2073
Q1930835,Q3539641,parent - child,3071
Q314265,Q3539641,grandparent - child,3071
Q16672821,Q3541498,parent - child,4403
Q2219076,Q3541504,parent - child,653
Q63166839,Q3541504,parent - child,653
Q654886,Q3542702,parent - child,2502
Q38849,Q3543364,parent - child,226
Q17477999,Q3543485,parent - child,2635
Q3546694,Q3543667,parent - child,3144
Q3544988,Q3543972,parent - child,4206
Q11365365,Q3544366,parent - child,1552
Q332485,Q3545257,parent - child,2188
Q62845,Q3545345,parent - child,3627
Q685581,Q3545345,grandparent - child,3627
Q6788142,Q3545489,parent - child,3495
Q2197580,Q3546728,parent - child,3470
Q267335,Q3547728,parent - child,1886
Q1360254,Q3547968,parent - child,324
Q445145,Q3547968,parent - child,324
Q345494,Q3548289,parent - child,4432
Q11425191,Q3548289,grandparent - child,4432
Q2124,Q3554215,parent - child,488
Q467628,Q3554215,parent - child,488
Q93535,Q3735133,parent - child,1037
Q313752,Q3735133,parent - child,1037
Q160770,Q3735133,grandparent - child,1037
Q170184,Q3735133,grandparent - child,1037
Q834621,Q3735288,parent - child,3449
Q777287,Q3735288,parent - child,3449
Q161842,Q3735691,parent - child,5400
Q152239,Q3736070,parent - child,3324
Q1009513,Q3736843,parent - child,1037
Q158258,Q3736843,grandparent - child,1037
Q236678,Q3736843,grandparent - child,1037
Q360084,Q3737434,parent - child,2968
Q114063,Q3737796,parent - child,11
Q1069850,Q3738012,parent - child,5755
Q3756999,Q3738047,parent - child,4374
Q3751373,Q3738135,parent - child,4164
Q937956,Q3738174,parent - child,290
Q533830,Q3740289,parent - child,5443
Q152239,Q3743314,parent - child,3324
Q701926,Q3547975,parent - child,2782
Q4205284,Q3548239,parent - child,4909
Q983317,Q3550710,parent - child,6173
Q63869607,Q3553719,parent - child,5922
Q2371660,Q3554457,parent - child,1130
Q1357368,Q3555710,parent - child,1434
Q3121553,Q3557679,parent - child,3638
Q15879112,Q3558301,parent - child,712
Q59813,Q3558314,parent - child,5518
Q2965753,Q3559621,parent - child,2632
Q1209826,Q3559869,parent - child,2244
Q48283,Q3560127,parent - child,607
Q63033502,Q3742229,parent - child,2208
Q1009513,Q3743378,parent - child,1037
Q158258,Q3743378,grandparent - child,1037
Q236678,Q3743378,grandparent - child,1037
Q350789,Q3743800,parent - child,2472
Q16407521,Q3744072,parent - child,2241
Q465950,Q3744327,parent - child,2272
Q3760935,Q3749290,parent - child,538
Q511520,Q3749740,parent - child,4095
Q20670184,Q3749879,parent - child,1218
Q3939348,Q3749945,parent - child,296
Q2832997,Q3591286,parent - child,5913
Q22667561,Q3592799,parent - child,386
Q467150,Q3593286,parent - child,3515
Q108101296,Q3593944,parent - child,1380
Q808685,Q3594635,parent - child,2919
Q470135,Q3595147,parent - child,34
Q13564550,Q3595178,parent - child,1873
Q7493263,Q3595198,parent - child,5111
Q14943379,Q3595207,parent - child,385
Q465051,Q3595812,parent - child,4082
Q7240175,Q3595812,parent - child,4082
Q312719,Q3595919,parent - child,3345
Q3086991,Q3595919,grandparent - child,3345
Q3632354,Q3595919,grandparent - child,3345
Q18676875,Q3596070,parent - child,4466
Q25106,Q3697447,parent - child,2751
Q3659629,Q3697468,parent - child,443
Q16524645,Q3697532,parent - child,5659
Q677367,Q3700062,parent - child,4910
Q256677,Q3700226,parent - child,2314
Q313013,Q3700226,parent - child,2314
Q29230,Q3701548,parent - child,407
Q11856875,Q3701548,parent - child,407
Q19601968,Q3701571,parent - child,3717
Q19602821,Q3701571,parent - child,3717
Q3763600,Q3701811,parent - child,6213
Q3712505,Q3701868,parent - child,6101
Q16121330,Q3703219,parent - child,4888
Q3938686,Q3703522,parent - child,1032
Q3896957,Q3706332,parent - child,1262
Q242351,Q3713655,parent - child,1187
Q22686,Q3713655,parent - child,1187
Q3752663,Q3713655,grandparent - child,1187
Q3435762,Q3560750,parent - child,4243
Q351862,Q3561339,parent - child,919
Q1757508,Q3561544,parent - child,2959
Q169020,Q3561901,parent - child,4500
Q3490616,Q3562665,parent - child,3433
Q65123791,Q3564308,parent - child,1486
Q317880,Q3564313,parent - child,2371
Q1538469,Q3565597,parent - child,1952
Q5828209,Q3565615,parent - child,4673
Q112393716,Q3565615,parent - child,4673
Q11765316,Q3622882,parent - child,4740
Q12412964,Q3626005,parent - child,5714
Q146444,Q3626525,parent - child,89
Q467408,Q3626525,grandparent - child,89
Q1686232,Q3630005,parent - child,1064
Q7499788,Q3630005,parent - child,1064
Q7286312,Q3633236,parent - child,1521
Q620287,Q3633236,parent - child,1521
Q61193,Q3634346,parent - child,4659
Q312691,Q3716862,parent - child,6061
Q3608638,Q3719691,parent - child,90
Q3605478,Q3720932,parent - child,3534
Q3763388,Q3605659,parent - child,1605
Q963499,Q3608564,parent - child,777
Q2568825,Q3609544,parent - child,3710
Q365044,Q3609675,parent - child,4034
Q455280,Q3609871,parent - child,3541
Q41733016,Q3610016,parent - child,609
Q1046087,Q3750774,parent - child,1866
Q561484,Q3750774,parent - child,1866
Q458702,Q3751061,parent - child,1323
Q18696606,Q3751061,parent - child,1323
Q3754046,Q3752146,parent - child,4008
Q2526035,Q3753023,parent - child,1556
Q3296350,Q3754340,parent - child,3013
Q75619692,Q3612429,parent - child,2666
Q3770766,Q3725850,parent - child,2893
Q3769723,Q3725945,parent - child,1146
Q179982,Q3762268,parent - child,866
Q556116,Q3762525,parent - child,5493
Q3702392,Q3762642,parent - child,922
Q503840,Q3762696,parent - child,4326
Q516106,Q3763355,parent - child,452
Q55468,Q3763355,parent - child,452
Q313243,Q3765047,parent - child,4848
Q282641,Q3765212,parent - child,1646
Q4464938,Q3724579,parent - child,3839
Q1055575,Q3725703,parent - child,1295
Q53052,Q3726090,parent - child,508
Q242351,Q3731533,parent - child,1187
Q22686,Q3731533,parent - child,1187
Q3752663,Q3731533,grandparent - child,1187
Q1052950,Q3734631,parent - child,2525
Q7183448,Q3810648,parent - child,5108
Q2356230,Q3810840,parent - child,5059
Q601922,Q3811575,parent - child,4233
Q9373670,Q3813119,parent - child,1226
Q4768755,Q3813962,parent - child,6085
Q1414274,Q3814196,parent - child,4420
Q194333,Q3814475,parent - child,4696
Q253476,Q3814475,parent - child,4696
Q1772969,Q3814585,parent - child,1933
Q4795569,Q3816132,parent - child,1669
Q4015280,Q3766565,parent - child,5055
Q2846309,Q3821058,parent - child,952
Q6904804,Q3826815,parent - child,2702
Q1611103,Q3831456,parent - child,3548
Q428937,Q3837013,parent - child,5469
Q376016,Q3838282,parent - child,3220
Q6480386,Q3631768,parent - child,3331
Q17270808,Q3633308,parent - child,4211
Q441294,Q3634690,parent - child,4128
Q977189,Q3634690,parent - child,4128
Q503840,Q3637420,parent - child,4326
Q5818962,Q3638275,parent - child,6217
Q3638758,Q3638754,parent - child,4373
Q10327758,Q3639305,parent - child,4450
Q220707,Q3639794,parent - child,3896
Q12626719,Q3642603,parent - child,2657
Q1147417,Q3644263,parent - child,134
Q380685,Q3644263,parent - child,134
Q2253587,Q3644500,parent - child,1540
Q707440,Q3645473,parent - child,945
Q26254,Q3852352,parent - child,2381
Q1645919,Q3852352,parent - child,2381
Q678252,Q3852400,parent - child,2046
Q3849263,Q3852590,parent - child,831
Q96279982,Q3852727,parent - child,569
Q372234,Q3856333,parent - child,1592
Q20899364,Q3856394,parent - child,5717
Q3704618,Q3856574,parent - child,1816
Q116025589,Q3858204,parent - child,4618
Q3751601,Q3859408,parent - child,2014
Q723595,Q3870121,parent - child,4882
Q3293502,Q3658857,parent - child,3443
Q3751601,Q3658872,parent - child,2014
Q4741023,Q3932220,parent - child,734
Q977189,Q3932564,parent - child,4128
Q1373302,Q3932564,parent - child,4128
Q53003,Q3933059,parent - child,778
Q951298,Q3934552,parent - child,767
Q16560091,Q3934552,grandparent - child,767
Q956652,Q3934610,parent - child,4135
Q1525125,Q3934618,parent - child,3075
Q3849319,Q3938500,parent - child,6075
Q3856620,Q3938835,parent - child,3195
Q123638,Q3939942,parent - child,4801
Q434479,Q3941319,parent - child,5409
Q93624,Q3941455,parent - child,2730
Q287976,Q3941537,parent - child,1906
Q199943,Q3941537,parent - child,1906
Q3703579,Q3942309,parent - child,1459
Q4160778,Q3944352,parent - child,1360
Q371263,Q3953644,parent - child,626
Q217167,Q3953644,grandparent - child,626
Q4885546,Q3646863,parent - child,5254
Q6555222,Q3646863,parent - child,5254
Q1111220,Q3777503,parent - child,4897
Q3806086,Q3784499,parent - child,3241
Q4069118,Q3790143,parent - child,459
Q3638758,Q3792950,parent - child,4373
Q11459473,Q3875115,parent - child,5904
Q117407616,Q3876073,parent - child,5487
Q2918563,Q3876517,parent - child,2823
Q869740,Q3881812,parent - child,2474
Q450236,Q3888372,parent - child,1042
Q2746271,Q3888622,parent - child,58
Q5945711,Q3888622,parent - child,58
Q4327543,Q3888799,parent - child,225
Q2545691,Q3889405,parent - child,1379
Q11303022,Q3890384,parent - child,2937
Q109973741,Q3890688,parent - child,3269
Q176743,Q3898309,parent - child,341
Q30076305,Q3836962,parent - child,6249
Q3610168,Q3837026,parent - child,4598
Q3733875,Q3838037,parent - child,2266
Q3761938,Q3838284,parent - child,1498
Q3749810,Q3839508,parent - child,2711
Q3725182,Q3839655,parent - child,2653
Q53016,Q3840444,parent - child,5719
Q319537,Q3846299,parent - child,3414
Q12837908,Q4058351,parent - child,6210
Q190071,Q4059060,parent - child,3786
Q4059730,Q4059727,parent - child,1279
Q65553633,Q4059749,parent - child,5281
Q4399093,Q4059884,parent - child,2953
Q15063941,Q4059996,parent - child,364
Q4485223,Q4059996,parent - child,364
Q461085,Q4063162,parent - child,1598
Q2906762,Q4063359,parent - child,4731
Q4523525,Q4063487,parent - child,2521
Q3446248,Q3808635,parent - child,5307
Q75384101,Q3808939,parent - child,2545
Q5606963,Q3809324,parent - child,4697
Q7172546,Q3840847,parent - child,62
Q3844744,Q3846433,parent - child,4705
Q2895720,Q3846935,parent - child,2532
Q3721403,Q3846935,grandparent - child,2532
Q171834,Q3847269,parent - child,141
Q3848701,Q3847313,parent - child,4784
Q3972694,Q3847356,parent - child,6246
Q5892504,Q3801444,parent - child,4541
Q48835,Q3806958,parent - child,1332
Q55238,Q3808351,parent - child,3790
Q4245383,Q3894103,parent - child,2718
Q4502238,Q3894103,parent - child,2718
Q1046038,Q3894155,parent - child,5329
Q10266336,Q3895991,parent - child,5705
Q4407399,Q3898307,parent - child,2467
Q3918052,Q3898307,grandparent - child,2467
Q3619035,Q3903586,parent - child,4580
Q524544,Q3903764,parent - child,4948
Q267868,Q3903764,parent - child,4948
Q96079059,Q3904008,parent - child,3811
Q505010,Q3905383,parent - child,1554
Q3639315,Q3946288,parent - child,2471
Q3638792,Q3956186,parent - child,3878
Q1134162,Q3959833,parent - child,610
Q162306,Q3959833,parent - child,610
Q20904033,Q3959833,grandparent - child,610
Q313110,Q3959833,grandparent - child,610
Q3726658,Q3960803,parent - child,3934
Q3831696,Q3960952,parent - child,1365
Q723595,Q3961150,parent - child,4882
Q977975,Q3961179,parent - child,447
Q1042427,Q3961179,parent - child,447
Q109777416,Q3961257,parent - child,4918
Q59335,Q3978229,parent - child,4800
Q265754,Q3847449,parent - child,2395
Q55435,Q3847815,parent - child,2896
Q3964773,Q3848267,parent - child,1618
Q1053409,Q3850717,parent - child,1271
Q463651,Q3850717,grandparent - child,1271
Q282119,Q3850717,parent - child,1271
Q4099221,Q4099220,parent - child,5892
Q1442560,Q3972427,parent - child,9
Q977475,Q3981672,parent - child,4383
Q16987638,Q3992648,parent - child,4478
Q3878484,Q3995850,parent - child,99
Q3645666,Q4003342,parent - child,5295
Q6217115,Q4007179,parent - child,5589
Q2431659,Q4011271,parent - child,3296
Q3619074,Q4013330,parent - child,2839
Q26791564,Q4071881,parent - child,2160
Q51667476,Q4074457,parent - child,2075
Q51667476,Q4074458,parent - child,2075
Q4075481,Q4075483,parent - child,3189
Q1959564,Q4078134,parent - child,3533
Q4078827,Q4078818,parent - child,4327
Q47213,Q4079744,parent - child,4945
Q723488,Q4079744,grandparent - child,4945
Q116010156,Q4065519,parent - child,5041
Q460142,Q4065542,parent - child,5222
Q216563,Q4066455,parent - child,5250
Q3511999,Q4067401,parent - child,3629
Q967886,Q4068640,parent - child,3078
Q23038181,Q4069173,parent - child,2389
Q17146189,Q4103715,parent - child,5598
Q4107860,Q4107863,parent - child,1882
Q15064960,Q4107927,parent - child,4901
Q152265,Q3918429,parent - child,395
Q465840,Q3918429,parent - child,395
Q2079140,Q3919582,parent - child,3334
Q3609302,Q3921852,parent - child,1909
Q446653,Q3923981,parent - child,1599
Q16367961,Q4134808,parent - child,2673
Q4586994,Q4139410,parent - child,3643
Q109358791,Q4140201,parent - child,1710
Q3021671,Q4140539,parent - child,3642
Q469550,Q4142431,parent - child,553
Q4296110,Q4142431,grandparent - child,553
Q4290293,Q4142431,grandparent - child,553
Q4142441,Q4142431,parent - child,553
Q2023038,Q4016989,parent - child,3589
Q1110336,Q4020203,parent - child,2420
Q966848,Q4025833,parent - child,2757
Q2778276,Q4025833,grandparent - child,2757
Q36804,Q4042897,parent - child,3608
Q180099,Q4081262,parent - child,1916
Q314252,Q4081262,parent - child,1916
Q76469007,Q4082912,parent - child,611
Q19741977,Q4083181,parent - child,277
Q15407099,Q4083927,parent - child,982
Q27064141,Q4083963,parent - child,426
Q556870,Q4083963,parent - child,426
Q58806746,Q4088000,parent - child,4653
Q4075796,Q4093852,parent - child,5805
Q4094238,Q4094240,parent - child,2362
Q4112451,Q4112450,parent - child,5199
Q483672,Q4115045,parent - child,1082
Q2657043,Q4115405,parent - child,5068
Q375278,Q4115405,grandparent - child,5068
Q3281697,Q4115405,parent - child,5068
Q2319146,Q4116131,parent - child,1406
Q213001,Q4116131,parent - child,1406
Q3249363,Q4117193,parent - child,123
Q12178921,Q4117209,parent - child,271
Q15290211,Q4117209,parent - child,271
Q5880527,Q4117871,parent - child,2030
Q8002277,Q4118810,parent - child,431
Q42101,Q4120019,parent - child,3127
Q16977,Q4121541,parent - child,2786
Q198231,Q4121541,parent - child,2786
Q4226899,Q4164894,parent - child,2985
Q1413233,Q4164894,parent - child,2985
Q2918972,Q4165425,parent - child,2954
Q217167,Q4165546,parent - child,626
Q4120092,Q4165651,parent - child,626
Q217167,Q4165651,parent - child,626
Q4166653,Q4166655,parent - child,2667
Q4167541,Q4167537,parent - child,3203
Q2902847,Q4167537,grandparent - child,3203
Q2902847,Q4167538,parent - child,3203
Q2902847,Q4167541,parent - child,3203
Q2996474,Q4168910,parent - child,3827
Q2060939,Q4169043,parent - child,4303
Q1791430,Q4169043,grandparent - child,4303
Q2632355,Q4171115,parent - child,1949
Q130117,Q4171512,parent - child,1733
Q539500,Q4173661,parent - child,1525
Q55208,Q4173661,parent - child,1525
Q208116,Q4173661,grandparent - child,1525
Q4070798,Q4142352,parent - child,3103
Q11862075,Q4144502,parent - child,3202
Q11901429,Q4144502,parent - child,3202
Q3612125,Q4145316,parent - child,2250
Q542101,Q4148281,parent - child,4410
Q4150280,Q4150277,parent - child,106
Q184267,Q4150277,grandparent - child,106
Q4150280,Q4150279,parent - child,106
Q184267,Q4150279,grandparent - child,106
Q184267,Q4150280,parent - child,106
Q555125,Q4151599,parent - child,3797
Q4151671,Q4151668,parent - child,5049
Q4213412,Q4213414,parent - child,3920
Q23685,Q4216197,parent - child,700
Q219353,Q4216197,parent - child,700
Q487100,Q4216633,parent - child,610
Q201327,Q4216633,grandparent - child,610
Q1134149,Q4216633,grandparent - child,610
Q4216975,Q4216976,parent - child,5531
Q2866,Q4219737,parent - child,513
Q4164770,Q4119541,parent - child,292
Q8059082,Q4120377,parent - child,6256
Q9101257,Q4120886,parent - child,4469
Q4123391,Q4123306,parent - child,2507
Q512,Q4129571,parent - child,758
Q4054963,Q4129571,parent - child,758
Q1963983,Q4130936,parent - child,3197
Q15298217,Q4151002,parent - child,560
Q12098653,Q4153092,parent - child,1242
Q16129063,Q4153569,parent - child,2440
Q4156727,Q4156726,parent - child,4920
Q4158903,Q4158905,parent - child,6127
Q4124226,Q4173425,parent - child,5879
Q4201327,Q4174214,parent - child,5793
Q2373179,Q4177512,parent - child,3255
Q4369226,Q4177512,grandparent - child,3255
Q633916,Q4177512,grandparent - child,3255
Q2371003,Q4185399,parent - child,4490
Q1229601,Q4188704,parent - child,2143
Q1396140,Q4190520,parent - child,6125
Q16335691,Q4192452,parent - child,3403
Q4194309,Q4194308,parent - child,3948
Q2559605,Q4194974,parent - child,3478
Q4131383,Q4131389,parent - child,941
Q7327,Q4131389,parent - child,941
Q65705909,Q4131389,grandparent - child,941
Q2994183,Q4131704,parent - child,4908
Q4221142,Q4221140,parent - child,5992
Q1398124,Q4225981,parent - child,2828
Q379616,Q4225981,grandparent - child,2828
Q4138280,Q4225981,grandparent - child,2828
Q2041203,Q4230839,parent - child,4213
Q159915,Q4240140,parent - child,1467
Q4240936,Q4240932,parent - child,2210
Q4397412,Q4241763,parent - child,848
Q2498669,Q4243096,parent - child,3921
Q4442510,Q4243096,parent - child,3921
Q508065,Q4245104,parent - child,1508
Q4245098,Q4245105,parent - child,4761
Q4522057,Q4245378,parent - child,5835
Q4327256,Q4245388,parent - child,81
Q2630812,Q4246159,parent - child,1387
Q4061757,Q4249309,parent - child,6107
Q6249142,Q4251001,parent - child,354
Q63013887,Q4251261,parent - child,4282
Q11059364,Q4251261,parent - child,4282
Q4209408,Q4251723,parent - child,1634
Q299530,Q4251723,parent - child,1634
Q4234593,Q4234584,parent - child,2237
Q4206555,Q4206547,parent - child,978
Q4062437,Q4207332,parent - child,1477
Q9155275,Q4208765,parent - child,1097
Q11715349,Q4208765,parent - child,1097
Q12107778,Q4209317,parent - child,2726
Q4994014,Q4209561,parent - child,5290
Q7126089,Q4211263,parent - child,5448
Q2634847,Q4160027,parent - child,5207
Q2422401,Q4160144,parent - child,3062
Q100975434,Q4160144,grandparent - child,3062
Q2365734,Q4160936,parent - child,2311
Q4410513,Q4160936,grandparent - child,2311
Q2365734,Q4160937,parent - child,2311
Q4410513,Q4160937,grandparent - child,2311
Q714964,Q4162730,parent - child,2837
Q4168962,Q4162730,parent - child,2837
Q11480206,Q4163548,parent - child,5451
Q4163746,Q4163739,parent - child,1825
Q12792219,Q4164381,parent - child,6183
Q4200117,Q4200118,parent - child,1973
Q7424827,Q4200758,parent - child,2415
Q3542702,Q4202211,parent - child,2502
Q654886,Q4202211,grandparent - child,2502
Q443186,Q4205443,parent - child,2080
Q315475,Q4205443,parent - child,2080
Q1974359,Q4207119,parent - child,4198
Q561319,Q4207494,parent - child,2843
Q1710112,Q4252770,parent - child,4123
Q27683891,Q4253865,parent - child,200
Q164582,Q4253865,parent - child,200
Q964137,Q4254788,parent - child,623
Q696708,Q4255089,parent - child,1545
Q717810,Q4258839,parent - child,1213
Q4200159,Q4259192,parent - child,3188
Q592349,Q4259487,parent - child,1080
Q3292297,Q4259487,grandparent - child,1080
Q534961,Q4259487,grandparent - child,1080
Q32595643,Q4259487,parent - child,1080
Q3420121,Q4259936,parent - child,5636
Q545488,Q4260063,parent - child,2650
Q76127,Q4264069,parent - child,312
Q468519,Q4264069,parent - child,312
Q4284547,Q4284542,parent - child,5984
Q1081714,Q4286223,parent - child,3591
Q2485055,Q4286477,parent - child,4208
Q4289088,Q4289089,parent - child,3246
Q726105,Q4290663,parent - child,3150
Q2995395,Q4290663,parent - child,3150
Q2370666,Q4291041,parent - child,541
Q11383238,Q4291041,parent - child,541
Q2027234,Q4291288,parent - child,2519
Q2472305,Q4291289,parent - child,5334
Q3617656,Q4291289,parent - child,5334
Q2797450,Q4291413,parent - child,994
Q59920,Q4301107,parent - child,218
Q7942835,Q4260811,parent - child,4183
Q2637804,Q4261367,parent - child,1727
Q2637804,Q4261369,parent - child,1727
Q15207381,Q4262921,parent - child,1566
Q56416545,Q4263230,parent - child,3105
Q4306832,Q4263452,parent - child,1809
Q57327,Q4264827,parent - child,687
Q114899566,Q4264827,grandparent - child,687
Q40512,Q4264827,grandparent - child,687
Q468528,Q4264827,parent - child,687
Q21078069,Q4264827,grandparent - child,687
Q487779,Q4269216,parent - child,425
Q548733,Q4272881,parent - child,2228
Q855252,Q4272881,grandparent - child,2228
Q164518,Q4272881,grandparent - child,2228
Q2276823,Q4272881,parent - child,2228
Q99211544,Q4281251,parent - child,2861
Q1567156,Q4395105,parent - child,1143
Q458322,Q4395105,parent - child,1143
Q983516,Q4396161,parent - child,4121
Q4237363,Q4336368,parent - child,575
Q5637832,Q4346087,parent - child,1910
Q8033179,Q4346185,parent - child,4823
Q116789,Q4346352,parent - child,2308
Q105681843,Q4346352,parent - child,2308
Q4346663,Q4346669,parent - child,1757
Q678091,Q4349585,parent - child,1533
Q3083442,Q4350335,parent - child,5641
Q4271515,Q4271491,parent - child,2555
Q11340711,Q4272092,parent - child,4523
Q55238732,Q4273048,parent - child,1780
Q4275252,Q4275253,parent - child,5186
Q2227698,Q4275255,parent - child,4279
Q4276040,Q4276043,parent - child,476
Q1392643,Q4276189,parent - child,2825
Q5065421,Q4276787,parent - child,1530
Q465877,Q4276787,parent - child,1530
Q3154170,Q4277766,parent - child,871
Q21105299,Q4278106,parent - child,1961
Q4279880,Q4279841,parent - child,4870
Q677432,Q4281193,parent - child,1705
Q677432,Q4281196,parent - child,1705
Q54977,Q4284106,parent - child,5617
Q448129,Q4409733,parent - child,561
Q46117503,Q4410346,parent - child,1044
Q724323,Q4415885,parent - child,1105
Q1392345,Q4416179,parent - child,1181
Q836162,Q4420804,parent - child,3363
Q183535,Q4424481,parent - child,842
Q183535,Q4424483,parent - child,842
Q2869507,Q4293730,parent - child,5764
Q4293982,Q4293984,parent - child,3138
Q4296046,Q4296061,parent - child,4486
Q7943107,Q4298249,parent - child,1658
Q12804301,Q4298668,parent - child,1651
Q7304197,Q4299814,parent - child,3164
Q2363706,Q4301466,parent - child,2
Q433129,Q4301671,parent - child,4758
Q49216,Q4301671,parent - child,4758
Q2721470,Q4302666,parent - child,3700
Q2180097,Q4304599,parent - child,1077
Q1978266,Q4403522,parent - child,6089
Q2342905,Q4404246,parent - child,1762
Q4211588,Q4405239,parent - child,4599
Q2627373,Q4405736,parent - child,5910
Q1752623,Q4406134,parent - child,1771
Q3918052,Q4407399,parent - child,2467
Q5368671,Q4408025,parent - child,5841
Q17617369,Q4408234,parent - child,2020
Q4408238,Q4408234,parent - child,2020
Q4525854,Q4409253,parent - child,1418
Q17455,Q4468456,parent - child,4950
Q4468707,Q4468708,parent - child,4925
Q1111411,Q4476167,parent - child,6195
Q150080,Q4492294,parent - child,5969
Q309983,Q4351365,parent - child,1373
Q8346829,Q4351365,grandparent - child,1373
Q977546,Q4352294,parent - child,3652
Q75066,Q4353213,parent - child,2385
Q6193582,Q4353213,parent - child,2385
Q534493,Q4353229,parent - child,92
Q207197,Q4353867,parent - child,3084
Q236409,Q4353867,parent - child,3084
Q1108631,Q4355567,parent - child,2148
Q469869,Q4355567,parent - child,2148
Q5573378,Q4355567,grandparent - child,2148
Q4990455,Q4355567,grandparent - child,2148
Q53713,Q4356053,parent - child,4053
Q2741142,Q4356053,parent - child,4053
Q2869350,Q4357403,parent - child,5652
Q155125,Q4357472,parent - child,861
Q43969,Q4357726,parent - child,5768
Q4359690,Q4359688,parent - child,3550
Q85996137,Q4308903,parent - child,814
Q4448244,Q4309350,parent - child,5259
Q6912134,Q4310171,parent - child,770
Q5998564,Q4310171,parent - child,770
Q4361215,Q4361222,parent - child,5393
Q51000794,Q4364756,parent - child,2649
Q4066788,Q4364960,parent - child,5939
Q7365166,Q4370753,parent - child,356
Q70248527,Q4371978,parent - child,5167
Q4424769,Q4424586,parent - child,1283
Q4424586,Q4424796,parent - child,1283
Q4424769,Q4424796,grandparent - child,1283
Q7499639,Q4426215,parent - child,3632
Q4426716,Q4426714,parent - child,4045
Q4427694,Q4427696,parent - child,3854
Q34474,Q4427696,parent - child,3854
Q2670877,Q4428770,parent - child,266
Q200273,Q4428770,parent - child,266
Q18049690,Q4428770,grandparent - child,266
Q298020,Q4428770,grandparent - child,266
Q4132447,Q4431282,parent - child,1109
Q705907,Q4440681,parent - child,5072
Q4441074,Q4441175,parent - child,4321
Q12346792,Q4441175,parent - child,4321
Q4293096,Q4441223,parent - child,6169
Q614494,Q4443975,parent - child,4572
Q4331932,Q4331933,parent - child,3015
Q4311282,Q4311278,parent - child,6202
Q4312476,Q4312477,parent - child,2435
Q4312478,Q4312479,parent - child,1231
Q4317000,Q4317001,parent - child,1353
Q363846,Q4317038,parent - child,5886
Q28355182,Q4318202,parent - child,3845
Q15066723,Q4319695,parent - child,2623
Q310873,Q4321212,parent - child,4911
Q3609527,Q4322686,parent - child,4120
Q4327544,Q4327542,parent - child,6218
Q4328058,Q4328062,parent - child,3319
Q10665,Q4330912,parent - child,1016
Q41117,Q4330912,grandparent - child,1016
Q463949,Q4330912,grandparent - child,1016
Q2278300,Q4331461,parent - child,3944
Q4524232,Q4524237,parent - child,112
Q4507395,Q4525704,parent - child,2499
Q2453311,Q4525785,parent - child,4530
Q1264872,Q4526303,parent - child,4245
Q4526561,Q4526560,parent - child,4850
Q316086,Q4527472,parent - child,666
Q4482111,Q4527472,parent - child,666
Q868820,Q4528024,parent - child,175
Q463766,Q4528122,parent - child,1518
Q3737203,Q4528547,parent - child,1740
Q4528883,Q4528881,parent - child,796
Q792876,Q4530248,parent - child,4676
Q242739,Q4391317,parent - child,4726
Q7001278,Q4391317,parent - child,4726
Q12364891,Q4391547,parent - child,4098
Q4444033,Q4444032,parent - child,1571
Q264253,Q4444707,parent - child,5868
Q234606,Q4444818,parent - child,3849
Q502669,Q4446019,parent - child,3333
Q4296903,Q4446019,parent - child,3333
Q71582783,Q4447330,parent - child,3599
Q466139,Q4449183,parent - child,5584
Q2625789,Q4450675,parent - child,2571
Q2832816,Q4451387,parent - child,3317
Q3020917,Q4451387,parent - child,3317
Q112205,Q4451387,grandparent - child,3317
Q2273739,Q4451446,parent - child,4085
Q4377458,Q4377453,parent - child,3691
Q4382330,Q4382334,parent - child,366
Q11697242,Q4383494,parent - child,156
Q4492714,Q4387264,parent - child,5905
Q672099,Q4388950,parent - child,5878
Q57794,Q4390921,parent - child,2430
Q983505,Q4391090,parent - child,5164
Q842696,Q4391392,parent - child,4503
Q4492496,Q4492498,parent - child,5647
Q241545,Q4492601,parent - child,1234
Q1944158,Q4494628,parent - child,4104
Q2494234,Q4495137,parent - child,455
Q42558760,Q4495402,parent - child,2952
Q889485,Q4500221,parent - child,3121
Q4756422,Q4532848,parent - child,5762
Q4533188,Q4533198,parent - child,5926
Q4539548,Q4536386,parent - child,5015
Q431750,Q4536793,parent - child,828
Q784509,Q4536856,parent - child,3017
Q784509,Q4536964,parent - child,3017
Q4500532,Q4500513,parent - child,4253
Q5924403,Q4515439,parent - child,3721
Q459695,Q4455554,parent - child,3154
Q2023785,Q4459860,parent - child,3646
Q19692644,Q4459931,parent - child,2184
Q4459955,Q4459941,parent - child,1159
Q4059884,Q4539677,parent - child,2953
Q4399093,Q4539677,grandparent - child,2953
Q1814977,Q4560774,parent - child,5675
Q12318041,Q4567362,parent - child,3155
Q5475097,Q4567772,parent - child,2590
Q15731905,Q4569518,parent - child,1660
Q19353532,Q4569882,parent - child,957
Q53713,Q4570670,parent - child,4053
Q2741142,Q4570670,parent - child,4053
Q17109298,Q4571413,parent - child,1953
Q11961322,Q4573115,parent - child,3438
Q382369,Q4665057,parent - child,772
Q712690,Q4665226,parent - child,690
Q468617,Q4665575,parent - child,687
Q431442,Q4665575,parent - child,687
Q57327,Q4665575,grandparent - child,687
Q468528,Q4665575,grandparent - child,687
Q244206,Q4665663,parent - child,211
Q367825,Q4665821,parent - child,2216
Q12238128,Q4665823,parent - child,3952
Q4165651,Q4665824,parent - child,626
Q4120092,Q4665824,grandparent - child,626
Q217167,Q4665824,grandparent - child,626
Q6732682,Q4665864,parent - child,3426
Q4357888,Q4665864,parent - child,3426
Q6732682,Q4666019,parent - child,3426
Q4357888,Q4666019,parent - child,3426
Q4357888,Q4666283,parent - child,3426
Q15734075,Q4667397,parent - child,4417
Q57446,Q4667397,parent - child,4417
Q374229,Q4667675,parent - child,3153
Q6707644,Q4667690,parent - child,2746
Q12842459,Q4670613,parent - child,4935
Q2904017,Q4678270,parent - child,5124
Q4931878,Q4661865,parent - child,3229
Q7297213,Q4661865,grandparent - child,3229
Q468356,Q4662723,parent - child,5039
Q7689144,Q4662784,parent - child,1631
Q314774,Q4662784,parent - child,1631
Q6779999,Q4664468,parent - child,3630
Q11607,Q4664468,parent - child,3630
Q327514,Q4664468,grandparent - child,3630
Q8201241,Q4679111,parent - child,1154
Q2080721,Q4682590,parent - child,3070
Q7286024,Q4683050,parent - child,3922
Q469818,Q4683085,parent - child,5191
Q3634346,Q4683091,parent - child,4659
Q61193,Q4683091,grandparent - child,4659
Q19798238,Q4683095,parent - child,3016
Q4866219,Q4683095,parent - child,3016
Q13021291,Q4683100,parent - child,2228
Q1089410,Q4683100,parent - child,2228
Q855252,Q4683100,grandparent - child,2228
Q164518,Q4683100,grandparent - child,2228
Q47421733,Q4684282,parent - child,1171
Q214367,Q4684282,parent - child,1171
Q11715297,Q4685061,parent - child,5267
Q4571437,Q4580920,parent - child,1230
Q2551621,Q4581565,parent - child,4825
Q1903579,Q4581565,parent - child,4825
Q5858230,Q4583003,parent - child,5766
Q7606766,Q4584096,parent - child,4867
Q4579731,Q4585088,parent - child,1522
Q15771934,Q4585700,parent - child,3549
Q625515,Q4645564,parent - child,843
Q625515,Q4645801,parent - child,843
Q6552650,Q4647875,parent - child,4685
Q464277,Q4647901,parent - child,2838
Q307701,Q4664698,parent - child,2803
Q888132,Q4726284,parent - child,2130
Q2900288,Q4727179,parent - child,5695
Q264808,Q4727244,parent - child,1438
Q4485014,Q4727244,grandparent - child,1438
Q944421,Q4727244,parent - child,1438
Q233812,Q4738675,parent - child,1284
Q152929,Q4739544,parent - child,2700
Q67089573,Q4739580,parent - child,4322
Q3632375,Q4739580,parent - child,4322
Q1037848,Q4739623,parent - child,84
Q4120894,Q4739629,parent - child,139
Q4978336,Q4739774,parent - child,2469
Q908933,Q4739774,parent - child,2469
Q4515844,Q4515846,parent - child,1168
Q1597576,Q4520745,parent - child,631
Q11768986,Q4520745,parent - child,631
Q710920,Q4521057,parent - child,3276
Q230654,Q4521676,parent - child,854
Q317248,Q4521676,grandparent - child,854
Q272908,Q4521676,grandparent - child,854
Q2685,Q4521676,parent - child,854
Q12171397,Q4521708,parent - child,4649
Q5070312,Q4522474,parent - child,5367
Q8062147,Q4522997,parent - child,2024
Q528701,Q4522997,parent - child,2024
Q65032015,Q4523086,parent - child,1844
Q924031,Q4712213,parent - child,2845
Q2545675,Q4712388,parent - child,3001
Q5833474,Q4714452,parent - child,1115
Q55394655,Q4715575,parent - child,260
Q2351215,Q4717539,parent - child,4495
Q329729,Q4718185,parent - child,5449
Q335417,Q4718747,parent - child,645
Q5362691,Q4718747,grandparent - child,645
Q43371133,Q4718966,parent - child,3412
Q356804,Q4766342,parent - child,2759
Q3427896,Q4767277,parent - child,2219
Q15989865,Q4768136,parent - child,2454
Q213550,Q4768394,parent - child,967
Q2124740,Q4768394,parent - child,967
Q1618,Q4768539,parent - child,2661
Q443096,Q4768539,parent - child,2661
Q7264017,Q4687826,parent - child,5018
Q12838053,Q4688785,parent - child,3602
Q33635,Q4694945,parent - child,2326
Q379157,Q4694945,parent - child,2326
Q12518368,Q4695259,parent - child,17
Q7636620,Q4696035,parent - child,5706
Q180280,Q4696212,parent - child,5200
Q3304492,Q4699214,parent - child,418
Q2058853,Q4699214,grandparent - child,418
Q3309208,Q4699660,parent - child,6023
Q301947,Q4699697,parent - child,4591
Q315338,Q4699712,parent - child,3088
Q7445863,Q4699751,parent - child,231
Q7289393,Q4699751,parent - child,231
Q6437416,Q4699780,parent - child,127
Q319824,Q4699805,parent - child,3577
Q2232889,Q4787767,parent - child,2637
Q209471,Q4790221,parent - child,4994
Q238719,Q4790423,parent - child,5702
Q2909834,Q4790480,parent - child,1281
Q16379,Q4791554,parent - child,1432
Q6219342,Q4791594,parent - child,5122
Q377977,Q4794291,parent - child,863
Q3364813,Q4794601,parent - child,5801
Q5214310,Q4797044,parent - child,3628
Q2745557,Q4797044,grandparent - child,3628
Q4768432,Q4739649,parent - child,4037
Q9070245,Q4739824,parent - child,4142
Q601805,Q4741266,parent - child,1796
Q436150,Q4741266,parent - child,1796
Q571598,Q4741393,parent - child,4429
Q2439863,Q4746512,parent - child,2785
Q52442503,Q4746634,parent - child,1918
Q982817,Q4746839,parent - child,4655
Q471542,Q4746854,parent - child,4072
Q2834063,Q4747830,parent - child,5616
Q674208,Q4747857,parent - child,6203
Q11682762,Q4748066,parent - child,6066
Q5657287,Q4748677,parent - child,3644
Q1356586,Q4749417,parent - child,2714
Q402165,Q4749844,parent - child,6097
Q70760,Q4751836,parent - child,4143
Q2918056,Q4705701,parent - child,5837
Q5044634,Q4706571,parent - child,4680
Q11955303,Q4710215,parent - child,2127
Q1101372,Q4768321,parent - child,5261
Q278935,Q4768453,parent - child,4868
Q132489,Q4770971,parent - child,253
Q6956742,Q4770971,parent - child,253
Q12908,Q4720120,parent - child,2587
Q272438,Q4720526,parent - child,3114
Q587455,Q4720526,parent - child,3114
Q117329,Q4720526,parent - child,3114
Q61079,Q4720562,parent - child,4499
Q26466118,Q4720612,parent - child,2670
Q936663,Q4720612,parent - child,2670
Q83233,Q4720612,grandparent - child,2670
Q518846,Q4722118,parent - child,2189
Q109736747,Q4772506,parent - child,2976
Q1379894,Q4772754,parent - child,6191
Q359333,Q4772803,parent - child,5833
Q7327990,Q4772971,parent - child,972
Q2040538,Q4773301,parent - child,3435
Q7560922,Q4777851,parent - child,4995
Q7041094,Q4777872,parent - child,1905
Q3520354,Q4777895,parent - child,82
Q6376313,Q4798067,parent - child,3445
Q4804293,Q4724670,parent - child,5603
Q1397229,Q4725055,parent - child,3113
Q2347152,Q4725343,parent - child,2556
Q7561678,Q4725343,parent - child,2556
Q2771085,Q4725656,parent - child,4416
Q3370477,Q4780441,parent - child,5830
Q2417449,Q4783113,parent - child,2060
Q1399327,Q4783113,parent - child,2060
Q207356,Q4783946,parent - child,3967
Q3660514,Q4783946,parent - child,3967
Q86732,Q4785851,parent - child,202
Q2072516,Q4785866,parent - child,1080
Q538411,Q4785866,grandparent - child,1080
Q261284,Q4785866,grandparent - child,1080
Q526743,Q4785866,parent - child,1080
Q33218,Q4785866,grandparent - child,1080
Q1333222,Q4785866,grandparent - child,1080
Q112866,Q4785880,parent - child,5720
Q5092831,Q4751386,parent - child,2423
Q4161710,Q4751859,parent - child,3556
Q915702,Q4753766,parent - child,483
Q447808,Q4753805,parent - child,4283
Q975901,Q4755077,parent - child,302
Q3376530,Q4755675,parent - child,3083
Q13030758,Q4755770,parent - child,3891
Q3918691,Q4755770,parent - child,3891
Q4272793,Q4755858,parent - child,4341
Q224787,Q4756213,parent - child,1541
Q3160995,Q4756700,parent - child,2378
Q6480683,Q4757677,parent - child,1324
Q434669,Q4758516,parent - child,4719
Q5932905,Q4758752,parent - child,3722
Q441244,Q4758911,parent - child,5312
Q5416370,Q4758963,parent - child,1627
Q4470213,Q4758963,parent - child,1627
Q16609074,Q4759713,parent - child,3119
Q229424,Q4759713,parent - child,3119
Q179735,Q4759781,parent - child,4951
Q971943,Q4760938,parent - child,784
Q326256,Q4760977,parent - child,1135
Q314914,Q4762532,parent - child,5387
Q228650,Q4762670,parent - child,3389
Q313522,Q4762670,parent - child,3389
Q9375005,Q4759603,parent - child,467
Q15898109,Q4759808,parent - child,5162
Q4582580,Q4761752,parent - child,276
Q11038359,Q4761956,parent - child,1817
Q4719680,Q4764208,parent - child,1297
Q940858,Q4765231,parent - child,6201
Q11995412,Q4765237,parent - child,5385
Q612167,Q4766157,parent - child,3876
Q3649406,Q4801721,parent - child,3947
Q724366,Q4801977,parent - child,5273
Q7040981,Q4802674,parent - child,725
Q7107465,Q4803515,parent - child,3946
Q6075105,Q4805143,parent - child,909
Q4218970,Q4805381,parent - child,6187
Q6233593,Q4805435,parent - child,2549
Q16878582,Q4805722,parent - child,4173
Q13002,Q4809818,parent - child,2849
Q12641232,Q4953061,parent - child,4078
Q21539815,Q4953656,parent - child,661
Q6514718,Q4954882,parent - child,3380
Q4956714,Q4956712,parent - child,5500
Q5884856,Q4956830,parent - child,2558
Q5626631,Q4956893,parent - child,3145
Q4936078,Q4957228,parent - child,6133
Q4964233,Q4864362,parent - child,4628
Q16336442,Q4864755,parent - child,246
Q10327789,Q4864755,parent - child,246
Q456688,Q4865076,parent - child,1682
Q4116074,Q4867793,parent - child,43
Q294365,Q4867793,parent - child,43
Q223771,Q4875825,parent - child,449
Q3844447,Q4875825,parent - child,449
Q2443186,Q4877250,parent - child,153
Q440,Q4877250,parent - child,153
Q4648203,Q4879521,parent - child,3326
Q4925622,Q4881538,parent - child,3424
Q556858,Q4885490,parent - child,6047
Q5301417,Q4885543,parent - child,588
Q722462,Q4885859,parent - child,5916
Q50599,Q4886519,parent - child,3003
Q181683,Q4886553,parent - child,4190
Q310300,Q4886553,parent - child,4190
Q5214593,Q4886692,parent - child,5725
Q7218959,Q4914559,parent - child,1965
Q77335,Q4919368,parent - child,520
Q76343,Q4919368,parent - child,520
Q63098,Q4919638,parent - child,265
Q11854652,Q4919786,parent - child,6126
Q983417,Q4921727,parent - child,6129
Q1315769,Q4923064,parent - child,2228
Q855252,Q4923064,grandparent - child,2228
Q164518,Q4923064,grandparent - child,2228
Q16306590,Q4923120,parent - child,463
Q160318,Q4923558,parent - child,3270
Q4926056,Q4923558,grandparent - child,3270
Q450796,Q4924443,parent - child,4718
Q160318,Q4925272,parent - child,3270
Q4926056,Q4925272,grandparent - child,3270
Q701841,Q4925793,parent - child,5300
Q5593304,Q4928446,parent - child,3179
Q21822,Q4931095,parent - child,1138
Q553682,Q4931095,grandparent - child,1138
Q440050,Q4932253,parent - child,6049
Q4932985,Q4932983,parent - child,1489
Q5541561,Q4933629,parent - child,4661
Q486374,Q4934381,parent - child,3244
Q888450,Q4934746,parent - child,6028
Q2905500,Q4935090,parent - child,4440
Q609553,Q4975478,parent - child,482
Q508614,Q4976371,parent - child,3420
Q6090599,Q4976676,parent - child,120
Q5536190,Q4977062,parent - child,4542
Q48499400,Q4977166,parent - child,4218
Q311442,Q4977376,parent - child,1081
Q237341,Q4977376,parent - child,1081
Q5238243,Q4977720,parent - child,346
Q256809,Q4978896,parent - child,5874
Q359645,Q4980156,parent - child,1216
Q792882,Q4980619,parent - child,3418
Q434974,Q4980912,parent - child,1240
Q17105441,Q4807265,parent - child,5504
Q70623678,Q4808302,parent - child,5179
Q361178,Q4811246,parent - child,5901
Q6242471,Q4812771,parent - child,3830
Q1585958,Q4816089,parent - child,5251
Q16522981,Q4818445,parent - child,4589
Q234388,Q4822998,parent - child,542
Q238402,Q4822998,grandparent - child,542
Q361297,Q4822998,grandparent - child,542
Q7297213,Q4931878,parent - child,3229
Q7650914,Q4933281,parent - child,4214
Q9338630,Q4934698,parent - child,2072
Q272913,Q4935748,parent - child,521
Q2128071,Q4935748,parent - child,521
Q2498137,Q4935965,parent - child,3801
Q19976337,Q4936682,parent - child,1995
Q5667531,Q4937497,parent - child,400
Q4351467,Q4937882,parent - child,3596
Q5568405,Q4937890,parent - child,350
Q4578917,Q4938386,parent - child,489
Q5571657,Q4938386,parent - child,489
Q5572072,Q4938476,parent - child,1451
Q285351,Q4938478,parent - child,1984
Q493733,Q4938478,parent - child,1984
Q123125597,Q4938478,grandparent - child,1984
Q7546,Q4938570,parent - child,1531
Q4939038,Q4939033,parent - child,2409
Q4411920,Q4939033,parent - child,2409
Q1047230,Q4958236,parent - child,1534
Q4356302,Q4958639,parent - child,3906
Q5650306,Q4959122,parent - child,1964
Q817246,Q4959155,parent - child,294
Q4983623,Q4959561,parent - child,3778
Q6148986,Q4960142,parent - child,1495
Q925052,Q4960940,parent - child,5132
Q6899999,Q4960958,parent - child,1650
Q15487445,Q4885648,parent - child,1805
Q6521936,Q4886369,parent - child,5482
Q21598344,Q4886463,parent - child,1460
Q1209858,Q4886753,parent - child,5258
Q163957,Q4886766,parent - child,2958
Q1748298,Q4887110,parent - child,4727
Q47463396,Q4887302,parent - child,4360
Q11941024,Q4888143,parent - child,2606
Q2347366,Q4888170,parent - child,3030
Q328520,Q4888335,parent - child,445
Q327888,Q4888335,grandparent - child,445
Q7509186,Q4888549,parent - child,67
Q6483457,Q4888936,parent - child,2658
Q941210,Q4889354,parent - child,743
Q1761616,Q4889354,grandparent - child,743
Q6228856,Q4889354,grandparent - child,743
Q152824,Q4891021,parent - child,1277
Q5132235,Q4849014,parent - child,2265
Q79300304,Q4939766,parent - child,5795
Q5581886,Q4940014,parent - child,168
Q5581871,Q4940016,parent - child,5128
Q692183,Q4940095,parent - child,1483
Q1383057,Q4940197,parent - child,4647
Q15845380,Q4940985,parent - child,5920
Q5602697,Q4941876,parent - child,4356
Q99472479,Q4943399,parent - child,3667
Q332032,Q4943399,parent - child,3667
Q5616942,Q4944209,parent - child,1063
Q563544,Q4944209,parent - child,1063
Q5901444,Q4944209,grandparent - child,1063
Q4945360,Q4945358,parent - child,3699
Q17430527,Q4822480,parent - child,2878
Q4769256,Q4823200,parent - child,104
Q317107,Q4823200,parent - child,104
Q655512,Q4828471,parent - child,1338
Q975940,Q4828471,grandparent - child,1338
Q6588462,Q4829079,parent - child,3099
Q2403374,Q4829365,parent - child,1591
Q15078636,Q4829434,parent - child,841
Q467172,Q4829434,parent - child,841
Q92626,Q4829472,parent - child,4148
Q93004,Q4829472,parent - child,4148
Q4891242,Q4829508,parent - child,6200
Q6408320,Q4830761,parent - child,2013
Q53331,Q4830761,grandparent - child,2013
Q4880624,Q4831766,parent - child,2648
Q1255284,Q4832174,parent - child,4570
Q325399,Q4832305,parent - child,4543
Q5107575,Q4834039,parent - child,2421
Q11890801,Q4907661,parent - child,2312
Q8007701,Q4908726,parent - child,5909
Q4908724,Q4908726,grandparent - child,5909
Q8013227,Q4909208,parent - child,6017
Q13219635,Q4909208,grandparent - child,6017
Q6189409,Q4980379,parent - child,650
Q7338957,Q4981374,parent - child,2542
Q6199055,Q4981481,parent - child,5961
Q4983197,Q4981721,parent - child,2685
Q4961100,Q4981721,grandparent - child,2685
Q5938291,Q4981721,grandparent - child,2685
Q468538,Q4981757,parent - child,5507
Q4980893,Q4981805,parent - child,1363
Q3438495,Q4981805,parent - child,1363
Q56070749,Q4982002,parent - child,223
Q1080849,Q4982069,parent - child,1912
Q28357044,Q4982069,grandparent - child,1912
Q27928492,Q4982069,grandparent - child,1912
Q4961100,Q4983197,parent - child,2685
Q5938291,Q4983197,parent - child,2685
Q3439837,Q4983219,parent - child,2077
Q43033,Q4983660,parent - child,217
Q28663073,Q4983660,parent - child,217
Q2752156,Q4983796,parent - child,6225
Q451128,Q4983870,parent - child,314
Q12310010,Q4983870,parent - child,314
Q3229654,Q4984760,parent - child,444
Q4351467,Q4987349,parent - child,3596
Q3072299,Q4988816,parent - child,5799
Q4956300,Q4988816,parent - child,5799
Q12059610,Q4961295,parent - child,3091
Q449763,Q4961455,parent - child,5038
Q1796120,Q4961658,parent - child,5870
Q4931878,Q4961922,parent - child,3229
Q7297213,Q4961922,grandparent - child,3229
Q940499,Q4962190,parent - child,3253
Q1345138,Q4962206,parent - child,1216
Q4980156,Q4962206,grandparent - child,1216
Q5930907,Q4963833,parent - child,5105
Q5952923,Q4963919,parent - child,2290
Q5965499,Q4963919,parent - child,2290
Q4963940,Q4963967,parent - child,1723
Q713270,Q4964047,parent - child,1192
Q4933019,Q4964341,parent - child,176
Q4910520,Q4965060,parent - child,1692
Q269927,Q4965286,parent - child,2006
Q1174535,Q4966726,parent - child,5262
Q311421,Q4967579,parent - child,4126
Q311421,Q4967708,parent - child,4126
Q271314,Q4967977,parent - child,2921
Q6752895,Q4892598,parent - child,2565
Q2213332,Q4893905,parent - child,171
Q435324,Q4893905,parent - child,171
Q57304,Q4893905,grandparent - child,171
Q154946,Q4893905,grandparent - child,171
Q230969,Q4894291,parent - child,2420
Q8027,Q4894291,parent - child,2420
Q1110336,Q4894291,grandparent - child,2420
Q11919296,Q4895836,parent - child,5245
Q5212620,Q4897074,parent - child,5293
Q6258648,Q4897475,parent - child,4445
Q6166798,Q4897558,parent - child,5212
Q6847395,Q4897688,parent - child,1310
Q2114415,Q4898411,parent - child,5960
Q11345496,Q4899512,parent - child,715
Q2636085,Q4902971,parent - child,962
Q5145369,Q4966802,parent - child,2915
Q1398697,Q4968574,parent - child,2240
Q152437,Q4968574,grandparent - child,2240
Q4968820,Q4968933,parent - child,437
Q4582857,Q4969417,parent - child,6057
Q4969417,Q4969436,parent - child,6057
Q4582857,Q4969436,grandparent - child,6057
Q4968933,Q4969491,parent - child,437
Q4968820,Q4969491,grandparent - child,437
Q4580501,Q4969491,parent - child,437
Q4970192,Q4970195,parent - child,1744
Q6027107,Q4971217,parent - child,5524
Q288550,Q4971488,parent - child,2190
Q762475,Q4971707,parent - child,1435
Q582603,Q4972443,parent - child,4519
Q6045907,Q4972669,parent - child,4575
Q1378879,Q4973965,parent - child,934
Q4973971,Q4973965,parent - child,934
Q732153,Q4974190,parent - child,5983
Q3544351,Q4974291,parent - child,1481
Q4420064,Q4974445,parent - child,4532
Q238036,Q4974445,parent - child,4532
Q2777870,Q4974582,parent - child,4780
Q6073467,Q4974949,parent - child,976
Q121200091,Q4985609,parent - child,1060
Q16650045,Q4989391,parent - child,4940
Q4346445,Q4989450,parent - child,5562
Q941210,Q4990091,parent - child,743
Q1761616,Q4990091,grandparent - child,743
Q6228856,Q4990091,grandparent - child,743
Q52191134,Q4990261,parent - child,93
Q1554690,Q4990261,parent - child,93
Q3136833,Q4990368,parent - child,2668
Q6240233,Q4990455,parent - child,2148
Q42393876,Q4990566,parent - child,5165
Q1367730,Q4990683,parent - child,1503
Q4956524,Q4990701,parent - child,1421
Q2035589,Q4990701,parent - child,1421
Q1398777,Q4991050,parent - child,5240
Q451393,Q4992201,parent - child,1753
Q5761000,Q4950218,parent - child,2762
Q2023538,Q4950260,parent - child,2057
Q5761408,Q4950260,parent - child,2057
Q445608,Q4951018,parent - child,757
Q315773,Q4951272,parent - child,4307
Q2746416,Q4951658,parent - child,128
Q5779359,Q4951658,grandparent - child,128
Q456481,Q4946146,parent - child,471
Q445497,Q4946146,parent - child,471
Q4946217,Q4946213,parent - child,108
Q1933369,Q4946213,parent - child,108
Q6248272,Q4946213,grandparent - child,108
Q5732185,Q4948186,parent - child,1111
Q81483451,Q4948984,parent - child,2431
Q4948984,Q4949703,parent - child,2431
Q81483451,Q4949703,grandparent - child,2431
Q216608,Q4949746,parent - child,3316
Q3864624,Q4949953,parent - child,1683
Q3282061,Q5025906,parent - child,3873
Q57800,Q5026702,parent - child,1107
Q962308,Q5031723,parent - child,1512
Q842303,Q5039977,parent - child,812
Q7925364,Q5041148,parent - child,239
Q922415,Q5041269,parent - child,5144
Q1043159,Q5042384,parent - child,4969
Q170419,Q5042663,parent - child,2211
Q475,Q5043474,parent - child,2332
Q5695438,Q5043474,parent - child,2332
Q507664,Q5044687,parent - child,1749
Q7945877,Q5044694,parent - child,1385
Q6252124,Q4990909,parent - child,130
Q268821,Q4992674,parent - child,171
Q57304,Q4992674,grandparent - child,171
Q154946,Q4992674,grandparent - child,171
Q301365,Q4992674,parent - child,171
Q4993276,Q4993288,parent - child,4616
Q10976890,Q4993516,parent - child,5483
Q4768556,Q4993594,parent - child,5687
Q463758,Q4994195,parent - child,4354
Q3720100,Q4994262,parent - child,1990
Q5930434,Q5076504,parent - child,3325
Q6382384,Q5101483,parent - child,2835
Q5667783,Q5101483,grandparent - child,2835
Q3506508,Q5102851,parent - child,740
Q720360,Q5102855,parent - child,3832
Q7327596,Q5102873,parent - child,3539
Q455115,Q5102880,parent - child,5730
Q4272092,Q5105669,parent - child,4523
Q11340711,Q5105669,grandparent - child,4523
Q919954,Q5106219,parent - child,4765
Q718631,Q5106517,parent - child,1860
Q3299066,Q5106552,parent - child,2028
Q328508,Q5107926,parent - child,136
Q596953,Q5108061,parent - child,1252
Q187198,Q5109480,parent - child,2748
Q6033589,Q5110004,parent - child,1519
Q977288,Q5110039,parent - child,2090
Q452878,Q5110197,parent - child,3212
Q170581,Q5111145,parent - child,4734
Q1156152,Q5111145,grandparent - child,4734
Q7152909,Q5111145,parent - child,4734
Q75248743,Q5112086,parent - child,4155
Q336507,Q5112086,parent - child,4155
Q521145,Q5112179,parent - child,4421
Q1377013,Q5112221,parent - child,1265
Q25310,Q5112377,parent - child,1997
Q258661,Q5112377,parent - child,1997
Q106957372,Q5082018,parent - child,4921
Q27478306,Q5045130,parent - child,2826
Q332630,Q5045237,parent - child,4625
Q1988697,Q5046252,parent - child,4122
Q31320055,Q5048299,parent - child,2352
Q217314,Q5051777,parent - child,532
Q270139,Q5051777,parent - child,532
Q128574,Q5052592,parent - child,3960
Q112054585,Q5052813,parent - child,1621
Q237918,Q5056393,parent - child,4459
Q4994442,Q4994432,parent - child,855
Q4994612,Q4994596,parent - child,3869
Q19636876,Q5000910,parent - child,510
Q3503124,Q5001245,parent - child,3439
Q723378,Q5006307,parent - child,5754
Q361581,Q5018704,parent - child,4025
Q336980,Q5078306,parent - child,1536
Q335649,Q5078306,grandparent - child,1536
Q7841119,Q5112961,parent - child,3477
Q158707,Q5112961,grandparent - child,3477
Q9588,Q5112961,grandparent - child,3477
Q5342827,Q5112961,parent - child,3477
Q1336262,Q5113485,parent - child,5638
Q488446,Q5116286,parent - child,737
Q468467,Q5116286,grandparent - child,737
Q20562517,Q5119067,parent - child,2948
Q31685134,Q5125005,parent - child,4579
Q3090795,Q5125171,parent - child,2925
Q327888,Q5126130,parent - child,445
Q5126651,Q5126650,parent - child,3764
Q1509908,Q5127792,parent - child,1668
Q7810156,Q5086366,parent - child,6179
Q1445086,Q5088696,parent - child,2051
Q105995757,Q5088754,parent - child,1407
Q10528502,Q5090840,parent - child,1341
Q5090840,Q5090979,parent - child,1341
Q10528502,Q5090979,grandparent - child,1341
Q201034,Q5092719,parent - child,5479
Q16011186,Q5092719,parent - child,5479
Q6377186,Q5092812,parent - child,2998
Q274363,Q5095183,parent - child,887
Q313598,Q5095183,parent - child,887
Q274363,Q5095185,parent - child,887
Q313598,Q5095185,parent - child,887
Q274363,Q5095186,parent - child,887
Q313598,Q5095186,parent - child,887
Q274363,Q5095188,parent - child,887
Q313598,Q5095188,parent - child,887
Q15998242,Q5071486,parent - child,3949
Q6899999,Q5072647,parent - child,1650
Q2514398,Q5073322,parent - child,3149
Q8026087,Q5171165,parent - child,252
Q6233593,Q5178606,parent - child,2549
Q1357886,Q5179943,parent - child,5002
Q5791786,Q5186513,parent - child,789
Q5772174,Q5129289,parent - child,4318
Q1360756,Q5129322,parent - child,5147
Q1904381,Q5136957,parent - child,293
Q2110571,Q5141124,parent - child,42
Q360832,Q5148002,parent - child,5486
Q6514469,Q5150226,parent - child,1036
Q2741772,Q5162596,parent - child,31
Q2093954,Q5165280,parent - child,4277
Q63123191,Q5080883,parent - child,4567
Q5322084,Q5081408,parent - child,4531
Q203913,Q5081510,parent - child,2168
Q422838,Q5289331,parent - child,333
Q3809672,Q5289370,parent - child,3209
Q297750,Q5289916,parent - child,5030
Q3288585,Q5295464,parent - child,748
Q4423223,Q5296700,parent - child,1781
Q727090,Q5297751,parent - child,5566
Q5044546,Q5300662,parent - child,3126
Q1294551,Q5233645,parent - child,2747
Q5347596,Q5235212,parent - child,5453
Q5233175,Q5236201,parent - child,5777
Q296647,Q5236362,parent - child,2492
Q7585535,Q5237096,parent - child,3551
Q31543,Q5244614,parent - child,129
Q4200577,Q5244614,grandparent - child,129
Q1374493,Q5202476,parent - child,2670
Q83233,Q5202476,grandparent - child,2670
Q2546155,Q5205398,parent - child,1316
Q5203796,Q5208548,parent - child,3497
Q2646553,Q5208549,parent - child,915
Q5203796,Q5208551,parent - child,3497
Q108334148,Q5209002,parent - child,2797
Q3143055,Q5209079,parent - child,3578
Q367566,Q5210356,parent - child,1454
Q6880994,Q5211406,parent - child,1189
Q915702,Q5213446,parent - child,483
Q367796,Q5213500,parent - child,2442
Q3641304,Q5213719,parent - child,5304
Q2745557,Q5214310,parent - child,3628
Q5235633,Q5217680,parent - child,5744
Q312129,Q5217926,parent - child,5970
Q2165440,Q5218475,parent - child,193
Q1977271,Q5218681,parent - child,3093
Q6204405,Q5218897,parent - child,6135
Q516858,Q5340288,parent - child,4042
Q539072,Q5340416,parent - child,5513
Q608854,Q5340737,parent - child,2955
Q111768760,Q5340808,parent - child,4310
Q727090,Q5219593,parent - child,5566
Q336104,Q5220874,parent - child,4275
Q5434040,Q5221478,parent - child,5712
Q2537149,Q5221629,parent - child,2349
Q6558321,Q5221629,parent - child,2349
Q467891,Q5222780,parent - child,2618
Q459556,Q5226163,parent - child,2980
Q466850,Q5226511,parent - child,3039
Q7490007,Q5231887,parent - child,340
Q5485673,Q5232150,parent - child,4427
Q9288511,Q5298220,parent - child,2540
Q111333987,Q5300500,parent - child,2195
Q99391946,Q5307236,parent - child,1
Q60451604,Q5312450,parent - child,5209
Q297957,Q5315815,parent - child,5291
Q2997305,Q5316897,parent - child,852
Q3760549,Q5316897,grandparent - child,852
Q1452301,Q5316897,grandparent - child,852
Q18046427,Q5317230,parent - child,3765
Q48622476,Q5317230,parent - child,3765
Q449734,Q5318752,parent - child,2135
Q10307960,Q5320180,parent - child,97
Q325991,Q5325715,parent - child,2223
Q592200,Q5331464,parent - child,5142
Q913119,Q5345471,parent - child,382
Q5890020,Q5346242,parent - child,1079
Q4734268,Q5241524,parent - child,1966
Q540605,Q5243064,parent - child,4527
Q470875,Q5243064,grandparent - child,4527
Q12507699,Q5249748,parent - child,3681
Q3523063,Q5250584,parent - child,899
Q7290753,Q5250584,grandparent - child,899
Q5242462,Q5253876,parent - child,255
Q352319,Q5256411,parent - child,5208
Q5107575,Q5258094,parent - child,2421
Q72984,Q5258318,parent - child,905
Q878916,Q5258380,parent - child,667
Q2464210,Q5343692,parent - child,493
Q235415,Q5364489,parent - child,3156
Q2160202,Q5364489,parent - child,3156
Q192217,Q5364665,parent - child,4515
Q465004,Q5365513,parent - child,825
Q333905,Q5344227,parent - child,2485
Q7498774,Q5335528,parent - child,1543
Q173205,Q5335923,parent - child,5826
Q19749051,Q5262511,parent - child,1569
Q5584168,Q5266631,parent - child,3649
Q503264,Q5267690,parent - child,5991
Q351481,Q5268184,parent - child,6148
Q8052914,Q5268914,parent - child,1986
Q11382739,Q5271205,parent - child,2448
Q11482771,Q5271205,parent - child,2448
Q550492,Q5271213,parent - child,2251
Q259049,Q5271504,parent - child,2396
Q1395520,Q5272818,parent - child,6150
Q5273782,Q5273847,parent - child,5330
Q46340,Q5279602,parent - child,280
Q123665,Q5279602,parent - child,280
Q5415112,Q5279602,grandparent - child,280
Q312539,Q5279602,grandparent - child,280
Q105693220,Q5279689,parent - child,1480
Q6813859,Q5346792,parent - child,3265
Q4670575,Q5347096,parent - child,2559
Q17380952,Q5347128,parent - child,3785
Q3141000,Q5348651,parent - child,2227
Q5529643,Q5353639,parent - child,1096
Q4767446,Q5354380,parent - child,2002
Q1362941,Q5354440,parent - child,511
Q75656571,Q5359010,parent - child,2484
Q4762982,Q5359190,parent - child,5887
Q5463671,Q5365896,parent - child,1415
Q56854469,Q5368084,parent - child,4267
Q9376941,Q5368787,parent - child,4329
Q3357111,Q5371786,parent - child,1889
Q662607,Q5371786,parent - child,1889
Q5071688,Q5371883,parent - child,887
Q313598,Q5371883,parent - child,887
Q15994762,Q5372057,parent - child,6103
Q2267003,Q5372150,parent - child,5820
Q4648203,Q5372429,parent - child,3326
Q325694,Q5373358,parent - child,5480
Q822401,Q5463897,parent - child,5412
Q86829,Q5477782,parent - child,5428
Q6178185,Q5478491,parent - child,4446
Q43203,Q5479089,parent - child,1369
Q35011,Q5479089,parent - child,1369
Q233993,Q5479119,parent - child,4818
Q3306307,Q5395601,parent - child,6163
Q7161090,Q5396060,parent - child,5537
Q11880568,Q5397764,parent - child,1101
Q3662899,Q5397764,parent - child,1101
Q11875859,Q5398989,parent - child,4694
Q9070199,Q5401885,parent - child,1084
Q5551873,Q5402242,parent - child,556
Q9070700,Q5402242,parent - child,556
Q17380952,Q5404922,parent - child,3785
Q6109579,Q5405446,parent - child,6010
Q5983891,Q5407922,parent - child,274
Q287046,Q5407922,parent - child,274
Q2576581,Q5408136,parent - child,3664
Q3847609,Q5408136,parent - child,3664
Q471307,Q5408189,parent - child,6076
Q2939445,Q5411740,parent - child,5931
Q6640827,Q5360773,parent - child,1856
Q15512904,Q5361530,parent - child,2699
Q3571486,Q5361639,parent - child,5088
Q204000,Q5362145,parent - child,558
Q1101295,Q5362284,parent - child,2374
Q234992,Q5362573,parent - child,259
Q48259,Q5362573,parent - child,259
Q6323574,Q5481052,parent - child,4658
Q504643,Q5499428,parent - child,5410
Q7194909,Q5374889,parent - child,3701
Q2717838,Q5374907,parent - child,1858
Q6059139,Q5379858,parent - child,3049
Q296691,Q5379858,parent - child,3049
Q5560519,Q5386557,parent - child,5806
Q193871,Q5387077,parent - child,1075
Q2673,Q5387194,parent - child,5331
Q28416020,Q5387935,parent - child,5136
Q1825749,Q5388670,parent - child,3609
Q13520209,Q5388694,parent - child,1290
Q50295035,Q5388892,parent - child,4202
Q77112,Q5389146,parent - child,4975
Q15977810,Q5392118,parent - child,1776
Q4208745,Q5483547,parent - child,3280
Q591312,Q5485318,parent - child,1970
Q6145378,Q5487619,parent - child,1799
Q11852828,Q5488397,parent - child,895
Q5485673,Q5489862,parent - child,4427
Q11885284,Q5490183,parent - child,3918
Q11885821,Q5490386,parent - child,4272
Q1378879,Q5494661,parent - child,934
Q4973971,Q5494661,parent - child,934
Q450984,Q5537557,parent - child,2644
Q24845415,Q5393245,parent - child,2005
Q5394560,Q5394562,parent - child,2496
Q11957313,Q5407754,parent - child,4073
Q11856795,Q5413822,parent - child,5896
Q6387872,Q5415439,parent - child,3670
Q8041244,Q5418855,parent - child,3123
Q656219,Q5419326,parent - child,939
Q1374493,Q5427748,parent - child,2670
Q83233,Q5427748,grandparent - child,2670
Q238233,Q5428603,parent - child,49
Q57454,Q5428603,parent - child,49
Q165674,Q5428603,grandparent - child,49
Q255679,Q5428603,grandparent - child,49
Q13566998,Q5429502,parent - child,1678
Q3534902,Q5429508,parent - child,4605
Q244206,Q5429532,parent - child,211
Q367825,Q5431091,parent - child,2216
Q18417902,Q5501196,parent - child,2053
Q1078163,Q5507446,parent - child,2889
Q7138891,Q5510023,parent - child,3428
Q4648309,Q5512526,parent - child,5953
Q4380409,Q5515803,parent - child,2094
Q309374,Q5517695,parent - child,1462
Q11544086,Q5517695,grandparent - child,1462
Q106479809,Q5517695,parent - child,1462
Q1491812,Q5518370,parent - child,5682
Q11885040,Q5492491,parent - child,3887
Q1452355,Q5495361,parent - child,2736
Q16090601,Q5495462,parent - child,2373
Q151872,Q5433867,parent - child,6069
Q7418443,Q5434725,parent - child,2138
Q5950446,Q5437886,parent - child,5737
Q6874719,Q5438652,parent - child,4355
Q590844,Q5443778,parent - child,3913
Q3531699,Q5444443,parent - child,3423
Q920072,Q5444598,parent - child,5585
Q2918417,Q5444615,parent - child,668
Q272877,Q5444615,parent - child,668
Q6123960,Q5444968,parent - child,627
Q16017839,Q5446290,parent - child,3855
Q1281047,Q5446290,parent - child,3855
Q1630281,Q5448553,parent - child,656
Q117710,Q5451077,parent - child,4367
Q16018501,Q5451077,grandparent - child,4367
Q6152619,Q5543326,parent - child,1575
Q6853506,Q5543326,parent - child,1575
Q6017961,Q5543326,grandparent - child,1575
Q5555340,Q5543536,parent - child,6031
Q25410084,Q5444777,parent - child,2387
Q6846881,Q5539348,parent - child,3174
Q47565856,Q5545287,parent - child,5116
Q15998242,Q5517518,parent - child,3949
Q30345683,Q5518287,parent - child,3640
Q12025209,Q5518675,parent - child,5450
Q8620,Q5519561,parent - child,515
Q392629,Q5519561,parent - child,515
Q18530540,Q5522745,parent - child,1685
Q335675,Q5522745,parent - child,1685
Q1281027,Q5527465,parent - child,1198
Q1522247,Q5527892,parent - child,3340
Q1702171,Q5530409,parent - child,2719
Q16016292,Q5650759,parent - child,4835
Q2133442,Q5654307,parent - child,2512
Q56157,Q5578123,parent - child,4271
Q5581886,Q5581918,parent - child,168
Q333468,Q5556756,parent - child,5358
Q6103866,Q5558037,parent - child,5421
Q4989944,Q5558531,parent - child,269
Q3808023,Q5559079,parent - child,5894
Q39212,Q5559244,parent - child,5701
Q18191267,Q5559656,parent - child,5797
Q8053570,Q5560576,parent - child,3861
Q6672637,Q5560699,parent - child,5153
Q595180,Q5548500,parent - child,2417
Q3199788,Q5619088,parent - child,2109
Q457657,Q5619088,grandparent - child,2109
Q3530742,Q5619088,grandparent - child,2109
Q3373025,Q5619555,parent - child,1120
Q4944538,Q5619886,parent - child,1642
Q4949242,Q5621122,parent - child,6106
Q5586594,Q5586589,parent - child,5783
Q5586745,Q5586742,parent - child,5026
Q4940825,Q5587521,parent - child,1046
Q22920075,Q5588350,parent - child,3330
Q168041,Q5588921,parent - child,3557
Q2982596,Q5592750,parent - child,5442
Q6813859,Q5561111,parent - child,3265
Q6098141,Q5561931,parent - child,4967
Q571598,Q5563101,parent - child,4429
Q5497621,Q5563169,parent - child,3961
Q345558,Q5563586,parent - child,5554
Q29349481,Q5564270,parent - child,4384
Q448399,Q5565037,parent - child,2749
Q102066840,Q5565484,parent - child,3616
Q926311,Q5569077,parent - child,2631
Q6110572,Q5658363,parent - child,4133
Q21074442,Q5662441,parent - child,6186
Q16299167,Q5663923,parent - child,2986
Q16540727,Q5664664,parent - child,5299
Q6782110,Q5664664,parent - child,5299
Q6035667,Q5666090,parent - child,5827
Q6782066,Q5666275,parent - child,3488
Q5983237,Q5666275,parent - child,3488
Q6529244,Q5666333,parent - child,3783
Q3645440,Q5666679,parent - child,66
Q3304492,Q5668639,parent - child,418
Q2058853,Q5668639,grandparent - child,418
Q601743,Q5668639,parent - child,418
Q17107361,Q5619127,parent - child,3141
Q5127080,Q5621407,parent - child,4578
Q5621826,Q5621818,parent - child,4534
Q4587315,Q5621818,parent - child,4534
Q104214130,Q5622279,parent - child,6196
Q357811,Q5623167,parent - child,5818
Q3617943,Q5623885,parent - child,2960
Q13563000,Q5625256,parent - child,886
Q3426281,Q5625256,parent - child,886
Q781634,Q5626534,parent - child,2375
Q4697374,Q5717716,parent - child,744
Q53707,Q5717716,parent - child,744
Q961600,Q5578064,parent - child,2550
Q5578123,Q5578120,parent - child,4271
Q56157,Q5578120,grandparent - child,4271
Q5602697,Q5602703,parent - child,4356
Q817205,Q5571781,parent - child,1184
Q10543615,Q5573836,parent - child,4433
Q564226,Q5573836,parent - child,4433
Q6373289,Q5575520,parent - child,6222
Q5995798,Q5666820,parent - child,2444
Q19830030,Q5669023,parent - child,258
Q16016180,Q5670053,parent - child,4005
Q2877210,Q5673248,parent - child,60
Q6084594,Q5673248,grandparent - child,60
Q2841994,Q5673728,parent - child,2552
Q16733116,Q5673852,parent - child,4207
Q382369,Q5674606,parent - child,772
Q5984178,Q5675211,parent - child,4794
Q22122673,Q5675681,parent - child,4603
Q6292514,Q5676013,parent - child,1273
Q18511942,Q5679016,parent - child,1469
Q5555949,Q5679141,parent - child,4619
Q775760,Q5679838,parent - child,1207
Q313915,Q5680808,parent - child,4238
Q6463130,Q5681248,parent - child,1256
Q5834005,Q5681251,parent - child,3883
Q1164744,Q5681931,parent - child,3975
Q167846,Q5688471,parent - child,826
Q5528787,Q5693758,parent - child,1493
Q538868,Q5693758,parent - child,1493
Q158099,Q5697554,parent - child,2830
Q55533095,Q5610253,parent - child,219
Q117330918,Q5611043,parent - child,1649
Q5767039,Q5626623,parent - child,729
Q5627331,Q5627352,parent - child,1674
Q5627798,Q5627802,parent - child,3405
Q377870,Q5628154,parent - child,4859
Q316519,Q5629011,parent - child,4424
Q4945961,Q5629011,parent - child,4424
Q4580910,Q5629999,parent - child,3579
Q4990738,Q5630649,parent - child,471
Q445497,Q5630649,parent - child,471
Q4990738,Q5630728,parent - child,471
Q445497,Q5630728,parent - child,471
Q11383927,Q5632874,parent - child,2350
Q179871,Q5632874,parent - child,2350
Q5632576,Q5637084,parent - child,4879
Q1771734,Q5638328,parent - child,4922
Q2598226,Q5638373,parent - child,2630
Q5662859,Q5686507,parent - child,3473
Q1096047,Q5691273,parent - child,3391
Q3099287,Q5696190,parent - child,288
Q3326435,Q5697882,parent - child,4980
Q5340549,Q5697937,parent - child,971
Q5641367,Q5698007,parent - child,1585
Q6291603,Q5704444,parent - child,901
Q5929806,Q5705188,parent - child,2597
Q4530248,Q5707101,parent - child,4676
Q792876,Q5707101,grandparent - child,4676
Q442262,Q5640337,parent - child,3160
Q220210,Q5640937,parent - child,1003
Q1775491,Q5643738,parent - child,4590
Q3356848,Q5643738,parent - child,4590
Q5336088,Q5643740,parent - child,4376
Q7635208,Q5643959,parent - child,5383
Q2096387,Q5646510,parent - child,1264
Q3432643,Q5648173,parent - child,4958
Q3851001,Q5648393,parent - child,5700
Q5248410,Q5648502,parent - child,3006
Q243078,Q5648848,parent - child,3516
Q499613,Q5721285,parent - child,4215
Q336947,Q5721285,grandparent - child,4215
Q533284,Q5725811,parent - child,5288
Q600965,Q5725811,parent - child,5288
Q6756359,Q5726332,parent - child,3938
Q6017961,Q5726858,parent - child,1575
Q339847,Q5749367,parent - child,3472
Q3046401,Q5750311,parent - child,2609
Q5751494,Q5750652,parent - child,2608
Q5771863,Q5753165,parent - child,3398
Q5796114,Q5753165,grandparent - child,3398
Q5754561,Q5754568,parent - child,456
Q5571434,Q5758133,parent - child,3728
Q706264,Q5759843,parent - child,5133
Q5707227,Q5707233,parent - child,6093
Q5708784,Q5708819,parent - child,3004
Q5711988,Q5711991,parent - child,5114
Q720741,Q5714734,parent - child,4090
Q5354440,Q5715290,parent - child,511
Q1362941,Q5715290,grandparent - child,511
Q116325,Q5715290,parent - child,511
Q1758863,Q5715290,grandparent - child,511
Q2431719,Q5715290,grandparent - child,511
Q3820026,Q5724157,parent - child,3585
Q80547794,Q5724629,parent - child,5296
Q5800279,Q5800272,parent - child,4712
Q449616,Q5800351,parent - child,3779
Q310217,Q5800351,parent - child,3779
Q108908438,Q5801848,parent - child,3622
Q507514,Q5802697,parent - child,3817
Q1300823,Q5806291,parent - child,547
Q5880092,Q5806291,parent - child,547
Q4569460,Q5806700,parent - child,4513
Q434516,Q5808226,parent - child,1314
Q263623,Q5809645,parent - child,171
Q57304,Q5809645,grandparent - child,171
Q154946,Q5809645,grandparent - child,171
Q537914,Q5809645,parent - child,171
Q5668851,Q5732645,parent - child,5203
Q5573487,Q5885350,parent - child,6131
Q1170695,Q5885959,parent - child,4973
Q1238247,Q5887826,parent - child,959
Q481329,Q5889317,parent - child,5218
Q23580451,Q5890742,parent - child,761
Q315927,Q5892168,parent - child,4437
Q368858,Q5892168,grandparent - child,4437
Q11853450,Q5897386,parent - child,2779
Q3699206,Q5897831,parent - child,4065
Q33043714,Q5765172,parent - child,1112
Q192778,Q5765833,parent - child,1335
Q61642938,Q5765949,parent - child,125
Q463860,Q5766607,parent - child,2278
Q5626623,Q5767054,parent - child,729
Q5767039,Q5767054,grandparent - child,729
Q5768024,Q5767882,parent - child,3503
Q544951,Q5768127,parent - child,898
Q5983356,Q5771846,parent - child,4015
Q4982309,Q5771862,parent - child,3110
Q5796114,Q5771863,parent - child,3398
Q5772067,Q5772063,parent - child,2248
Q1148805,Q5779986,parent - child,995
Q5812102,Q5812163,parent - child,2562
Q4954629,Q5812163,parent - child,2562
Q156480,Q5817390,parent - child,2930
Q18246507,Q5817390,parent - child,2930
Q5671518,Q5817807,parent - child,2082
Q4877250,Q5818156,parent - child,153
Q2443186,Q5818156,grandparent - child,153
Q440,Q5818156,grandparent - child,153
Q100307038,Q5818935,parent - child,944
Q3642700,Q5819385,parent - child,3750
Q16649454,Q5819898,parent - child,2639
Q470362,Q5821013,parent - child,1018
Q3357162,Q5821013,grandparent - child,1018
Q4971488,Q5821418,parent - child,2190
Q288550,Q5821418,grandparent - child,2190
Q4568952,Q5824546,parent - child,6002
Q6408479,Q5931830,parent - child,1430
Q5664182,Q5932019,parent - child,2933
Q5932434,Q5932408,parent - child,2527
Q333487,Q5934402,parent - child,5010
Q5935320,Q5935318,parent - child,5519
Q7137400,Q5938159,parent - child,439
Q334242,Q5938159,parent - child,439
Q311160,Q5938827,parent - child,876
Q5662444,Q5736375,parent - child,1250
Q16649246,Q5740994,parent - child,3130
Q1773202,Q5742197,parent - child,920
Q5901444,Q5902202,parent - child,1063
Q3494889,Q5903288,parent - child,1821
Q3818546,Q5903288,parent - child,1821
Q5853376,Q5904704,parent - child,5508
Q5912930,Q5912923,parent - child,3872
Q4760139,Q5913043,parent - child,320
Q5706403,Q5913209,parent - child,1267
Q2841131,Q5913543,parent - child,1559
Q6299208,Q5913974,parent - child,2792
Q234293,Q5915240,parent - child,1311
Q2549389,Q5915240,parent - child,1311
Q4772449,Q5915240,grandparent - child,1311
Q4772449,Q5915240,parent - child,1311
Q5919883,Q5919878,parent - child,365
Q6056421,Q5920394,parent - child,5215
Q10395812,Q5935425,parent - child,6088
Q16580512,Q5936037,parent - child,2252
Q109973741,Q5937916,parent - child,3269
Q16050404,Q5939411,parent - child,1422
Q5774665,Q5939843,parent - child,147
Q8216132,Q5939843,parent - child,147
Q6892196,Q5940798,parent - child,234
Q16050404,Q5941065,parent - child,1422
Q3318983,Q5941239,parent - child,4559
Q2875146,Q5941239,parent - child,4559
Q5942319,Q5942299,parent - child,387
Q5751632,Q5942305,parent - child,1979
Q186111,Q5943665,parent - child,1160
Q5953339,Q5943665,parent - child,1160
Q5931745,Q5829175,parent - child,3808
Q26251082,Q5831161,parent - child,5237
Q5834005,Q5834000,parent - child,3883
Q8774902,Q5838104,parent - child,570
Q5285012,Q5854217,parent - child,342
Q5948580,Q5855237,parent - child,5455
Q4444918,Q5855240,parent - child,251
Q5984704,Q5857687,parent - child,2392
Q5983891,Q5859876,parent - child,274
Q287046,Q5859876,parent - child,274
Q5780231,Q5780225,parent - child,6211
Q4353826,Q5784496,parent - child,20
Q14601028,Q5784855,parent - child,1604
Q4079744,Q5921204,parent - child,4945
Q47213,Q5921204,grandparent - child,4945
Q5944162,Q5921892,parent - child,2359
Q310012,Q5924288,parent - child,5210
Q18125509,Q5924351,parent - child,2865
Q5983891,Q5924522,parent - child,274
Q287046,Q5924522,parent - child,274
Q81322712,Q5924590,parent - child,4953
Q1238247,Q5927664,parent - child,959
Q920220,Q5929186,parent - child,198
Q6042484,Q5953868,parent - child,734
Q3932220,Q5953868,parent - child,734
Q4741023,Q5953868,grandparent - child,734
Q5949715,Q5955748,parent - child,4301
Q633447,Q5956650,parent - child,5811
Q466942,Q5957447,parent - child,3328
Q3093503,Q5957447,parent - child,3328
Q5939840,Q5957489,parent - child,5439
Q2423005,Q5959626,parent - child,1106
Q1442192,Q5959626,parent - child,1106
Q38823,Q5960285,parent - child,100
Q308269,Q5960634,parent - child,69
Q14747,Q5860270,parent - child,1703
Q450995,Q5863138,parent - child,4227
Q2419984,Q5868452,parent - child,2342
Q16105522,Q5868696,parent - child,6115
Q110403501,Q5872246,parent - child,5253
Q214473,Q5873580,parent - child,4557
Q2637050,Q5873580,parent - child,4557
Q5938670,Q5873666,parent - child,5314
Q157326,Q5878660,parent - child,3208
Q132479,Q5881244,parent - child,2575
Q42897667,Q5928810,parent - child,883
Q16649605,Q5931017,parent - child,1465
Q5875972,Q5875974,parent - child,5201
Q456216,Q5882210,parent - child,1012
Q5791441,Q5791447,parent - child,124
Q8202028,Q5798376,parent - child,4858
Q3430262,Q5798449,parent - child,3723
Q5896107,Q5995504,parent - child,5373
Q5752570,Q5997214,parent - child,3297
Q6097375,Q5997280,parent - child,745
Q3514230,Q5997406,parent - child,3148
Q335,Q5997406,parent - child,3148
Q4711933,Q5998187,parent - child,5181
Q235421,Q5998319,parent - child,2903
Q3176413,Q5998319,parent - child,2903
Q16599806,Q5998811,parent - child,381
Q1398697,Q5999630,parent - child,2240
Q152437,Q5999630,grandparent - child,2240
Q469198,Q6001629,parent - child,776
Q43303,Q6001629,parent - child,776
Q654177,Q6003184,parent - child,533
Q447374,Q6003398,parent - child,3655
Q2857318,Q6003952,parent - child,1865
Q235398,Q6003952,parent - child,1865
Q111010329,Q5943987,parent - child,3409
Q19285477,Q5944264,parent - child,1202
Q6279,Q5944264,parent - child,1202
Q5934911,Q5945581,parent - child,72
Q6783877,Q5946433,parent - child,10
Q4701619,Q5947264,parent - child,6084
Q5957136,Q5949333,parent - child,2568
Q4695779,Q5949518,parent - child,4371
Q5943700,Q5949948,parent - child,4477
Q845542,Q5950001,parent - child,2165
Q3101208,Q5950718,parent - child,902
Q5565125,Q5950718,parent - child,902
Q311160,Q5950909,parent - child,876
Q3046401,Q5951001,parent - child,2609
Q443777,Q5951802,parent - child,4402
Q5716843,Q5952567,parent - child,5964
Q360665,Q5961434,parent - child,5940
Q22812671,Q5966226,parent - child,4759
Q3352137,Q5969883,parent - child,4988
Q3352137,Q5969887,parent - child,4988
Q462422,Q5970016,parent - child,4058
Q1398058,Q5972114,parent - child,4824
Q4345748,Q5972979,parent - child,526
Q728985,Q5974124,parent - child,2894
Q275358,Q5974124,parent - child,2894
Q107309769,Q6044788,parent - child,1976
Q6083614,Q6050155,parent - child,380
Q57539,Q6054733,parent - child,3884
Q5664182,Q6004191,parent - child,2933
Q5478697,Q6004191,parent - child,2933
Q6003761,Q6004532,parent - child,5583
Q5921242,Q6004610,parent - child,391
Q5936628,Q6004897,parent - child,1307
Q371088,Q6006123,parent - child,4507
Q4979708,Q6006123,parent - child,4507
Q5738668,Q6007546,parent - child,4971
Q157326,Q6014209,parent - child,3208
Q3112643,Q6055883,parent - child,5129
Q48381283,Q6056154,parent - child,2158
Q83484,Q6059631,parent - child,5333
Q83484,Q6059669,parent - child,5333
Q1741956,Q6060046,parent - child,989
Q6021707,Q6061291,parent - child,5481
Q6064056,Q6064048,parent - child,6257
Q1628810,Q6066032,parent - child,313
Q876778,Q6068804,parent - child,4289
Q285536,Q6069124,parent - child,2121
Q1463,Q6069124,parent - child,2121
Q4115047,Q6069282,parent - child,3284
Q3049517,Q5976225,parent - child,3134
Q2036305,Q5976225,parent - child,3134
Q454200,Q5976666,parent - child,2620
Q5284870,Q5976701,parent - child,905
Q72984,Q5976701,parent - child,905
Q5977556,Q5977552,parent - child,4662
Q11875562,Q5979817,parent - child,286
Q168041,Q5981051,parent - child,3557
Q5300714,Q5981237,parent - child,3159
Q616800,Q5982210,parent - child,2508
Q543107,Q5984756,parent - child,1935
Q6096577,Q6096570,parent - child,2585
Q5740007,Q6096857,parent - child,4141
Q14920892,Q6097047,parent - child,4855
Q105886038,Q6098223,parent - child,660
Q5340573,Q6099535,parent - child,2592
Q5642092,Q6100355,parent - child,766
Q592686,Q6101178,parent - child,954
Q7299812,Q6101329,parent - child,186
Q16106626,Q6104942,parent - child,3178
Q90762834,Q6014402,parent - child,2906
Q5553507,Q6016489,parent - child,1047
Q5085312,Q6017203,parent - child,6149
Q6017004,Q6017761,parent - child,2684
Q5991717,Q6017761,parent - child,2684
Q3068321,Q6018302,parent - child,4219
Q6019154,Q6019238,parent - child,4109
Q4989823,Q6019238,parent - child,4109
Q6022617,Q6022626,parent - child,3483
Q1040407,Q6024858,parent - child,3411
Q47421733,Q6132346,parent - child,1171
Q214367,Q6132346,parent - child,1171
Q16582226,Q5983547,parent - child,6132
Q11670208,Q5986173,parent - child,820
Q11480352,Q5986173,parent - child,820
Q11428532,Q5986305,parent - child,2151
Q1351128,Q5988993,parent - child,3998
Q1818862,Q5988993,grandparent - child,3998
Q695099,Q5989692,parent - child,993
Q12789282,Q5991206,parent - child,6192
Q16129694,Q5991279,parent - child,2810
Q16145456,Q5992110,parent - child,3593
Q5992188,Q5992185,parent - child,1157
Q3820026,Q5992992,parent - child,3585
Q360758,Q5993705,parent - child,3058
Q9065910,Q5994332,parent - child,2696
Q5392202,Q6038462,parent - child,880
Q6067217,Q6039314,parent - child,669
Q2909738,Q6042202,parent - child,5956
Q664097,Q6043164,parent - child,3682
Q16095872,Q6043164,grandparent - child,3682
Q16300117,Q6069855,parent - child,3173
Q6070720,Q6070717,parent - child,593
Q2842838,Q6070735,parent - child,3804
Q6291917,Q6071723,parent - child,337
Q206439,Q6076469,parent - child,3180
Q230499,Q6077732,parent - child,197
Q129268202,Q6026742,parent - child,2201
Q6027985,Q6026742,parent - child,2201
Q6030373,Q6030999,parent - child,329
Q76450664,Q6033252,parent - child,1974
Q6033589,Q6033524,parent - child,1519
Q5042426,Q6035736,parent - child,5773
Q792887,Q6035765,parent - child,4602
Q6006839,Q6036192,parent - child,710
Q6212274,Q6106148,parent - child,4225
Q6212003,Q6106781,parent - child,3460
Q2857264,Q6108054,parent - child,1333
Q5065409,Q6108596,parent - child,4928
Q16408051,Q6109557,parent - child,1719
Q5992188,Q6109761,parent - child,1157
Q2593867,Q6110020,parent - child,1830
Q1707878,Q6110554,parent - child,6033
Q116059,Q6110723,parent - child,3308
Q3645440,Q6110899,parent - child,66
Q9012015,Q6111053,parent - child,472
Q19754264,Q6112611,parent - child,3050
Q697939,Q6112826,parent - child,2812
Q705630,Q6113690,parent - child,478
Q7823380,Q6115074,parent - child,2012
Q3528264,Q6118099,parent - child,3395
Q5079027,Q6118099,parent - child,3395
Q216943,Q6119696,parent - child,2599
Q20748116,Q6119696,parent - child,2599
Q6143837,Q6077768,parent - child,2589
Q7286063,Q6079899,parent - child,818
Q6986807,Q6079899,parent - child,818
Q3595475,Q6080395,parent - child,3530
Q5415065,Q6149019,parent - child,4517
Q47482816,Q6150072,parent - child,3846
Q154594,Q6152540,parent - child,2581
Q1819052,Q6153666,parent - child,548
Q55415757,Q6181472,parent - child,2982
Q4864400,Q6181619,parent - child,5809
Q2916247,Q6181929,parent - child,562
Q7461139,Q6183402,parent - child,3371
Q313896,Q6183563,parent - child,1794
Q366044,Q6186155,parent - child,5902
Q561596,Q6186225,parent - child,5325
Q1282910,Q6186681,parent - child,3594
Q243550,Q6085044,parent - child,2710
Q4976061,Q6085194,parent - child,1282
Q47501639,Q6086403,parent - child,1140
Q16633397,Q6087710,parent - child,3092
Q3439669,Q6089393,parent - child,4323
Q6090688,Q6090783,parent - child,5152
Q4907661,Q6094606,parent - child,2312
Q11890801,Q6094606,grandparent - child,2312
Q4977086,Q6094705,parent - child,5538
Q7382903,Q6120166,parent - child,4787
Q251123,Q6121047,parent - child,5357
Q6123960,Q6123664,parent - child,627
Q1089193,Q6124175,parent - child,4257
Q5752677,Q6124394,parent - child,707
Q215919,Q6124550,parent - child,6138
Q5727455,Q6126874,parent - child,5060
Q2527087,Q6128577,parent - child,1715
Q18816515,Q6140541,parent - child,6100
Q4916316,Q6141435,parent - child,3479
Q2390498,Q6142528,parent - child,4394
Q2300189,Q6142573,parent - child,3713
Q731680,Q6142617,parent - child,4506
Q92638502,Q6152456,parent - child,1581
Q6153668,Q6153670,parent - child,361
Q17341651,Q6153756,parent - child,3161
Q65187741,Q6154316,parent - child,2347
Q3656326,Q6154412,parent - child,3486
Q11880415,Q6155077,parent - child,1900
Q2911403,Q6157634,parent - child,2662
Q6611891,Q6157634,parent - child,2662
Q7358463,Q6159535,parent - child,0
Q957627,Q6160487,parent - child,2027
Q33851790,Q6160821,parent - child,2101
Q963117,Q6161028,parent - child,6062
Q5379661,Q6161517,parent - child,65
Q6818179,Q6161517,parent - child,65
Q238774,Q6161563,parent - child,2089
Q57360,Q6161563,parent - child,2089
Q3183784,Q6165410,parent - child,2302
Q273129,Q6165416,parent - child,5137
Q454364,Q6166367,parent - child,1301
Q4355654,Q6166367,parent - child,1301
Q553264,Q6167323,parent - child,4793
Q4699805,Q6167558,parent - child,3577
Q319824,Q6167558,grandparent - child,3577
Q6222866,Q6130125,parent - child,4722
Q796479,Q6131177,parent - child,6063
Q2578788,Q6143987,parent - child,5131
Q7332180,Q6167377,parent - child,4048
Q5902148,Q6168063,parent - child,2001
Q58812876,Q6169248,parent - child,5704
Q162708,Q6170003,parent - child,3242
Q16107027,Q6170830,parent - child,3902
Q7668384,Q6172996,parent - child,1602
Q432069,Q6173393,parent - child,197
Q230499,Q6173393,grandparent - child,197
Q1749068,Q6173664,parent - child,5087
Q1345556,Q6173817,parent - child,4266
Q5496569,Q6175275,parent - child,16
Q239307,Q6212566,parent - child,4320
Q16104694,Q6215167,parent - child,701
Q27058276,Q6216250,parent - child,1759
Q27058632,Q6216250,parent - child,1759
Q968708,Q6216745,parent - child,3407
Q4943663,Q6216745,parent - child,3407
Q8079354,Q6187562,parent - child,3968
Q12328832,Q6187841,parent - child,844
Q6190583,Q6190587,parent - child,2100
Q4980893,Q6193195,parent - child,1363
Q6193037,Q6193195,parent - child,1363
Q2829309,Q6194009,parent - child,3506
Q6194796,Q6196230,parent - child,1606
Q6197989,Q6197998,parent - child,5235
Q714117,Q6198465,parent - child,3266
Q6199184,Q6199202,parent - child,4508
Q6195484,Q6200312,parent - child,1325
Q4956744,Q6202084,parent - child,3959
Q5961437,Q6202084,parent - child,3959
Q6381623,Q6203078,parent - child,2526
Q15223546,Q6203171,parent - child,655
Q50368778,Q6203254,parent - child,1654
Q6204475,Q6204338,parent - child,4714
Q238774,Q6204478,parent - child,2089
Q57360,Q6204478,parent - child,2089
Q49074,Q6227066,parent - child,2070
Q75267062,Q6227630,parent - child,5044
Q6228873,Q6228856,parent - child,743
Q4977233,Q6228856,parent - child,743
Q1761616,Q6228896,parent - child,743
Q6228856,Q6228896,parent - child,743
Q6228873,Q6228896,grandparent - child,743
Q4977233,Q6228896,grandparent - child,743
Q1761616,Q6228904,parent - child,743
Q6228856,Q6228904,parent - child,743
Q6228873,Q6228904,grandparent - child,743
Q4977233,Q6228904,grandparent - child,743
Q6418533,Q6230322,parent - child,3716
Q319099,Q6230322,parent - child,3716
Q460474,Q6175882,parent - child,2366
Q41421,Q6176081,parent - child,2943
Q6771749,Q6176320,parent - child,674
Q114899566,Q6176403,parent - child,687
Q40512,Q6176403,parent - child,687
Q5359194,Q6176547,parent - child,4175
Q380154,Q6176547,parent - child,4175
Q7185681,Q6177163,parent - child,926
Q1586454,Q6177272,parent - child,3705
Q505946,Q6177272,grandparent - child,3705
Q465629,Q6177912,parent - child,3275
Q1299302,Q6177912,parent - child,3275
Q6178328,Q6178320,parent - child,2712
Q1725378,Q6178966,parent - child,824
Q3012489,Q6179417,parent - child,2811
Q56678614,Q6240065,parent - child,838
Q61831200,Q6240065,parent - child,838
Q93526,Q6219867,parent - child,935
Q6219860,Q6219867,parent - child,935
Q962932,Q6222299,parent - child,2233
Q155279,Q6222299,grandparent - child,2233
Q468661,Q6222299,parent - child,2233
Q15054526,Q6204863,parent - child,2447
Q7804455,Q6206804,parent - child,4319
Q40904,Q6207234,parent - child,2313
Q1369074,Q6207875,parent - child,2477
Q16114174,Q6208799,parent - child,5143
Q3180071,Q6209978,parent - child,2306
Q532545,Q6210603,parent - child,4483
Q6211865,Q6210603,grandparent - child,4483
Q449195,Q6211133,parent - child,4721
Q4993396,Q6211184,parent - child,1862
Q665850,Q6211184,parent - child,1862
Q213122,Q6234882,parent - child,605
Q9582,Q6234882,parent - child,605
Q6252124,Q6252092,parent - child,130
Q706560,Q6246094,parent - child,5458
Q18926769,Q6246683,parent - child,1574
Q2557801,Q6246683,parent - child,1574
Q6152541,Q6247018,parent - child,3143
Q4756416,Q6223110,parent - child,4860
Q177853,Q6223647,parent - child,15
Q180962,Q6223795,parent - child,1009
Q930069,Q6223795,parent - child,1009
Q5512134,Q6224764,parent - child,4560
Q656605,Q6306681,parent - child,4623
Q15490617,Q6306998,parent - child,543
Q348351,Q6308089,parent - child,1880
Q171526,Q6308647,parent - child,1482
Q686678,Q6309410,parent - child,5213
Q5955817,Q6309546,parent - child,5853
Q698512,Q6311201,parent - child,1061
Q22368,Q6311201,parent - child,1061
Q7818347,Q6313483,parent - child,2936
Q3287238,Q6316177,parent - child,3228
Q954681,Q6316177,parent - child,3228
Q313185,Q6317823,parent - child,2076
Q6187845,Q6318223,parent - child,2884
Q5546637,Q6265300,parent - child,214
Q3442206,Q6272458,parent - child,6197
Q310586,Q6273473,parent - child,5238
Q259961,Q6274861,parent - child,417
Q10363441,Q6278564,parent - child,5883
Q5195685,Q6278867,parent - child,5230
Q2123191,Q6278867,parent - child,5230
Q6323584,Q6279404,parent - child,1902
Q1704109,Q6279455,parent - child,4604
Q1354827,Q6280226,parent - child,3587
Q1700152,Q6282825,parent - child,2292
Q6247949,Q6247947,parent - child,2463
Q6248272,Q6248285,parent - child,108
Q7816862,Q6248320,parent - child,2833
Q11719565,Q6250468,parent - child,3799
Q4767446,Q6255591,parent - child,2002
Q6255950,Q6255956,parent - child,3484
Q4991086,Q6256010,parent - child,5930
Q29549801,Q6256167,parent - child,6170
Q5727995,Q6256639,parent - child,3678
Q6256801,Q6256794,parent - child,3545
Q4991148,Q6257453,parent - child,2850
Q1459540,Q6260682,parent - child,4492
Q5531363,Q6397046,parent - child,3104
Q7660321,Q6399510,parent - child,3528
Q235305,Q6404568,parent - child,64
Q193645,Q6404568,parent - child,64
Q53331,Q6408320,parent - child,2013
Q2648928,Q6408346,parent - child,5622
Q24007468,Q6409751,parent - child,236
Q16492723,Q6412291,parent - child,1190
Q6286109,Q6280908,parent - child,4236
Q2827781,Q6285862,parent - child,4710
Q1432143,Q6286391,parent - child,1374
Q2890635,Q6286788,parent - child,3375
Q1341343,Q6288577,parent - child,2780
Q6928315,Q6261687,parent - child,118
Q33168,Q6323498,parent - child,183
Q6323804,Q6323801,parent - child,2847
Q5593304,Q6332502,parent - child,3179
Q3522642,Q6344147,parent - child,3926
Q6350337,Q6350742,parent - child,41
Q4751386,Q6352693,parent - child,2423
Q5092831,Q6352693,grandparent - child,2423
Q71321,Q6353649,parent - child,5158
Q30093281,Q6356968,parent - child,3277
Q912931,Q6369963,parent - child,2577
Q241609,Q6370170,parent - child,2625
Q19673,Q6370170,parent - child,2625
Q577160,Q6370170,grandparent - child,2625
Q17381913,Q6416041,parent - child,2203
Q16403119,Q6418734,parent - child,2705
Q86732,Q6425396,parent - child,202
Q469507,Q6426284,parent - child,4856
Q12958129,Q6432260,parent - child,339
Q3497271,Q6434601,parent - child,878
Q57434,Q6434601,parent - child,878
Q2578566,Q6435140,parent - child,5205
Q5617050,Q6437339,parent - child,723
Q5300478,Q6437678,parent - child,3617
Q4585283,Q6438398,parent - child,2339
Q677439,Q6438563,parent - child,1867
Q258115,Q6439494,parent - child,2164
Q3632712,Q6443482,parent - child,3903
Q2757507,Q6443634,parent - child,1989
Q3869128,Q6445310,parent - child,4660
Q3531753,Q6449494,parent - child,5375
Q19885682,Q6449504,parent - child,2569
Q104303,Q6449504,parent - child,2569
Q105955220,Q6492789,parent - child,6161
Q516013,Q6495014,parent - child,4247
Q10748975,Q6498898,parent - child,1429
Q1546121,Q6499049,parent - child,5974
Q17381758,Q6499092,parent - child,3856
Q913403,Q6499342,parent - child,4644
Q6212003,Q6499357,parent - child,3460
Q106818929,Q6509064,parent - child,4012
Q211094,Q6509266,parent - child,3469
Q1225832,Q6509367,parent - child,2377
Q3758529,Q6514524,parent - child,4370
Q5496644,Q6514788,parent - child,1537
Q335557,Q6515794,parent - child,4550
Q7123081,Q6291762,parent - child,1471
Q10268077,Q6298260,parent - child,3892
Q470732,Q6298789,parent - child,131
Q7351882,Q6299395,parent - child,4306
Q472623,Q6299782,parent - child,1018
Q165096,Q6299782,parent - child,1018
Q131045,Q6299782,grandparent - child,1018
Q57287,Q6299782,grandparent - child,1018
Q2347235,Q6300652,parent - child,5017
Q26015435,Q6301035,parent - child,1894
Q5515787,Q6301568,parent - child,3302
Q4934206,Q6303701,parent - child,6018
Q644212,Q6303701,parent - child,6018
Q64518417,Q6304587,parent - child,5155
Q3635980,Q6305121,parent - child,2799
Q3595480,Q6305121,parent - child,2799
Q95087600,Q6438503,parent - child,1364
Q9324613,Q6440112,parent - child,3010
Q9341650,Q6440240,parent - child,5696
Q962794,Q6451271,parent - child,2979
Q1857407,Q6451434,parent - child,5305
Q3543654,Q6451637,parent - child,2394
Q1908456,Q6451905,parent - child,6059
Q2918125,Q6453890,parent - child,5247
Q6456366,Q6456367,parent - child,5463
Q8454822,Q6457181,parent - child,2584
Q6047198,Q6457181,parent - child,2584
Q16658310,Q6469779,parent - child,5085
Q336947,Q6470392,parent - child,4215
Q5571314,Q6557825,parent - child,1068
Q191037,Q6558085,parent - child,1169
Q112054585,Q6558727,parent - child,1621
Q5220799,Q6565520,parent - child,1706
Q982184,Q6575160,parent - child,6198
Q2890045,Q6578072,parent - child,2357
Q6782840,Q6578300,parent - child,2716
Q6579893,Q6580581,parent - child,4600
Q183679,Q6580896,parent - child,4443
Q13021291,Q6581650,parent - child,2228
Q1089410,Q6581650,parent - child,2228
Q855252,Q6581650,grandparent - child,2228
Q164518,Q6581650,grandparent - child,2228
Q6040736,Q6581805,parent - child,2245
Q27147112,Q6581941,parent - child,203
Q5213931,Q6685014,parent - child,3384
Q123904,Q6687011,parent - child,4932
Q6687272,Q6687392,parent - child,1696
Q18285,Q6687392,parent - child,1696
Q48774,Q6688761,parent - child,3766
Q217787,Q6688761,parent - child,3766
Q11995244,Q6491613,parent - child,2646
Q4960814,Q6491613,parent - child,2646
Q2167832,Q6475044,parent - child,860
Q3635516,Q6479877,parent - child,4419
Q329944,Q6483492,parent - child,3106
Q77969,Q6488358,parent - child,174
Q4891452,Q6488591,parent - child,1450
Q1658960,Q6490227,parent - child,5635
Q5672027,Q6491045,parent - child,6204
Q3445234,Q6491523,parent - child,484
Q4953249,Q6491638,parent - child,3562
Q4581680,Q6491638,parent - child,3562
Q6782840,Q6585920,parent - child,2716
Q328515,Q6586641,parent - child,930
Q102318167,Q6586641,parent - child,930
Q7045716,Q6587445,parent - child,1601
Q2911015,Q6601994,parent - child,3601
Q11439098,Q6604704,parent - child,946
Q6604644,Q6604704,parent - child,946
Q15078636,Q6607430,parent - child,841
Q467172,Q6607430,parent - child,841
Q6583688,Q6619424,parent - child,4137
Q6906555,Q6628012,parent - child,877
Q2778068,Q6631454,parent - child,2929
Q28925533,Q6373315,parent - child,1711
Q3595821,Q6373563,parent - child,2498
Q325470,Q6373563,parent - child,2498
Q665768,Q6374151,parent - child,2582
Q9201946,Q6375210,parent - child,5565
Q212873,Q6375357,parent - child,1361
Q730110,Q6375357,grandparent - child,1361
Q111074,Q6375357,parent - child,1361
Q107506378,Q6376025,parent - child,5422
Q1151854,Q6376242,parent - child,2531
Q435203,Q6376242,grandparent - child,2531
Q1605571,Q6376242,grandparent - child,2531
Q6182600,Q6376648,parent - child,281
Q724121,Q6376665,parent - child,3787
Q4894292,Q6376665,parent - child,3787
Q31073,Q6377209,parent - child,2770
Q516390,Q6377336,parent - child,3455
Q6106183,Q6377526,parent - child,689
Q15513587,Q6377572,parent - child,913
Q310493,Q6377572,parent - child,913
Q160717,Q6377978,parent - child,5226
Q3535919,Q6378002,parent - child,4886
Q430806,Q6379424,parent - child,4873
Q20107439,Q6637991,parent - child,6025
Q27063718,Q6640535,parent - child,4163
Q47201955,Q6640798,parent - child,4013
Q1247114,Q6641772,parent - child,326
Q13023300,Q6641772,parent - child,326
Q6815376,Q6642081,parent - child,2414
Q446653,Q6650108,parent - child,1599
Q930013,Q6658829,parent - child,1441
Q563765,Q6658829,parent - child,1441
Q7014545,Q6659897,parent - child,1357
Q6743079,Q6522082,parent - child,1832
Q3065508,Q6526251,parent - child,2728
Q3242826,Q6535108,parent - child,229
Q7206061,Q6696590,parent - child,1535
Q12411249,Q6696590,parent - child,1535
Q9640,Q6696598,parent - child,613
Q233648,Q6696598,parent - child,613
Q241807,Q6698216,parent - child,2946
Q25161,Q6698263,parent - child,733
Q191027,Q6698263,parent - child,733
Q3076743,Q6698284,parent - child,4573
Q7816256,Q6698540,parent - child,3182
Q7651466,Q6698548,parent - child,2097
Q437752,Q6698548,parent - child,2097
Q354033,Q6698552,parent - child,3714
Q6764658,Q6700117,parent - child,2166
Q14941966,Q6700399,parent - child,1045
Q715566,Q6380448,parent - child,3984
Q1390152,Q6381114,parent - child,2091
Q5667783,Q6382384,parent - child,2835
Q1333841,Q6384659,parent - child,2242
Q7686509,Q6385310,parent - child,5324
Q6200824,Q6385650,parent - child,3881
Q1798732,Q6385930,parent - child,4772
Q125994101,Q6386648,parent - child,3603
Q3830005,Q6388860,parent - child,1671
Q133040,Q6389326,parent - child,3165
Q265813,Q6389326,parent - child,3165
Q3017571,Q6389897,parent - child,2815
Q7328828,Q6390498,parent - child,5270
Q6390562,Q6390561,parent - child,3942
Q6778062,Q6390956,parent - child,3569
Q28739750,Q6392969,parent - child,5557
Q1739295,Q6394075,parent - child,2086
Q720315,Q6395313,parent - child,392
Q7424124,Q6395418,parent - child,819
Q6396364,Q6396365,parent - child,5551
Q6971475,Q6777725,parent - child,2846
Q538633,Q6779910,parent - child,1851
Q335153,Q6779977,parent - child,1913
Q318506,Q6744182,parent - child,2573
Q22132975,Q6744189,parent - child,3706
Q440604,Q6744276,parent - child,4863
Q4739210,Q6745457,parent - child,3107
Q483517,Q6747264,parent - child,297
Q6747782,Q6747792,parent - child,298
Q126957,Q6747959,parent - child,2427
Q2531955,Q6747959,grandparent - child,2427
Q215311,Q6748293,parent - child,4610
Q7117165,Q6748401,parent - child,3095
Q3273893,Q6748401,grandparent - child,3095
Q7213269,Q6749446,parent - child,1833
Q7222823,Q6749446,grandparent - child,1833
Q12403581,Q6749868,parent - child,4906
Q93226511,Q6749868,parent - child,4906
Q6437372,Q6750446,parent - child,1701
Q7041094,Q6751081,parent - child,1905
Q3635516,Q6751191,parent - child,4419
Q56884665,Q6752589,parent - child,2443
Q432316,Q6755876,parent - child,813
Q1685833,Q6755887,parent - child,5669
Q60197487,Q6755984,parent - child,4842
Q4852623,Q6756617,parent - child,5377
Q552957,Q6757236,parent - child,1784
Q6752929,Q6757939,parent - child,979
Q16130865,Q6653600,parent - child,1593
Q12411731,Q6663918,parent - child,2721
Q310932,Q6668408,parent - child,3658
Q4120092,Q6669035,parent - child,626
Q217167,Q6669035,parent - child,626
Q2748654,Q6670069,parent - child,4539
Q7057620,Q6673995,parent - child,791
Q1293776,Q6677965,parent - child,3932
Q7240707,Q6678907,parent - child,2382
Q56884665,Q6700604,parent - child,2443
Q6701198,Q6701032,parent - child,1358
Q867916,Q6701444,parent - child,5663
Q6792746,Q6702320,parent - child,1899
Q370747,Q6702320,parent - child,1899
Q7228701,Q6706095,parent - child,2513
Q3595242,Q6706095,parent - child,2513
Q9640,Q6708532,parent - child,613
Q233648,Q6708532,parent - child,613
Q304828,Q6708962,parent - child,3052
Q1512329,Q6712734,parent - child,4741
Q5006501,Q6712766,parent - child,3619
Q42041216,Q6716864,parent - child,759
Q6761962,Q6717426,parent - child,244
Q649596,Q6720748,parent - child,1094
Q12405656,Q6721826,parent - child,432
Q27972272,Q6722561,parent - child,5192
Q3522642,Q6727242,parent - child,3926
Q11159236,Q6727486,parent - child,4614
Q3357143,Q6728713,parent - child,2196
Q317095,Q6537563,parent - child,1248
Q2746271,Q6547616,parent - child,58
Q5945711,Q6547616,parent - child,58
Q26250860,Q6550090,parent - child,2325
Q1674354,Q6550891,parent - child,2214
Q2900128,Q6552212,parent - child,370
Q1175220,Q6554413,parent - child,4144
Q47582135,Q6551575,parent - child,988
Q15982559,Q6781082,parent - child,1371
Q134068,Q6781082,parent - child,1371
Q8076665,Q6782043,parent - child,815
Q6004216,Q6782141,parent - child,998
Q496842,Q6783126,parent - child,4593
Q7561699,Q6783614,parent - child,6043
Q2300153,Q6784428,parent - child,1217
Q12022177,Q6784725,parent - child,5655
Q6756846,Q6788652,parent - child,2401
Q596953,Q6789333,parent - child,1252
Q3199788,Q6791008,parent - child,2109
Q457657,Q6791008,grandparent - child,2109
Q3530742,Q6791008,grandparent - child,2109
Q1385100,Q6791051,parent - child,4493
Q7213239,Q6759747,parent - child,1317
Q7822604,Q6760899,parent - child,928
Q2915420,Q6761187,parent - child,3175
Q11728055,Q6761466,parent - child,2844
Q870799,Q6763318,parent - child,2126
Q4559570,Q6763318,parent - child,2126
Q181383,Q6763863,parent - child,1010
Q7531880,Q6763863,parent - child,1010
Q7147836,Q6730369,parent - child,1808
Q6572985,Q6730643,parent - child,2462
Q12403452,Q6731219,parent - child,3214
Q4990311,Q6731716,parent - child,2503
Q447067,Q6732198,parent - child,4418
Q278403,Q6733938,parent - child,1089
Q1888870,Q6735156,parent - child,2297
Q19018902,Q6737336,parent - child,3128
Q2910768,Q6817563,parent - child,4989
Q1193187,Q6828044,parent - child,3993
Q661587,Q6828226,parent - child,30
Q2156934,Q6829989,parent - child,1922
Q6830164,Q6830166,parent - child,2875
Q693635,Q6830410,parent - child,2122
Q213122,Q6830581,parent - child,605
Q9582,Q6830581,parent - child,605
Q4909450,Q6831178,parent - child,1547
Q12405834,Q6832125,parent - child,3493
Q2908394,Q6832937,parent - child,3843
Q6843250,Q6832937,parent - child,3843
Q888636,Q6833204,parent - child,3731
Q95055,Q6833765,parent - child,2791
Q9960,Q6833765,parent - child,2791
Q17488217,Q6791810,parent - child,4796
Q6266309,Q6792646,parent - child,2517
Q6899102,Q6792738,parent - child,2131
Q95055,Q6792754,parent - child,2791
Q9960,Q6792754,parent - child,2791
Q17402716,Q6794023,parent - child,3450
Q3483318,Q6794591,parent - child,889
Q1602929,Q6794839,parent - child,3662
Q440490,Q6795248,parent - child,1040
Q467744,Q6795248,parent - child,1040
Q96067198,Q6796684,parent - child,1855
Q3481755,Q6796702,parent - child,2022
Q5520204,Q6796853,parent - child,5643
Q11765716,Q6799370,parent - child,5850
Q336253,Q6800406,parent - child,5644
Q9016411,Q6800406,parent - child,5644
Q12404149,Q6801518,parent - child,5563
Q15078636,Q6802367,parent - child,841
Q467172,Q6802367,parent - child,841
Q690271,Q6997756,parent - child,1875
Q16132232,Q6999950,parent - child,3158
Q12403452,Q7001644,parent - child,3214
Q55439674,Q7005756,parent - child,4701
Q70162,Q7008318,parent - child,1449
Q4393880,Q7008318,parent - child,1449
Q12403384,Q7009930,parent - child,1924
Q47201955,Q7014238,parent - child,4013
Q184435,Q7019771,parent - child,4939
Q8051256,Q7020791,parent - child,837
Q737762,Q7021376,parent - child,2547
Q372591,Q7022783,parent - child,1269
Q6726319,Q7022783,parent - child,1269
Q2901240,Q7022859,parent - child,713
Q10799520,Q7022980,parent - child,1761
Q2890060,Q7023152,parent - child,1235
Q327319,Q7024847,parent - child,5013
Q3595307,Q6807612,parent - child,188
Q6095720,Q6809265,parent - child,2773
Q186111,Q6809317,parent - child,1160
Q5953339,Q6809317,parent - child,1160
Q16465130,Q6810704,parent - child,1167
Q240933,Q6812865,parent - child,5571
Q6753303,Q6813593,parent - child,5614
Q267335,Q6901479,parent - child,1886
Q18759748,Q6902422,parent - child,374
Q7499639,Q6903496,parent - child,3632
Q4393880,Q6903645,parent - child,1449
Q23023469,Q6905753,parent - child,2737
Q126957898,Q6907126,parent - child,3057
Q7129208,Q6911763,parent - child,5856
Q209186,Q6911763,parent - child,5856
Q9339540,Q6915324,parent - child,4884
Q57410,Q6915324,parent - child,4884
Q6769139,Q6915452,parent - child,2783
Q7117165,Q6918852,parent - child,3095
Q3273893,Q6918852,grandparent - child,3095
Q6869310,Q6920869,parent - child,5223
Q18192203,Q6922270,parent - child,5639
Q7857144,Q6924110,parent - child,5032
Q7053069,Q6929960,parent - child,5839
Q16132034,Q6929960,grandparent - child,5839
Q4381410,Q6931999,parent - child,1959
Q4832163,Q6931999,parent - child,1959
Q6153522,Q6933076,parent - child,3997
Q57274,Q6933076,parent - child,3997
Q20984516,Q6933077,parent - child,4936
Q181383,Q6933490,parent - child,1010
Q7531880,Q6933490,parent - child,1010
Q20918648,Q6933647,parent - child,728
Q121122,Q6933647,parent - child,728
Q7117165,Q6935530,parent - child,3095
Q3273893,Q6935530,grandparent - child,3095
Q57298,Q6943650,parent - child,6235
Q6118412,Q6764570,parent - child,2021
Q315321,Q6766471,parent - child,5745
Q1376957,Q6766544,parent - child,4612
Q2279367,Q6766553,parent - child,874
Q959830,Q6767149,parent - child,3386
Q869751,Q6767411,parent - child,3895
Q1739295,Q6769499,parent - child,2086
Q317248,Q6769708,parent - child,854
Q272908,Q6769708,parent - child,854
Q7332180,Q6770477,parent - child,4048
Q385498,Q6774067,parent - child,869
Q12032940,Q6774435,parent - child,4601
Q7614135,Q6774582,parent - child,2150
Q716047,Q6775988,parent - child,3219
Q1000366,Q6776382,parent - child,5561
Q3321277,Q6776640,parent - child,6117
Q45741308,Q6776680,parent - child,2309
Q7319330,Q6834934,parent - child,3014
Q27058276,Q6835617,parent - child,1759
Q27058632,Q6835617,parent - child,1759
Q17486036,Q6836447,parent - child,2603
Q86006802,Q6836685,parent - child,3863
Q6625452,Q6843612,parent - child,872
Q4977100,Q6845925,parent - child,2524
Q968798,Q6846151,parent - child,4407
Q6131034,Q6846261,parent - child,5257
Q317842,Q6847629,parent - child,4923
Q2337691,Q6847779,parent - child,2755
Q5229913,Q6848926,parent - child,1098
Q240566,Q6849057,parent - child,1272
Q269907,Q6850757,parent - child,1428
Q363691,Q6851522,parent - child,4985
Q118725,Q6852608,parent - child,1137
Q12180950,Q6852608,parent - child,1137
Q605745,Q6852822,parent - child,1852
Q6017961,Q6853506,parent - child,1575
Q6958769,Q6938426,parent - child,1227
Q4790616,Q6938426,parent - child,1227
Q5075499,Q6939122,parent - child,2617
Q3759416,Q6939653,parent - child,4092
Q20502518,Q6940081,parent - child,4029
Q605745,Q6945723,parent - child,1852
Q110246660,Q6947768,parent - child,1981
Q12404632,Q6949488,parent - child,5231
Q302910,Q6951143,parent - child,5340
Q3026288,Q6957563,parent - child,1820
Q6386808,Q6958125,parent - child,1580
Q3345031,Q6958274,parent - child,5234
Q278980,Q6958274,grandparent - child,5234
Q498314,Q6960234,parent - child,1552
Q11365365,Q6960234,grandparent - child,1552
Q12787757,Q6961501,parent - child,3292
Q75612,Q6962365,parent - child,4789
Q808685,Q6962436,parent - child,2919
Q5359194,Q6962562,parent - child,4175
Q380154,Q6962562,parent - child,4175
Q12403393,Q6962727,parent - child,1116
Q57352,Q6967647,parent - child,4877
Q309650,Q6967647,grandparent - child,4877
Q4771483,Q7087640,parent - child,1133
Q465004,Q7087663,parent - child,825
Q5046240,Q7088056,parent - child,6245
Q937062,Q7088231,parent - child,5066
Q4059060,Q7089644,parent - child,3786
Q190071,Q7089644,grandparent - child,3786
Q12033415,Q7092241,parent - child,3570
Q40217135,Q7094394,parent - child,1963
Q220944,Q7101558,parent - child,3791
Q2909741,Q7103504,parent - child,3285
Q17386474,Q7105275,parent - child,3535
Q1250274,Q7108767,parent - child,3264
Q12404632,Q7025522,parent - child,5231
Q1619015,Q7026764,parent - child,2750
Q117464788,Q7027005,parent - child,5782
Q7298103,Q7027920,parent - child,4007
Q582442,Q7028574,parent - child,2113
Q7372990,Q7032760,parent - child,2935
Q12256326,Q7035412,parent - child,1783
Q5870601,Q7036030,parent - child,5579
Q241962,Q7037893,parent - child,717
Q1356586,Q7038136,parent - child,2714
Q6967511,Q7039833,parent - child,735
Q2367593,Q7041308,parent - child,1021
Q6122147,Q7041327,parent - child,5988
Q2909083,Q7043884,parent - child,5092
Q4829412,Q7045524,parent - child,2872
Q4061,Q7050100,parent - child,3353
Q7385401,Q7155655,parent - child,3458
Q11219373,Q7155774,parent - child,2108
Q3399561,Q7156231,parent - child,1015
Q7944181,Q7156231,parent - child,1015
Q11239,Q7160651,parent - child,1492
Q1958523,Q7166214,parent - child,2822
Q7166763,Q7166654,parent - child,2450
Q47213,Q7173047,parent - child,4945
Q723488,Q7173047,grandparent - child,4945
Q2646553,Q6963169,parent - child,915
Q2646553,Q6963171,parent - child,915
Q6963171,Q6963172,parent - child,915
Q2646553,Q6963172,grandparent - child,915
Q22007175,Q6963338,parent - child,630
Q7315390,Q6964697,parent - child,5436
Q392015,Q6964765,parent - child,4170
Q205000,Q6965819,parent - child,3546
Q248484,Q6965829,parent - child,3381
Q347679,Q6968023,parent - child,4536
Q106080489,Q6968061,parent - child,1254
Q3530867,Q6969316,parent - child,2043
Q274169,Q6969557,parent - child,905
Q72984,Q6969557,parent - child,905
Q4865865,Q6974836,parent - child,267
Q2910768,Q6977436,parent - child,4989
Q4678270,Q6977539,parent - child,5124
Q2904017,Q6977539,grandparent - child,5124
Q3561497,Q6981054,parent - child,4834
Q4723737,Q6983286,parent - child,102
Q12701632,Q6983484,parent - child,4836
Q264516,Q6983484,parent - child,4836
Q1345537,Q6986091,parent - child,1702
Q1628810,Q6987739,parent - child,313
Q16106572,Q6990001,parent - child,4845
Q41871,Q6990034,parent - child,5542
Q1111542,Q6990034,parent - child,5542
Q101462099,Q6991737,parent - child,711
Q2906644,Q6996088,parent - child,3097
Q12405900,Q6996401,parent - child,5630
Q167429,Q6996674,parent - child,3045
Q25493546,Q6996927,parent - child,2204
Q65963046,Q6850008,parent - child,2174
Q15459447,Q6852736,parent - child,4651
Q15078636,Q6860176,parent - child,841
Q467172,Q6860176,parent - child,841
Q369243,Q6860514,parent - child,5548
Q1256830,Q6860572,parent - child,3416
Q55647852,Q6861777,parent - child,1118
Q6818901,Q6868443,parent - child,4330
Q6899884,Q6868443,parent - child,4330
Q6935503,Q6869043,parent - child,1071
Q7315390,Q6872244,parent - child,5436
Q20899772,Q6872763,parent - child,4817
Q6375521,Q6872818,parent - child,2363
Q5285889,Q6874759,parent - child,470
Q6936627,Q6875627,parent - child,4657
Q6653264,Q6878589,parent - child,1313
Q6923320,Q6878589,parent - child,1313
Q267335,Q6882836,parent - child,1886
Q242729,Q6886881,parent - child,3725
Q367825,Q6892571,parent - child,2216
Q238774,Q6893462,parent - child,2089
Q57360,Q6893462,parent - child,2089
Q181383,Q6895334,parent - child,1010
Q7531880,Q6895334,parent - child,1010
Q9339540,Q6897261,parent - child,4884
Q57410,Q6897261,parent - child,4884
Q3273893,Q7117165,parent - child,3095
Q7117565,Q7117171,parent - child,6110
Q5478127,Q7121650,parent - child,4444
Q4132730,Q7121804,parent - child,5625
Q2831,Q7137312,parent - child,542
Q238402,Q7137312,grandparent - child,542
Q361297,Q7137312,grandparent - child,542
Q1189486,Q7137456,parent - child,1636
Q280229,Q7137456,parent - child,1636
Q11672162,Q6883741,parent - child,4510
Q9376354,Q6885272,parent - child,4791
Q5686194,Q6891684,parent - child,152
Q1371101,Q6893466,parent - child,1367
Q7906165,Q6893613,parent - child,1836
Q6165330,Q6897022,parent - child,1560
Q2909682,Q6897315,parent - child,3905
Q2702815,Q6900046,parent - child,121
Q590483,Q6900046,parent - child,121
Q25493589,Q7046350,parent - child,4138
Q16132034,Q7053069,parent - child,5839
Q4916316,Q7053083,parent - child,3479
Q160318,Q7053178,parent - child,3270
Q4926056,Q7053178,grandparent - child,3270
Q8053866,Q7053784,parent - child,3116
Q16131877,Q7053971,parent - child,6004
Q7499664,Q7056059,parent - child,3464
Q6725281,Q7059432,parent - child,816
Q7059703,Q7060835,parent - child,1915
Q292849,Q7062377,parent - child,3162
Q1948925,Q7062377,parent - child,3162
Q6604776,Q7066512,parent - child,2652
Q12411778,Q7069046,parent - child,4294
Q299574,Q7070314,parent - child,5354
Q468579,Q7070314,parent - child,5354
Q260004,Q7077154,parent - child,685
Q739866,Q7172225,parent - child,5163
Q187033,Q7173432,parent - child,1302
Q511926,Q7173432,grandparent - child,1302
Q7705575,Q7173572,parent - child,5890
Q384030,Q7173707,parent - child,3858
Q1279204,Q7174117,parent - child,912
Q6768943,Q7174192,parent - child,4871
Q224787,Q7174441,parent - child,1541
Q33817,Q7174671,parent - child,4300
Q716047,Q7175408,parent - child,3219
Q3565843,Q7176181,parent - child,4648
Q2327355,Q7182291,parent - child,5490
Q2434337,Q7182506,parent - child,3798
Q3485500,Q7078543,parent - child,3400
Q9033192,Q7257208,parent - child,2102
Q7424124,Q7260894,parent - child,819
Q5563169,Q7272278,parent - child,3961
Q5497621,Q7272278,grandparent - child,3961
Q7178157,Q7178538,parent - child,698
Q5126370,Q7183092,parent - child,4022
Q24261514,Q7183113,parent - child,1163
Q264808,Q7183541,parent - child,1438
Q4485014,Q7183541,grandparent - child,1438
Q944421,Q7183541,parent - child,1438
Q2077565,Q7183850,parent - child,798
Q4710481,Q7184101,parent - child,4802
Q333824,Q7184382,parent - child,5761
Q5284870,Q7185654,parent - child,905
Q72984,Q7185654,parent - child,905
Q5302573,Q7188316,parent - child,4751
Q4794646,Q7190000,parent - child,4465
Q7852126,Q7190000,parent - child,4465
Q7067150,Q7192395,parent - child,805
Q6040736,Q7192774,parent - child,2245
Q442262,Q7193776,parent - child,3160
Q20687755,Q7198343,parent - child,5476
Q18206431,Q7205910,parent - child,3142
Q130853,Q7205910,parent - child,3142
Q8336441,Q7205910,grandparent - child,3142
Q16620466,Q7205910,grandparent - child,3142
Q544077,Q7142315,parent - child,5897
Q311711,Q7143596,parent - child,1445
Q888594,Q7143647,parent - child,1074
Q2045555,Q7147309,parent - child,5999
Q9353107,Q7148174,parent - child,1377
Q1476060,Q7148252,parent - child,5447
Q324719,Q7154003,parent - child,1572
Q109736747,Q7150626,parent - child,2976
Q6040736,Q7212960,parent - child,2245
Q7222823,Q7213269,parent - child,1833
Q1343524,Q7213774,parent - child,2996
Q6030373,Q7216686,parent - child,329
Q6040736,Q7222900,parent - child,2245
Q7238271,Q7228700,parent - child,5076
Q4267767,Q7235859,parent - child,5747
Q18165260,Q7237237,parent - child,4194
Q560515,Q7238180,parent - child,589
Q7424827,Q7238276,parent - child,2415
Q3633732,Q7238684,parent - child,6221
Q4243548,Q7239766,parent - child,4409
Q221479,Q7242108,parent - child,5760
Q57327,Q7243829,parent - child,687
Q114899566,Q7243829,grandparent - child,687
Q40512,Q7243829,grandparent - child,687
Q110375702,Q7243829,parent - child,687
Q4063359,Q7279134,parent - child,4731
Q2906762,Q7279134,grandparent - child,4731
Q1166012,Q7279258,parent - child,1099
Q7599711,Q7279284,parent - child,4335
Q1065753,Q7279354,parent - child,1125
Q5564237,Q7282980,parent - child,4861
Q7238271,Q7283602,parent - child,5076
Q55407,Q7286234,parent - child,155
Q560197,Q7286234,grandparent - child,155
Q1373408,Q7286437,parent - child,4528
Q594137,Q7288059,parent - child,5225
Q1346218,Q7289529,parent - child,5681
Q1395425,Q7289698,parent - child,1031
Q8197732,Q7289875,parent - child,5079
Q734397,Q7289875,parent - child,5079
Q5856671,Q7331444,parent - child,1336
Q1147285,Q7332181,parent - child,5437
Q158558,Q7335045,parent - child,3355
Q107130,Q7335045,parent - child,3355
Q1026509,Q7335495,parent - child,4368
Q5712859,Q7336472,parent - child,4075
Q4932983,Q7340263,parent - child,1489
Q4932985,Q7340263,grandparent - child,1489
Q4984941,Q7340518,parent - child,1395
Q7341742,Q7341743,parent - child,5416
Q313956,Q7320299,parent - child,384
Q5006564,Q7320554,parent - child,1490
Q355288,Q7321381,parent - child,879
Q23682351,Q7321381,parent - child,879
Q36290,Q7321381,parent - child,879
Q6247949,Q7323355,parent - child,2463
Q4424877,Q7323617,parent - child,5095
Q108532840,Q7242970,parent - child,3842
Q12789903,Q7243653,parent - child,4256
Q18529402,Q7243653,parent - child,4256
Q2357350,Q7243754,parent - child,5057
Q1362941,Q7243973,parent - child,511
Q1819810,Q7244150,parent - child,414
Q2817261,Q7244259,parent - child,43
Q4116074,Q7244259,grandparent - child,43
Q294365,Q7244259,grandparent - child,43
Q7244619,Q7244259,parent - child,43
Q1634222,Q7244308,parent - child,4317
Q3064473,Q7244308,grandparent - child,4317
Q269898,Q7244519,parent - child,43
Q146906,Q7244519,parent - child,43
Q4116074,Q7244519,grandparent - child,43
Q294365,Q7244519,grandparent - child,43
Q70632,Q7244552,parent - child,1515
Q193874,Q7244666,parent - child,109
Q1758863,Q7244586,parent - child,511
Q2431719,Q7244586,parent - child,511
Q2783067,Q7244719,parent - child,3518
Q1627406,Q7244719,parent - child,3518
Q3292297,Q7244738,parent - child,1080
Q84971,Q7244738,grandparent - child,1080
Q534961,Q7244738,parent - child,1080
Q538411,Q7244738,grandparent - child,1080
Q261284,Q7244738,grandparent - child,1080
Q276023,Q7245620,parent - child,2580
Q377903,Q7246465,parent - child,3897
Q4918625,Q7250587,parent - child,4060
Q7925199,Q7290558,parent - child,635
Q16019500,Q7292352,parent - child,629
Q74032,Q7292426,parent - child,2760
Q23891552,Q7293136,parent - child,781
Q41800,Q7294432,parent - child,4554
Q354783,Q7294641,parent - child,1070
Q43367,Q7295841,parent - child,2602
Q804792,Q7296615,parent - child,1720
Q1768,Q7297244,parent - child,2132
Q354542,Q7297244,parent - child,2132
Q335797,Q7298569,parent - child,3257
Q1012622,Q7298936,parent - child,4679
Q2903125,Q7301668,parent - child,5665
Q4899400,Q7301687,parent - child,5466
Q7615343,Q7301888,parent - child,1143
Q4395105,Q7301888,parent - child,1143
Q1567156,Q7301888,grandparent - child,1143
Q458322,Q7301888,grandparent - child,1143
Q556137,Q7306919,parent - child,1563
Q315587,Q7306919,grandparent - child,1563
Q721948,Q7309985,parent - child,5678
Q2739096,Q7347608,parent - child,5077
Q1636757,Q7347608,parent - child,5077
Q978918,Q7347843,parent - child,4062
Q8200129,Q7357846,parent - child,4413
Q27507,Q7358574,parent - child,3115
Q50376630,Q7361528,parent - child,5093
Q7509186,Q7364585,parent - child,67
Q2399446,Q7365285,parent - child,4342
Q202725,Q7365461,parent - child,2249
Q230084,Q7365461,grandparent - child,2249
Q547495,Q7365461,grandparent - child,2249
Q25089,Q7365461,parent - child,2249
Q655122,Q7365756,parent - child,2913
Q283659,Q7367022,parent - child,1839
Q41129,Q7367287,parent - child,6175
Q312720,Q7367344,parent - child,474
Q969666,Q7326634,parent - child,4365
Q686052,Q7328447,parent - child,4453
Q171454,Q7328692,parent - child,6233
Q725940,Q7489624,parent - child,1576
Q12197761,Q7489658,parent - child,3888
Q2594947,Q7489980,parent - child,6182
Q1064692,Q7490177,parent - child,1661
Q3529190,Q7490546,parent - child,2298
Q7963283,Q7491287,parent - child,663
Q23682583,Q7491392,parent - child,1911
Q4738699,Q7491730,parent - child,907
Q7490181,Q7491730,parent - child,907
Q191375,Q7492933,parent - child,376
Q18988084,Q7492933,parent - child,376
Q191375,Q7492936,parent - child,376
Q18988084,Q7492936,parent - child,376
Q12403968,Q7493196,parent - child,4771
Q4800995,Q7494061,parent - child,2857
Q18681523,Q7494889,parent - child,3990
Q4838347,Q7496081,parent - child,2975
Q11446167,Q7497769,parent - child,3618
Q367770,Q7498823,parent - child,5545
Q984634,Q7499430,parent - child,1322
Q24261514,Q7499581,parent - child,1163
Q173118,Q7508107,parent - child,2220
Q2900655,Q7508576,parent - child,4338
Q6323697,Q7508576,parent - child,4338
Q380711,Q7508836,parent - child,5100
Q158136,Q7513553,parent - child,5465
Q6027175,Q7409508,parent - child,821
Q271256,Q7422111,parent - child,5774
Q7188631,Q7352823,parent - child,4000
Q191716,Q7356345,parent - child,1328
Q232917,Q7356345,parent - child,1328
Q6780623,Q7356813,parent - child,5046
Q6110614,Q7357209,parent - child,2578
Q2821460,Q7348954,parent - child,4875
Q55163,Q7349204,parent - child,3454
Q8017272,Q7349499,parent - child,4304
Q435195,Q7349618,parent - child,658
Q4392604,Q7349755,parent - child,2059
Q684020,Q7351642,parent - child,3698
Q5648099,Q7351851,parent - child,1846
Q3365171,Q7365780,parent - child,490
Q1869627,Q7365793,parent - child,864
Q3522726,Q7368846,parent - child,5967
Q5273350,Q7368920,parent - child,4345
Q313697,Q7369574,parent - child,5985
Q182655,Q7376392,parent - child,3522
Q272913,Q7376409,parent - child,521
Q2128071,Q7376409,parent - child,521
Q7376473,Q7376472,parent - child,5671
Q315944,Q7377924,parent - child,6143
Q44226364,Q7377924,parent - child,6143
Q1292044,Q7381863,parent - child,4926
Q379171,Q7418393,parent - child,155
Q560197,Q7418393,grandparent - child,155
Q7273895,Q7418566,parent - child,4366
Q19943867,Q7419814,parent - child,3650
Q6117658,Q7420245,parent - child,3834
Q327888,Q7421577,parent - child,445
Q1672420,Q7421611,parent - child,5074
Q3308472,Q7422303,parent - child,5971
Q3191765,Q7423871,parent - child,1663
Q8877,Q7425114,parent - child,1751
Q15784029,Q7425114,grandparent - child,1751
Q40162,Q7425114,parent - child,1751
Q889109,Q7436779,parent - child,5193
Q558718,Q7441162,parent - child,142
Q8270075,Q7441162,grandparent - child,142
Q6544158,Q7441162,parent - child,142
Q78021,Q7442364,parent - child,3889
Q8020458,Q7405266,parent - child,4313
Q273739,Q7405720,parent - child,2919
Q3711224,Q7405720,parent - child,2919
Q1053189,Q7488132,parent - child,2672
Q3537602,Q7489055,parent - child,4113
Q7228870,Q7489055,parent - child,4113
Q7487576,Q7429116,parent - child,2616
Q119072176,Q7439147,parent - child,1815
Q1420733,Q7442390,parent - child,177
Q470027,Q7442390,grandparent - child,177
Q31543,Q7448533,parent - child,129
Q4200577,Q7448533,grandparent - child,129
Q4249440,Q7449212,parent - child,1904
Q375278,Q7452369,parent - child,5068
Q5696360,Q7453105,parent - child,5672
Q1184381,Q7456454,parent - child,3357
Q5452173,Q7461044,parent - child,2235
Q4881016,Q7461184,parent - child,2566
Q8070098,Q7462269,parent - child,1348
Q3695150,Q7462302,parent - child,4076
Q3595643,Q7462311,parent - child,974
Q6962275,Q7462478,parent - child,1620
Q272203,Q7487856,parent - child,436
Q4719680,Q7585563,parent - child,1297
Q5981110,Q7585586,parent - child,331
Q12066944,Q7585694,parent - child,6094
Q1391321,Q7586387,parent - child,2914
Q7843872,Q7586387,parent - child,2914
Q3424313,Q7586388,parent - child,4615
Q16012359,Q7385344,parent - child,5680
Q23071910,Q7385418,parent - child,5236
Q262746,Q7386529,parent - child,2997
Q12709755,Q7394832,parent - child,4788
Q167846,Q7400024,parent - child,826
Q52183,Q7402629,parent - child,376
Q191375,Q7402629,grandparent - child,376
Q18988084,Q7402629,grandparent - child,376
Q6712366,Q7402629,parent - child,376
Q472323,Q7402667,parent - child,2593
Q260004,Q7402688,parent - child,685
Q7850266,Q7402755,parent - child,2061
Q3095179,Q7402858,parent - child,6022
Q246594,Q7403294,parent - child,4656
Q188667,Q7403481,parent - child,2633
Q8059070,Q7404555,parent - child,3459
Q381296,Q7404598,parent - child,4737
Q315587,Q7405429,parent - child,1563
Q269692,Q7407789,parent - child,3132
Q8620,Q7409415,parent - child,515
Q392629,Q7409415,parent - child,515
Q7072165,Q7505974,parent - child,2781
Q6514469,Q7507748,parent - child,1036
Q174957,Q7520242,parent - child,564
Q1399327,Q7525579,parent - child,2060
Q1176135,Q7526402,parent - child,5177
Q320061,Q7789150,parent - child,1497
Q10748975,Q7608279,parent - child,1429
Q6969814,Q7608307,parent - child,5424
Q1383137,Q7608340,parent - child,5180
Q7087378,Q7608546,parent - child,1260
Q34012,Q7608723,parent - child,559
Q2662134,Q7609148,parent - child,2161
Q7610074,Q7610073,parent - child,2704
Q16796783,Q7610519,parent - child,3576
Q2562208,Q7610525,parent - child,640
Q7454407,Q7610528,parent - child,705
Q3039327,Q7610649,parent - child,3931
Q822764,Q7610790,parent - child,3525
Q7530834,Q7650495,parent - child,1567
Q112225647,Q7650912,parent - child,4312
Q122889754,Q7651954,parent - child,3496
Q273488,Q7652297,parent - child,3327
Q5102348,Q7653831,parent - child,2279
Q4352670,Q7660887,parent - child,1306
Q6777655,Q7661051,parent - child,5260
Q4496,Q7675210,parent - child,1881
Q3247018,Q7675210,grandparent - child,1881
Q520275,Q7675210,grandparent - child,1881
Q1100946,Q7675210,parent - child,1881
Q6733928,Q7675594,parent - child,1641
Q11081045,Q7677104,parent - child,4632
Q11622679,Q7677214,parent - child,1059
Q11353992,Q7677346,parent - child,5496
Q7677143,Q7678527,parent - child,4389
Q334006,Q7681863,parent - child,583
Q234814,Q7686199,parent - child,505
Q198313,Q7686199,parent - child,505
Q433129,Q7693523,parent - child,4758
Q49216,Q7693523,parent - child,4758
Q641022,Q7614217,parent - child,5278
Q4201169,Q7531876,parent - child,797
Q44819,Q7531876,parent - child,797
Q1538280,Q7535681,parent - child,6036
Q209989,Q7535685,parent - child,5944
Q468291,Q7535685,parent - child,5944
Q683397,Q7539427,parent - child,5828
Q707440,Q7545169,parent - child,945
Q1938292,Q7561894,parent - child,5994
Q433417,Q7563408,parent - child,2437
Q312878,Q7563408,grandparent - child,2437
Q97033036,Q7685355,parent - child,1210
Q3499310,Q7687640,parent - child,1247
Q1392049,Q7688676,parent - child,2655
Q593919,Q7688725,parent - child,2742
Q11765366,Q7694132,parent - child,3553
Q13362204,Q7697575,parent - child,1399
Q654886,Q7699811,parent - child,2502
Q1109114,Q7700218,parent - child,2694
Q176679,Q7702298,parent - child,1712
Q1239579,Q7705146,parent - child,5135
Q5632437,Q7706881,parent - child,3781
Q247497,Q7709338,parent - child,2520
Q735458,Q7712715,parent - child,45
Q6526282,Q7712715,parent - child,45
Q7789441,Q7789440,parent - child,1927
Q436412,Q7791445,parent - child,5170
Q1012622,Q7791618,parent - child,4679
Q1156152,Q7791637,parent - child,4734
Q7151240,Q7626636,parent - child,4583
Q7929234,Q7635226,parent - child,4509
Q1686500,Q7635786,parent - child,5317
Q3031309,Q7636772,parent - child,546
Q2817259,Q7637027,parent - child,43
Q4199082,Q7637027,grandparent - child,43
Q6893143,Q7637027,grandparent - child,43
Q689964,Q7637027,parent - child,43
Q4116074,Q7637027,grandparent - child,43
Q294365,Q7637027,grandparent - child,43
Q7365432,Q7638345,parent - child,4168
Q4967996,Q7640308,parent - child,278
Q731705,Q7644370,parent - child,5097
Q982813,Q7645148,parent - child,5986
Q336151,Q7647665,parent - child,2920
Q3160995,Q7647707,parent - child,2378
Q538633,Q7647789,parent - child,1851
Q213122,Q7647840,parent - child,605
Q9582,Q7647840,parent - child,605
Q1042850,Q7648612,parent - child,3442
Q1542805,Q7807399,parent - child,4766
Q2161544,Q7807915,parent - child,4630
Q55979244,Q7808817,parent - child,4353
Q7077553,Q7814711,parent - child,6
Q505946,Q7815258,parent - child,3705
Q7815941,Q7815938,parent - child,5266
Q6873332,Q7816023,parent - child,1165
Q6236480,Q7816023,parent - child,1165
Q1565277,Q7817248,parent - child,3886
Q11959075,Q7817362,parent - child,5530
Q16116581,Q7817418,parent - child,5485
Q3566468,Q7817789,parent - child,5918
Q5516956,Q7817996,parent - child,6053
Q888459,Q7819236,parent - child,4812
Q230199,Q7819342,parent - child,1425
Q3180926,Q7819342,grandparent - child,1425
Q276191,Q7819342,grandparent - child,1425
Q1321497,Q7820831,parent - child,2397
Q84323643,Q7821917,parent - child,539
Q162209,Q7827616,parent - child,2537
Q6760004,Q7796382,parent - child,2687
Q312348,Q7799280,parent - child,1263
Q367566,Q7803170,parent - child,1454
Q880793,Q7803708,parent - child,1350
Q104081,Q7804192,parent - child,1679
Q58843988,Q7804525,parent - child,3588
Q57405,Q7805962,parent - child,2415
Q4200758,Q7805962,parent - child,2415
Q7424827,Q7805962,grandparent - child,2415
Q57405,Q7806029,parent - child,2415
Q4200758,Q7806029,parent - child,2415
Q7424827,Q7806029,grandparent - child,2415
Q107265269,Q7807036,parent - child,4399
Q8011967,Q7807093,parent - child,2291
Q476012,Q7807305,parent - child,2364
Q317122,Q7810195,parent - child,1612
Q7781999,Q7782000,parent - child,4011
Q295678,Q7787257,parent - child,980
Q7793733,Q7793734,parent - child,3917
Q6212003,Q7793737,parent - child,3460
Q4691545,Q7929268,parent - child,5615
Q6951725,Q7929297,parent - child,4157
Q470135,Q7929390,parent - child,34
Q61112013,Q7931677,parent - child,5645
Q165816,Q7932362,parent - child,858
Q131427688,Q7934206,parent - child,6214
Q7325928,Q7934278,parent - child,1745
Q7295837,Q7937517,parent - child,1958
Q469945,Q7937517,parent - child,1958
Q10898425,Q7937899,parent - child,3111
Q107566044,Q7938477,parent - child,448
Q4088018,Q7938770,parent - child,5452
Q53725727,Q7938819,parent - child,2870
Q792887,Q7943707,parent - child,4602
Q1775491,Q7825807,parent - child,4590
Q3356848,Q7825807,parent - child,4590
Q24007468,Q7827568,parent - child,236
Q4423223,Q7829445,parent - child,1781
Q557305,Q7836302,parent - child,159
Q158707,Q7841119,parent - child,3477
Q9588,Q7841119,parent - child,3477
Q97650411,Q7847026,parent - child,614
Q219962,Q7849607,parent - child,3864
Q7383270,Q7849607,parent - child,3864
Q178077,Q7851264,parent - child,287
Q213550,Q7852174,parent - child,967
Q2124740,Q7852174,parent - child,967
Q712690,Q7855214,parent - child,690
Q2722486,Q7856746,parent - child,4520
Q4786232,Q7857476,parent - child,5004
Q130088,Q8003266,parent - child,6259
Q8004765,Q8004764,parent - child,3978
Q13023202,Q7851403,parent - child,3927
Q16346721,Q7852071,parent - child,6231
Q16016280,Q7853580,parent - child,4189
Q219640,Q7905902,parent - child,924
Q2067715,Q7905902,parent - child,924
Q22316,Q7914670,parent - child,1464
Q11288136,Q8012585,parent - child,2740
Q50641172,Q8013019,parent - child,5166
Q13219635,Q8013227,parent - child,6017
Q444130,Q8014229,parent - child,3073
Q4908724,Q8007701,parent - child,5909
Q2156934,Q8008126,parent - child,1922
Q11910241,Q7944159,parent - child,4837
Q25323631,Q7946017,parent - child,5791
Q3002054,Q7962321,parent - child,3369
Q1750541,Q7963124,parent - child,2079
Q6347046,Q7967337,parent - child,4946
Q2577330,Q8017289,parent - child,5914
Q8017363,Q8017364,parent - child,5620
Q880776,Q8018226,parent - child,5660
Q3304492,Q7908216,parent - child,418
Q2058853,Q7908216,grandparent - child,418
Q4152350,Q7908606,parent - child,299
Q13052140,Q7908666,parent - child,4047
Q11128530,Q7913229,parent - child,6206
Q3520690,Q7915423,parent - child,5302
Q725970,Q7916220,parent - child,284
Q12799763,Q7916849,parent - child,739
Q7917551,Q7917553,parent - child,4136
Q460474,Q7919721,parent - child,2366
Q763107,Q7920775,parent - child,5880
Q6084644,Q7925212,parent - child,4248
Q7287314,Q7927152,parent - child,2133
Q3630093,Q7929169,parent - child,6124
Q5628624,Q7929215,parent - child,77
Q513976,Q7967499,parent - child,923
Q1926870,Q7982586,parent - child,6015
Q19824549,Q7982586,grandparent - child,6015
Q2927496,Q7982786,parent - child,5062
Q3017285,Q7982804,parent - child,3069
Q256677,Q7982829,parent - child,2314
Q313013,Q7982829,parent - child,2314
Q4580714,Q7983364,parent - child,61
Q8033647,Q7983672,parent - child,383
Q6831178,Q8002867,parent - child,1547
Q4909450,Q8002867,grandparent - child,1547
Q8025031,Q8025032,parent - child,675
Q878708,Q8026578,parent - child,3278
Q2063696,Q8045769,parent - child,3235
Q8045771,Q8045769,parent - child,3235
Q11596909,Q8047984,parent - child,3592
Q167307,Q8048204,parent - child,2604
Q3760549,Q8049755,parent - child,852
Q1452301,Q8049755,parent - child,852
Q450229,Q8049824,parent - child,2045
Q42745,Q8049824,parent - child,2045
Q10321827,Q8049830,parent - child,5054
Q186111,Q8049890,parent - child,1160
Q5953339,Q8049890,parent - child,1160
Q11364206,Q8049965,parent - child,5188
Q11463874,Q8049988,parent - child,3847
Q11459697,Q8050022,parent - child,1977
Q7420844,Q8053655,parent - child,2766
Q6826999,Q8053655,parent - child,2766
Q15078636,Q8053935,parent - child,841
Q467172,Q8053935,parent - child,841
Q5632437,Q8054513,parent - child,3781
Q311793,Q8064729,parent - child,2045
Q450229,Q8064729,grandparent - child,2045
Q47485791,Q8064729,grandparent - child,2045
Q78636699,Q8021596,parent - child,507
Q3326616,Q8263584,parent - child,2283
Q315633,Q8263870,parent - child,4987
Q1140128,Q8266095,parent - child,5063
Q10919010,Q8272604,parent - child,938
Q259049,Q8275026,parent - child,2396
Q8272562,Q8275466,parent - child,5348
Q8272659,Q8278820,parent - child,4362
Q3434614,Q8322168,parent - child,4723
Q9202165,Q8324473,parent - child,4094
Q15732807,Q8353467,parent - child,699
Q17515,Q8353467,parent - child,699
Q3288390,Q8023200,parent - child,4457
Q2850420,Q8023200,parent - child,4457
Q735458,Q8965221,parent - child,45
Q6651876,Q8967929,parent - child,5320
Q709317,Q8967999,parent - child,2470
Q8967929,Q8971970,parent - child,5320
Q6651876,Q8971970,grandparent - child,5320
Q10884770,Q8973579,parent - child,617
Q315528,Q8981918,parent - child,3822
Q8264155,Q8981918,parent - child,3822
Q717829,Q8997846,parent - child,4209
Q1377247,Q9007831,parent - child,146
Q783111,Q9008954,parent - child,4698
Q1287502,Q9009233,parent - child,2386
Q5920146,Q9009248,parent - child,1925
Q3840394,Q9009402,parent - child,1318
Q10565668,Q9011226,parent - child,3329
Q594771,Q9011336,parent - child,524
Q2635164,Q9011336,grandparent - child,524
Q10311423,Q9015084,parent - child,1767
Q5707227,Q9015138,parent - child,6093
Q313649,Q9020575,parent - child,373
Q11388967,Q9020575,parent - child,373
Q105507663,Q8338699,parent - child,654
Q8350197,Q8350160,parent - child,1002
Q17063214,Q8350306,parent - child,3511
Q957627,Q8353804,parent - child,2027
Q11813810,Q9153897,parent - child,4681
Q1299188,Q9155049,parent - child,762
Q21029056,Q9155237,parent - child,363
Q9285439,Q9155276,parent - child,6012
Q11749325,Q9155276,parent - child,6012
Q1578032,Q9156994,parent - child,220
Q11814198,Q9156994,parent - child,220
Q737661,Q9165346,parent - child,36
Q6746517,Q8059030,parent - child,5379
Q765165,Q8061482,parent - child,2040
Q1106981,Q8061482,parent - child,2040
Q105267322,Q8062160,parent - child,4913
Q38823,Q8064737,parent - child,100
Q3242826,Q8064841,parent - child,229
Q1591700,Q8064886,parent - child,5949
Q6732682,Q8067570,parent - child,3426
Q4357888,Q8067570,parent - child,3426
Q233410,Q8070866,parent - child,3120
Q185107,Q8075121,parent - child,2601
Q307391,Q8075940,parent - child,4702
Q470732,Q8076937,parent - child,131
Q20653343,Q9312223,parent - child,853
Q2837122,Q9319042,parent - child,3727
Q1687980,Q9324718,parent - child,3581
Q9329589,Q9329609,parent - child,5157
Q9196739,Q9332568,parent - child,1513
Q1997472,Q9334780,parent - child,3517
Q6440709,Q9342871,parent - child,2539
Q4350461,Q8098448,parent - child,5099
Q20100355,Q8192289,parent - child,512
Q12393033,Q8194245,parent - child,205
Q5649501,Q8194314,parent - child,3736
Q12253672,Q8201937,parent - child,4017
Q311413,Q8249017,parent - child,4976
Q8997220,Q8249017,parent - child,4976
Q110464381,Q9165365,parent - child,4035
Q9250417,Q9165396,parent - child,1104
Q22137985,Q9169204,parent - child,3320
Q5090768,Q9182261,parent - child,4749
Q502455,Q9187562,parent - child,4302
Q9392815,Q9188392,parent - child,2120
Q24175958,Q9016209,parent - child,5541
Q5368671,Q9025653,parent - child,5841
Q9374563,Q9027308,parent - child,5269
Q10882600,Q9029499,parent - child,4815
Q112256021,Q9029507,parent - child,576
Q709244,Q9029686,parent - child,4666
Q20830783,Q9029686,parent - child,4666
Q526918,Q9032251,parent - child,985
Q3085966,Q9032251,parent - child,985
Q111221743,Q9032901,parent - child,1344
Q54823814,Q9032901,parent - child,1344
Q2706496,Q9048845,parent - child,603
Q25410084,Q9050000,parent - child,2387
Q10919010,Q9062245,parent - child,938
Q7967650,Q9066880,parent - child,1249
Q244997,Q9074685,parent - child,2560
Q982892,Q9080100,parent - child,4952
Q551635,Q9081084,parent - child,6189
Q9361416,Q9082590,parent - child,5036
Q16299483,Q9089376,parent - child,1292
Q777441,Q9097151,parent - child,1419
Q110986381,Q9108257,parent - child,2990
Q699415,Q9126098,parent - child,5966
Q704889,Q9128572,parent - child,3586
Q5369209,Q9131912,parent - child,5321
Q8265117,Q9131912,parent - child,5321
Q877928,Q9133411,parent - child,3495
Q6788142,Q9133411,grandparent - child,3495
Q5094238,Q9138058,parent - child,961
Q350069,Q9139856,parent - child,1896
Q8862504,Q9139856,parent - child,1896
Q949795,Q9140202,parent - child,3692
Q7943673,Q9140244,parent - child,305
Q714811,Q9140244,parent - child,305
Q1709537,Q9141930,parent - child,4592
Q467368,Q9141937,parent - child,3695
Q1162033,Q9141937,parent - child,3695
Q8962429,Q8559864,parent - child,2048
Q235595,Q8561594,parent - child,3135
Q369516,Q8561594,parent - child,3135
Q63579546,Q8776071,parent - child,243
Q10274066,Q8776071,parent - child,243
Q8864245,Q8864232,parent - child,2120
Q8864245,Q8864240,parent - child,2120
Q11754408,Q8865297,parent - child,83
Q188408,Q8933085,parent - child,2627
Q55673347,Q8933801,parent - child,1613
Q18415737,Q8944907,parent - child,2141
Q16012360,Q8949939,parent - child,4191
Q6668898,Q8958593,parent - child,78
Q7807201,Q8958593,parent - child,78
Q2680065,Q8963101,parent - child,2938
Q700405,Q9344250,parent - child,1065
Q101109404,Q9345079,parent - child,2548
Q697695,Q9349921,parent - child,1185
Q98102427,Q9353169,parent - child,3542
Q19697940,Q9353169,parent - child,3542
Q54944075,Q9353276,parent - child,5708
Q9354770,Q9354771,parent - child,4488
Q1406473,Q9357259,parent - child,2268
Q9188392,Q9359231,parent - child,2120
Q9392815,Q9359231,grandparent - child,2120
Q8864232,Q9359231,parent - child,2120
Q8864245,Q9359231,grandparent - child,2120
Q256891,Q9359502,parent - child,3674
Q114523,Q9359810,parent - child,4892
Q7941169,Q9202760,parent - child,1452
Q11686111,Q9209878,parent - child,6253
Q2348055,Q9210252,parent - child,2899
Q11763939,Q9253269,parent - child,1938
Q847309,Q9253269,parent - child,1938
Q4942796,Q9256626,parent - child,550
Q709727,Q9258367,parent - child,3774
Q10308184,Q9583846,parent - child,191
Q29592659,Q9583846,parent - child,191
Q16143567,Q9587972,parent - child,4284
Q121086895,Q9600706,parent - child,4182
Q1339597,Q9602279,parent - child,1410
Q10392749,Q9602279,grandparent - child,1410
Q16336744,Q9603736,parent - child,3962
Q1789273,Q9614251,parent - child,3590
Q571064,Q9621228,parent - child,918
Q127736236,Q9621228,parent - child,918
Q9621228,Q9621234,parent - child,918
Q571064,Q9621234,grandparent - child,918
Q127736236,Q9621234,grandparent - child,918
Q1789876,Q9667642,parent - child,2256
Q10304982,Q9696914,parent - child,1203
Q3502909,Q9359366,parent - child,1147
Q11718181,Q9359463,parent - child,4689
Q5396263,Q9359492,parent - child,6095
Q10934989,Q9359766,parent - child,2856
Q4017765,Q9359838,parent - child,1893
Q95151982,Q9368204,parent - child,4986
Q11230425,Q9368204,parent - child,4986
Q9375744,Q9375745,parent - child,5407
Q11749153,Q9376415,parent - child,5580
Q55922,Q9376684,parent - child,4665
Q17362264,Q9376693,parent - child,4314
Q11765733,Q9377010,parent - child,6176
Q7944271,Q9382075,parent - child,1423
Q529861,Q9146549,parent - child,122
Q55758,Q9146598,parent - child,1073
Q55756,Q9146598,parent - child,1073
Q20021230,Q9151911,parent - child,4617
Q20021200,Q9151911,parent - child,4617
Q742189,Q9152315,parent - child,1298
Q9376437,Q9257482,parent - child,3893
Q11749310,Q9259589,parent - child,1957
Q4759747,Q9264110,parent - child,5633
Q4019839,Q9276017,parent - child,1946
Q11748734,Q9276109,parent - child,4220
Q55915,Q9281496,parent - child,4408
Q9165305,Q9281760,parent - child,4944
Q11692700,Q9281760,parent - child,4944
Q9180448,Q9281976,parent - child,2634
Q6185558,Q9282158,parent - child,5470
Q11781829,Q9285984,parent - child,435
Q1616055,Q9285984,parent - child,435
Q11686092,Q9285984,grandparent - child,435
Q94882874,Q9288694,parent - child,4147
Q704388,Q9303022,parent - child,1520
Q724366,Q9303235,parent - child,5273
Q1752623,Q10310427,parent - child,1771
Q10311426,Q10311413,parent - child,107
Q10312480,Q10311806,parent - child,2727
Q10311085,Q10312135,parent - child,5779
Q10319969,Q10312864,parent - child,5842
Q5857404,Q10313206,parent - child,5668
Q10313206,Q10313207,parent - child,5668
Q5857404,Q10313207,grandparent - child,5668
Q9085635,Q10314332,parent - child,793
Q10308068,Q10316693,parent - child,2436
Q10308208,Q10317356,parent - child,4414
Q3515818,Q10320255,parent - child,2067
Q10320352,Q10320353,parent - child,890
Q1284670,Q10322021,parent - child,4609
Q11767657,Q9391793,parent - child,2296
Q11817481,Q9394600,parent - child,4631
Q445887,Q9394687,parent - child,181
Q350075,Q9394687,parent - child,181
Q127790935,Q9394710,parent - child,2284
Q7944271,Q9394733,parent - child,1423
Q11721028,Q9394738,parent - child,4633
Q7922529,Q10721001,parent - child,6016
Q532624,Q10764331,parent - child,163
Q17222266,Q10770985,parent - child,3683
Q317685,Q10770985,parent - child,3683
Q762854,Q10379771,parent - child,5395
Q1791104,Q10381095,parent - child,4380
Q1415555,Q10382400,parent - child,2439
Q3240817,Q10389074,parent - child,2907
Q1339597,Q10392749,parent - child,1410
Q10392749,Q10392749,grandparent - child,1410
Q328449,Q10393825,parent - child,2258
Q3397750,Q10394406,parent - child,4406
Q1749552,Q10394586,parent - child,4677
Q6764688,Q10395797,parent - child,5475
Q10321679,Q10321682,parent - child,3941
Q10389772,Q10325284,parent - child,4692
Q4199383,Q10325423,parent - child,1699
Q37181,Q10325423,parent - child,1699
Q10299166,Q10325740,parent - child,5690
Q2607615,Q10325853,parent - child,2065
Q10364567,Q10327583,parent - child,1826
Q328449,Q10327778,parent - child,2258
Q2698472,Q10329841,parent - child,4843
Q16337111,Q10329871,parent - child,4386
Q1797253,Q10330648,parent - child,3376
Q155824,Q10334260,parent - child,2628
Q3307027,Q10260438,parent - child,1713
Q1688305,Q10261664,parent - child,1647
Q64825450,Q10263920,parent - child,3022
Q1395208,Q10264030,parent - child,1236
Q10396462,Q10264030,parent - child,1236
Q142626,Q10267711,parent - child,1299
Q3439733,Q10267711,parent - child,1299
Q10270312,Q10270313,parent - child,2287
Q10371984,Q10270782,parent - child,3554
Q1797215,Q10272611,parent - child,3623
Q9603802,Q10276606,parent - child,4010
Q1890299,Q10276606,parent - child,4010
Q192778,Q10279737,parent - child,1335
Q10395488,Q10281228,parent - child,2156
Q244997,Q10281520,parent - child,2560
Q171346,Q10289097,parent - child,2701
Q88980871,Q10795043,parent - child,5169
Q10856983,Q10795043,parent - child,5169
Q95086285,Q10796101,parent - child,1504
Q110270670,Q10796101,parent - child,1504
Q3339354,Q10799907,parent - child,5844
Q650194,Q10800442,parent - child,1920
Q699241,Q10800442,parent - child,1920
Q12023780,Q10818254,parent - child,2170
Q10859521,Q10820087,parent - child,554
Q12032488,Q10820087,parent - child,554
Q1189486,Q10856511,parent - child,1636
Q280229,Q10856511,parent - child,1636
Q735458,Q10886337,parent - child,45
Q1395208,Q10371551,parent - child,1236
Q2130127,Q10371678,parent - child,3310
Q1797532,Q10374385,parent - child,4197
Q10311423,Q10376116,parent - child,1767
Q5038740,Q10376335,parent - child,1647
Q333632,Q10376335,parent - child,1647
Q1688305,Q10376335,grandparent - child,1647
Q10336120,Q10336123,parent - child,1506
Q97171801,Q10336400,parent - child,3976
Q1395208,Q10346160,parent - child,1236
Q10396462,Q10346160,parent - child,1236
Q10396153,Q10346676,parent - child,3985
Q685040,Q10347478,parent - child,2473
Q10317318,Q10347552,parent - child,4708
Q16337543,Q10354022,parent - child,3051
Q13217393,Q10357173,parent - child,2319
Q10373009,Q10357516,parent - child,3306
Q1395208,Q10357883,parent - child,1236
Q10396462,Q10357883,parent - child,1236
Q3623584,Q10359235,parent - child,3693
Q10365087,Q10359276,parent - child,169
Q1752623,Q10363361,parent - child,1771
Q10304982,Q10283057,parent - child,1203
Q85853651,Q10288607,parent - child,3694
Q6117434,Q10288740,parent - child,5292
Q324174,Q10293167,parent - child,1208
Q1797532,Q10295562,parent - child,4197
Q961416,Q10303794,parent - child,3537
Q4269497,Q10309019,parent - child,3715
Q1791320,Q10309081,parent - child,3875
Q5079164,Q10862163,parent - child,5154
Q12037449,Q10497367,parent - child,5709
Q3898309,Q10498051,parent - child,341
Q176743,Q10498051,grandparent - child,341
Q357142,Q10541216,parent - child,4467
Q676173,Q10853432,parent - child,1616
Q537244,Q10853455,parent - child,4912
Q1391391,Q10853455,parent - child,4912
Q60894135,Q10853588,parent - child,5272
Q10857450,Q10857449,parent - child,3359
Q12025197,Q10859549,parent - child,2035
Q1210645,Q10860948,parent - child,5884
Q12021827,Q10861269,parent - child,4473
Q511930,Q10861544,parent - child,422
Q322257,Q10861560,parent - child,592
Q11985195,Q10861560,grandparent - child,592
Q963077,Q10578528,parent - child,4929
Q3631470,Q10960360,parent - child,2264
Q7264017,Q10967627,parent - child,5018
Q4665715,Q10970911,parent - child,453
Q5548401,Q10976963,parent - child,963
Q8320991,Q11113199,parent - child,3210
Q29050,Q11081076,parent - child,568
Q561494,Q10993629,parent - child,1614
Q13399938,Q11006683,parent - child,870
Q940903,Q11010962,parent - child,6123
Q3028244,Q11028018,parent - child,5394
Q11911231,Q11053412,parent - child,1354
Q379171,Q11058950,parent - child,155
Q560197,Q11058950,grandparent - child,155
Q12001579,Q11129730,parent - child,6230
Q12021821,Q11132273,parent - child,3760
Q12036810,Q11132344,parent - child,2848
Q5955380,Q11090551,parent - child,1700
Q11469470,Q11258485,parent - child,5346
Q873921,Q11259379,parent - child,1022
Q873921,Q11259381,parent - child,1022
Q2757,Q55917,siblings,4479
Q2831,Q319392,siblings,542
Q2831,Q234388,siblings,542
Q2831,Q44855,siblings,542
Q2831,Q131324,siblings,542
Q2831,Q336222,siblings,542
Q2831,Q217427,siblings,542
Q2831,Q317784,siblings,542
Q2831,Q349461,siblings,542
Q207,Q3305438,siblings,680
Q207,Q320829,siblings,680
Q207,Q221997,siblings,680
Q207,Q1375345,siblings,680
Q326,Q5043474,siblings,2332
Q329,Q3351364,siblings,786
Q329,Q3120172,siblings,786
Q1464,Q466947,siblings,2874
Q1124,Q2161657,siblings,2239
Q12976,Q3911,siblings,87
Q12976,Q160984,siblings,87
Q13133,Q2073960,siblings,5356
Q12823,Q155388,siblings,1048
Q12823,Q183250,siblings,1048
Q12927,Q3291581,siblings,2330
Q16004,Q1657677,siblings,87
Q16004,Q2188802,siblings,87
Q16004,Q646338,siblings,87
Q16004,Q1653603,siblings,87
Q17493,Q455611,siblings,3421
Q41142,Q210148,siblings,1782
Q29574,Q268821,siblings,171
Q29574,Q435324,siblings,171
Q29574,Q263623,siblings,171
Q24356,Q2388999,siblings,542
Q24356,Q2384433,siblings,542
Q3910,Q215012,siblings,2123
Q3910,Q233966,siblings,2123
Q3911,Q12976,siblings,87
Q3911,Q160984,siblings,87
Q4235,Q54868,siblings,1440
Q4235,Q54867,siblings,1440
Q4505,Q2103263,siblings,434
Q4593,Q730045,siblings,1546
Q52183,Q7492936,siblings,376
Q52183,Q7492933,siblings,376
Q42598,Q2169093,siblings,247
Q42598,Q3313289,siblings,247
Q43274,Q153330,siblings,502
Q43274,Q154920,siblings,502
Q43274,Q151754,siblings,502
Q18953,Q441941,siblings,419
Q18953,Q1344275,siblings,419
Q19943,Q237165,siblings,697
Q19943,Q704310,siblings,697
Q19943,Q240580,siblings,697
Q22338,Q3317069,siblings,351
Q22686,Q736223,siblings,1187
Q23858,Q107933,siblings,1215
Q8027,Q4020203,siblings,2420
Q7539,Q316187,siblings,4162
Q43723,Q504105,siblings,1017
Q44221,Q1345514,siblings,2588
Q44329,Q706694,siblings,1137
Q44329,Q447173,siblings,1137
Q44329,Q6852608,siblings,1137
Q44329,Q459816,siblings,1137
Q44671,Q958529,siblings,4055
Q44855,Q2831,siblings,542
Q44855,Q319392,siblings,542
Q44855,Q234388,siblings,542
Q44855,Q131324,siblings,542
Q44855,Q336222,siblings,542
Q44855,Q217427,siblings,542
Q44855,Q317784,siblings,542
Q44855,Q349461,siblings,542
Q54386,Q191045,siblings,697
Q54386,Q230580,siblings,697
Q54867,Q54868,siblings,1440
Q54867,Q4235,siblings,1440
Q54868,Q54867,siblings,1440
Q54868,Q4235,siblings,1440
Q55183,Q2069573,siblings,768
Q55207,Q55208,siblings,1525
Q55208,Q55207,siblings,1525
Q55407,Q334822,siblings,155
Q55407,Q379171,siblings,155
Q55917,Q2757,siblings,4479
Q56226,Q4330912,siblings,1016
Q56226,Q317824,siblings,1016
Q31112,Q7789440,siblings,1927
Q34896,Q447285,siblings,1182
Q36153,Q231228,siblings,3600
Q36233,Q3596070,siblings,4466
Q36812,Q152316,siblings,502
Q45068,Q2266804,siblings,1305
Q45068,Q232695,siblings,1305
Q45068,Q2268637,siblings,1305
Q45068,Q2024169,siblings,1305
Q46018,Q748926,siblings,2731
Q47122,Q1832274,siblings,185
Q47139,Q4293730,siblings,5764
Q48622,Q4694945,siblings,2326
Q57464,Q461192,siblings,43
Q57464,Q7244519,siblings,43
Q8440,Q380283,siblings,4464
Q9543,Q1203191,siblings,3100
Q9543,Q983053,siblings,3100
Q56818,Q3387025,siblings,986
Q57269,Q2282630,siblings,839
Q57287,Q270685,siblings,1018
Q57287,Q235236,siblings,1018
Q57327,Q58233,siblings,687
Q57327,Q6176403,siblings,687
Q57364,Q501354,siblings,241
Q57449,Q7849607,siblings,3864
Q57454,Q453463,siblings,49
Q57454,Q2564880,siblings,49
Q57454,Q676450,siblings,49
Q47899,Q216298,siblings,910
Q48613,Q48617,siblings,4292
Q48617,Q48613,siblings,4292
Q48619,Q944546,siblings,2326
Q10125,Q317820,siblings,3696
Q10218,Q607685,siblings,1546
Q10390,Q6211184,siblings,1862
Q10479,Q232465,siblings,2303
Q10665,Q271067,siblings,1016
Q11459,Q11578,siblings,2836
Q11578,Q11459,siblings,2836
Q11673,Q5112179,siblings,4421
Q57537,Q5768127,siblings,898
Q57553,Q276850,siblings,109
Q57553,Q1996204,siblings,109
Q57553,Q2517919,siblings,109
Q57553,Q175176,siblings,109
Q57655,Q215477,siblings,4052
Q57655,Q712839,siblings,4052
Q57665,Q4794291,siblings,863
Q57670,Q164373,siblings,3056
Q40026,Q959153,siblings,5534
Q40057,Q7425114,siblings,1751
Q40103,Q707739,siblings,3020
Q57675,Q6983484,siblings,4836
Q58156,Q6669035,siblings,626
Q58156,Q4165651,siblings,626
Q58233,Q57327,siblings,687
Q58233,Q6176403,siblings,687
Q58301,Q1059948,siblings,826
Q58301,Q7400024,siblings,826
Q58301,Q1573260,siblings,826
Q58301,Q1951896,siblings,826
Q58301,Q5688471,siblings,826
Q58301,Q556607,siblings,826
Q58336,Q541680,siblings,1245
Q37979,Q3077388,siblings,1145
Q37979,Q1030373,siblings,1145
Q37979,Q467874,siblings,1145
Q37979,Q1030337,siblings,1145
Q37979,Q725680,siblings,1145
Q37979,Q1030348,siblings,1145
Q62361,Q71487,siblings,50
Q62789,Q67704,siblings,2316
Q62789,Q3290640,siblings,2316
Q65126,Q1490321,siblings,657
Q65511,Q77968,siblings,3480
Q63575,Q105980,siblings,1081
Q63575,Q4977376,siblings,1081
Q63575,Q125361,siblings,1081
Q63575,Q77937,siblings,1081
Q62795,Q1594157,siblings,3025
Q62845,Q352975,siblings,3627
Q63284,Q869909,siblings,4117
Q58735,Q552026,siblings,5285
Q59635,Q1805538,siblings,1008
Q74913,Q4720562,siblings,4499
Q75900,Q289590,siblings,618
Q71487,Q62361,siblings,50
Q76179,Q4264069,siblings,312
Q76711,Q712449,siblings,851
Q78912,Q2177572,siblings,5478
Q79175,Q181958,siblings,3552
Q77555,Q4919368,siblings,520
Q77555,Q78515,siblings,520
Q77555,Q112096,siblings,520
Q77555,Q113733,siblings,520
Q77555,Q3434236,siblings,520
Q67039,Q1330201,siblings,3200
Q67039,Q1037331,siblings,3200
Q72612,Q68439,siblings,3575
Q73942,Q3482658,siblings,5390
Q74200,Q1673541,siblings,1595
Q67704,Q62789,siblings,2316
Q67704,Q3290640,siblings,2316
Q68439,Q72612,siblings,3575
Q81324,Q7545169,siblings,945
Q81324,Q317365,siblings,945
Q81324,Q3645473,siblings,945
Q82275,Q1790984,siblings,2202
Q82593,Q518828,siblings,4998
Q69103,Q7244666,siblings,109
Q69103,Q3325528,siblings,109
Q69103,Q2259085,siblings,109
Q77937,Q63575,siblings,1081
Q77937,Q105980,siblings,1081
Q77937,Q4977376,siblings,1081
Q77937,Q125361,siblings,1081
Q77968,Q65511,siblings,3480
Q78121,Q1755401,siblings,88
Q78415,Q1446919,siblings,1854
Q78515,Q4919368,siblings,520
Q78515,Q112096,siblings,520
Q78515,Q113733,siblings,520
Q78515,Q3434236,siblings,520
Q78515,Q77555,siblings,520
Q89528,Q816886,siblings,3500
Q90246,Q122876,siblings,641
Q99300,Q123309,siblings,3919
Q99300,Q100504,siblings,3919
Q78661,Q95613,siblings,3651
Q100504,Q123309,siblings,3919
Q100504,Q99300,siblings,3919
Q100781,Q2647249,siblings,1205
Q101547,Q1942360,siblings,3018
Q91423,Q99147,siblings,3434
Q105980,Q63575,siblings,1081
Q105980,Q4977376,siblings,1081
Q105980,Q125361,siblings,1081
Q105980,Q77937,siblings,1081
Q106791,Q3178812,siblings,1466
Q106791,Q3178418,siblings,1466
Q106997,Q273574,siblings,499
Q86202,Q528749,siblings,2424
Q95613,Q78661,siblings,3651
Q102139,Q817052,siblings,697
Q102139,Q564889,siblings,697
Q103628,Q2190228,siblings,1787
Q103939,Q220918,siblings,3
Q103946,Q3442834,siblings,2481
Q107769,Q161916,siblings,5182
Q107933,Q23858,siblings,1215
Q103578,Q431038,siblings,1689
Q103578,Q313204,siblings,1689
Q103646,Q1101612,siblings,5509
Q121564,Q145682,siblings,2931
Q122461,Q1400658,siblings,3580
Q122876,Q90246,siblings,641
Q123309,Q99300,siblings,3919
Q123309,Q100504,siblings,3919
Q109677,Q916529,siblings,1544
Q124294,Q3069627,siblings,3258
Q125361,Q63575,siblings,1081
Q125361,Q105980,siblings,1081
Q125361,Q4977376,siblings,1081
Q125361,Q77937,siblings,1081
Q126242,Q427791,siblings,3636
Q99147,Q91423,siblings,3434
Q171276,Q3522148,siblings,105
Q171302,Q456105,siblings,5228
Q171519,Q446050,siblings,4391
Q112096,Q4919368,siblings,520
Q112096,Q78515,siblings,520
Q112096,Q113733,siblings,520
Q112096,Q3434236,siblings,520
Q112096,Q77555,siblings,520
Q169946,Q722830,siblings,1863
Q170191,Q313752,siblings,1037
Q170191,Q158258,siblings,1037
Q170194,Q700152,siblings,87
Q170194,Q155004,siblings,87
Q170294,Q657778,siblings,2654
Q170676,Q7787257,siblings,980
Q143945,Q232470,siblings,212
Q144719,Q7688676,siblings,2655
Q127548,Q401963,siblings,4140
Q158258,Q313752,siblings,1037
Q158258,Q170191,siblings,1037
Q159101,Q1004037,siblings,697
Q130683,Q3442020,siblings,1588
Q130683,Q553469,siblings,1588
Q130683,Q959548,siblings,1588
Q130683,Q685722,siblings,1588
Q145682,Q121564,siblings,2931
Q146444,Q146724,siblings,89
Q146724,Q146444,siblings,89
Q146830,Q147395,siblings,89
Q146906,Q2817261,siblings,43
Q146906,Q689964,siblings,43
Q146906,Q4867793,siblings,43
Q147395,Q146830,siblings,89
Q147663,Q344908,siblings,502
Q149941,Q4117209,siblings,271
Q160495,Q1640126,siblings,697
Q160495,Q3185931,siblings,697
Q160495,Q1429306,siblings,697
Q160984,Q3911,siblings,87
Q160984,Q12976,siblings,87
Q161319,Q316797,siblings,87
Q161319,Q619855,siblings,87
Q161319,Q618634,siblings,87
Q161319,Q619598,siblings,87
Q151754,Q153330,siblings,502
Q151754,Q154920,siblings,502
Q151754,Q43274,siblings,502
Q151773,Q156548,siblings,697
Q151773,Q242298,siblings,697
Q131077,Q777936,siblings,3572
Q131324,Q2831,siblings,542
Q131324,Q319392,siblings,542
Q131324,Q234388,siblings,542
Q131324,Q44855,siblings,542
Q131324,Q336222,siblings,542
Q131324,Q217427,siblings,542
Q131324,Q317784,siblings,542
Q131324,Q349461,siblings,542
Q132345,Q1995125,siblings,1370
Q132451,Q7807915,siblings,4630
Q165657,Q165709,siblings,502
Q165709,Q165657,siblings,502
Q113733,Q4919368,siblings,520
Q113733,Q78515,siblings,520
Q113733,Q112096,siblings,520
Q113733,Q3434236,siblings,520
Q113733,Q77555,siblings,520
Q153481,Q153730,siblings,680
Q153730,Q153481,siblings,680
Q170581,Q7791637,siblings,4734
Q172838,Q10289097,siblings,2701
Q173001,Q1009304,siblings,4110
Q174267,Q4923120,siblings,463
Q161916,Q107769,siblings,5182
Q162306,Q201327,siblings,610
Q164373,Q57670,siblings,3056
Q165096,Q165241,siblings,1018
Q165241,Q165096,siblings,1018
Q133313,Q202381,siblings,3432
Q134895,Q330014,siblings,4755
Q136209,Q946101,siblings,1086
Q137538,Q4121541,siblings,2786
Q152316,Q36812,siblings,502
Q152451,Q6376665,siblings,3787
Q153330,Q154920,siblings,502
Q153330,Q151754,siblings,502
Q153330,Q43274,siblings,502
Q115671,Q7178538,siblings,698
Q116325,Q7244586,siblings,511
Q155004,Q170194,siblings,87
Q155004,Q700152,siblings,87
Q183250,Q155388,siblings,1048
Q183250,Q12823,siblings,1048
Q154920,Q153330,siblings,502
Q154920,Q151754,siblings,502
Q154920,Q43274,siblings,502
Q154952,Q355254,siblings,171
Q154952,Q352981,siblings,171
Q156552,Q347879,siblings,2270
Q156552,Q380884,siblings,2270
Q155388,Q183250,siblings,1048
Q155388,Q12823,siblings,1048
Q156390,Q212035,siblings,1305
Q156390,Q214704,siblings,1305
Q156548,Q151773,siblings,697
Q156548,Q242298,siblings,697
Q174843,Q309640,siblings,5126
Q175176,Q57553,siblings,109
Q175176,Q276850,siblings,109
Q175176,Q1996204,siblings,109
Q175176,Q2517919,siblings,109
Q198780,Q763206,siblings,511
Q198780,Q2414301,siblings,511
Q198780,Q7243973,siblings,511
Q198780,Q5354440,siblings,511
Q199418,Q468677,siblings,148
Q199846,Q7094394,siblings,1963
Q199846,Q558221,siblings,1963
Q201291,Q222524,siblings,3279
Q201327,Q162306,siblings,610
Q165249,Q828957,siblings,1018
Q184885,Q464578,siblings,155
Q186304,Q231270,siblings,38
Q186304,Q575689,siblings,38
Q187038,Q433417,siblings,2437
Q187038,Q463734,siblings,2437
Q187058,Q2774229,siblings,2688
Q187737,Q1379066,siblings,779
Q167829,Q5434725,siblings,2138
Q168040,Q3189773,siblings,2026
Q168724,Q467362,siblings,5522
Q191719,Q204672,siblings,3290
Q180589,Q728063,siblings,4335
Q180589,Q7279284,siblings,4335
Q180795,Q1942631,siblings,2940
Q180978,Q7610649,siblings,3931
Q181958,Q79175,siblings,3552
Q182325,Q5924522,siblings,274
Q182325,Q5859876,siblings,274
Q182325,Q5407922,siblings,274
Q182352,Q2846128,siblings,574
Q190998,Q357762,siblings,5637
Q191045,Q54386,siblings,697
Q191045,Q230580,siblings,697
Q214369,Q847010,siblings,697
Q214574,Q1700270,siblings,3294
Q214704,Q212035,siblings,1305
Q214704,Q156390,siblings,1305
Q215012,Q3910,siblings,2123
Q215012,Q233966,siblings,2123
Q201985,Q450775,siblings,1793
Q202381,Q133313,siblings,3432
Q203840,Q511483,siblings,778
Q204672,Q191719,siblings,3290
Q224071,Q3286841,siblings,5997
Q227716,Q208497,siblings,2919
Q227716,Q7405720,siblings,2919
Q228584,Q459216,siblings,369
Q228645,Q465130,siblings,720
Q228862,Q6024858,siblings,3411
Q229333,Q311174,siblings,1145
Q229333,Q217096,siblings,1145
Q215477,Q57655,siblings,4052
Q215477,Q712839,siblings,4052
Q216298,Q47899,siblings,910
Q217096,Q311174,siblings,1145
Q217096,Q229333,siblings,1145
Q204426,Q1803720,siblings,240
Q207352,Q236866,siblings,1861
Q207432,Q3503882,siblings,1813
Q207432,Q612582,siblings,1813
Q208104,Q356439,siblings,303
Q208135,Q316974,siblings,492
Q208497,Q227716,siblings,2919
Q208497,Q7405720,siblings,2919
Q229184,Q1716611,siblings,1501
Q230303,Q3290402,siblings,518
Q230303,Q316064,siblings,518
Q192402,Q236613,siblings,2097
Q192635,Q318210,siblings,2686
Q193504,Q1232804,siblings,2626
Q193628,Q245808,siblings,5350
Q221997,Q207,siblings,680
Q221997,Q3305438,siblings,680
Q221997,Q320829,siblings,680
Q221997,Q1375345,siblings,680
Q234388,Q2831,siblings,542
Q234388,Q319392,siblings,542
Q234388,Q44855,siblings,542
Q234388,Q131324,siblings,542
Q234388,Q336222,siblings,542
Q234388,Q217427,siblings,542
Q234388,Q317784,siblings,542
Q234388,Q349461,siblings,542
Q234500,Q510505,siblings,116
Q234500,Q438670,siblings,116
Q234973,Q4971488,siblings,2190
Q220918,Q103939,siblings,3
Q221364,Q298209,siblings,4996
Q222524,Q201291,siblings,3279
Q235115,Q260092,siblings,506
Q235137,Q6389326,siblings,3165
Q235236,Q270685,siblings,1018
Q235236,Q57287,siblings,1018
Q236135,Q273774,siblings,3885
Q236613,Q192402,siblings,2097
Q230580,Q191045,siblings,697
Q230580,Q54386,siblings,697
Q230636,Q433683,siblings,1123
Q230636,Q461259,siblings,1123
Q230636,Q453804,siblings,1123
Q230636,Q2966564,siblings,1123
Q230654,Q3529079,siblings,854
Q230654,Q6769708,siblings,854
Q230654,Q3436301,siblings,854
Q230929,Q787566,siblings,4811
Q231182,Q724791,siblings,4635
Q241033,Q1004751,siblings,697
Q242298,Q151773,siblings,697
Q242298,Q156548,siblings,697
Q242348,Q292274,siblings,697
Q242348,Q381700,siblings,697
Q242348,Q583639,siblings,697
Q242348,Q1966130,siblings,697
Q237897,Q5389146,siblings,4975
Q231228,Q36153,siblings,3600
Q231270,Q186304,siblings,38
Q231270,Q575689,siblings,38
Q232465,Q10479,siblings,2303
Q232470,Q143945,siblings,212
Q232695,Q2266804,siblings,1305
Q232695,Q2268637,siblings,1305
Q232695,Q2024169,siblings,1305
Q232695,Q45068,siblings,1305
Q232812,Q498390,siblings,916
Q233253,Q542956,siblings,85
Q237165,Q19943,siblings,697
Q237165,Q704310,siblings,697
Q237165,Q240580,siblings,697
Q217427,Q2831,siblings,542
Q217427,Q319392,siblings,542
Q217427,Q234388,siblings,542
Q217427,Q44855,siblings,542
Q217427,Q131324,siblings,542
Q217427,Q336222,siblings,542
Q217427,Q317784,siblings,542
Q217427,Q349461,siblings,542
Q218415,Q586574,siblings,2183
Q218415,Q1048498,siblings,2183
Q219366,Q6211133,siblings,4721
Q212545,Q234131,siblings,2270
Q213257,Q303332,siblings,2032
Q210148,Q41142,siblings,1782
Q211462,Q698411,siblings,2972
Q212035,Q214704,siblings,1305
Q212035,Q156390,siblings,1305
Q236866,Q207352,siblings,1861
Q237805,Q444988,siblings,692
Q238638,Q1968839,siblings,990
Q239411,Q3731533,siblings,1187
Q239411,Q3713655,siblings,1187
Q240157,Q295123,siblings,992
Q240136,Q6782141,siblings,998
Q240580,Q19943,siblings,697
Q240580,Q237165,siblings,697
Q240580,Q704310,siblings,697
Q258985,Q1164209,siblings,2416
Q259379,Q549981,siblings,336
Q260092,Q235115,siblings,506
Q242368,Q541853,siblings,522
Q242410,Q576436,siblings,501
Q242796,Q1556074,siblings,1196
Q233937,Q1349639,siblings,4290
Q233966,Q3910,siblings,2123
Q233966,Q215012,siblings,2123
Q257926,Q2242035,siblings,1619
Q258626,Q660476,siblings,1557
Q258820,Q2700318,siblings,155
Q258820,Q7286234,siblings,155
Q265691,Q1797936,siblings,697
Q265706,Q1805162,siblings,694
Q234101,Q253167,siblings,4742
Q234131,Q212545,siblings,2270
Q268262,Q609095,siblings,388
Q268595,Q3385685,siblings,3232
Q245808,Q193628,siblings,5350
Q246404,Q943363,siblings,343
Q268821,Q29574,siblings,171
Q268821,Q435324,siblings,171
Q268821,Q263623,siblings,171
Q273574,Q106997,siblings,499
Q273774,Q236135,siblings,3885
Q273791,Q3022596,siblings,2813
Q273833,Q1352872,siblings,1997
Q273833,Q467912,siblings,1997
Q273833,Q1975383,siblings,1997
Q273833,Q467861,siblings,1997
Q273833,Q5112377,siblings,1997
Q273833,Q1386420,siblings,1997
Q274314,Q3941537,siblings,1906
Q274342,Q1901162,siblings,1159
Q274342,Q4459941,siblings,1159
Q274599,Q3034272,siblings,1123
Q262838,Q964607,siblings,1455
Q263623,Q29574,siblings,171
Q263623,Q268821,siblings,171
Q263623,Q435324,siblings,171
Q270115,Q6631454,siblings,2929
Q270685,Q57287,siblings,1018
Q270685,Q235236,siblings,1018
Q270786,Q4949746,siblings,3316
Q270870,Q5581918,siblings,168
Q270870,Q4940014,siblings,168
Q271067,Q10665,siblings,1016
Q251146,Q9009402,siblings,1318
Q251210,Q539872,siblings,2213
Q251790,Q5628154,siblings,4859
Q252290,Q434435,siblings,3261
Q289571,Q736477,siblings,1511
Q289571,Q741784,siblings,1511
Q289590,Q75900,siblings,618
Q275971,Q2474413,siblings,412
Q299222,Q314657,siblings,2641
Q302466,Q4666283,siblings,3426
Q253167,Q234101,siblings,4742
Q253660,Q359413,siblings,409
Q255651,Q351479,siblings,3991
Q256395,Q6187841,siblings,844
Q271142,Q947326,siblings,3245
Q271583,Q4276787,siblings,1530
Q271590,Q552470,siblings,834
Q272117,Q524703,siblings,43
Q272154,Q311916,siblings,409
Q272154,Q336347,siblings,409
Q272154,Q3052569,siblings,409
Q276850,Q57553,siblings,109
Q276850,Q1996204,siblings,109
Q276850,Q2517919,siblings,109
Q276850,Q175176,siblings,109
Q277665,Q7289698,siblings,1031
Q277725,Q3595178,siblings,1873
Q291429,Q1721796,siblings,4091
Q292274,Q381700,siblings,697
Q292274,Q583639,siblings,697
Q292274,Q1966130,siblings,697
Q292274,Q242348,siblings,697
Q293149,Q741600,siblings,335
Q284011,Q941751,siblings,1139
Q313036,Q590433,siblings,5294
Q313204,Q431038,siblings,1689
Q313204,Q103578,siblings,1689
Q293679,Q7855214,siblings,690
Q293679,Q4665226,siblings,690
Q294975,Q1541117,siblings,5484
Q295123,Q240157,siblings,992
Q296511,Q325497,siblings,557
Q296771,Q800179,siblings,1335
Q296771,Q10279737,siblings,1335
Q296771,Q5765833,siblings,1335
Q296774,Q3199788,siblings,2109
Q296909,Q3637420,siblings,4326
Q296909,Q3762696,siblings,4326
Q313281,Q2896144,siblings,601
Q313281,Q466056,siblings,601
Q313705,Q2001430,siblings,5239
Q313752,Q170191,siblings,1037
Q313752,Q158258,siblings,1037
Q303207,Q1266160,siblings,2109
Q303332,Q213257,siblings,2032
Q273076,Q1683946,siblings,1197
Q273076,Q454819,siblings,1197
Q273076,Q1184107,siblings,1197
Q273434,Q2459143,siblings,2669
Q297173,Q609196,siblings,4624
Q298209,Q221364,siblings,4996
Q298547,Q381748,siblings,4899
Q318210,Q192635,siblings,2686
Q318505,Q2919005,siblings,1023
Q319392,Q2831,siblings,542
Q319392,Q234388,siblings,542
Q319392,Q44855,siblings,542
Q319392,Q131324,siblings,542
Q319392,Q336222,siblings,542
Q319392,Q217427,siblings,542
Q319392,Q317784,siblings,542
Q319392,Q349461,siblings,542
Q315471,Q455540,siblings,195
Q315471,Q2806671,siblings,195
Q314502,Q2942050,siblings,3453
Q314657,Q299222,siblings,2641
Q314856,Q3743800,siblings,2472
Q315534,Q328776,siblings,1023
Q309640,Q174843,siblings,5126
Q310637,Q862460,siblings,746
Q310637,Q508722,siblings,746
Q310796,Q718404,siblings,148
Q310796,Q1939373,siblings,148
Q310796,Q741513,siblings,148
Q311174,Q229333,siblings,1145
Q311174,Q217096,siblings,1145
Q311235,Q3959833,siblings,610
Q311308,Q877624,siblings,49
Q311308,Q5428603,siblings,49
Q320747,Q2451872,siblings,3181
Q320747,Q2752035,siblings,3181
Q320829,Q207,siblings,680
Q320829,Q3305438,siblings,680
Q320829,Q221997,siblings,680
Q320829,Q1375345,siblings,680
Q321846,Q469302,siblings,2791
Q310867,Q7246465,siblings,3897
Q311916,Q336347,siblings,409
Q311916,Q272154,siblings,409
Q311916,Q3052569,siblings,409
Q328256,Q3437193,siblings,973
Q328256,Q3292539,siblings,973
Q328424,Q3110901,siblings,628
Q328520,Q7421577,siblings,445
Q328520,Q5126130,siblings,445
Q328776,Q315534,siblings,1023
Q312944,Q1317011,siblings,3251
Q333632,Q451002,siblings,1647
Q333632,Q10261664,siblings,1647
Q333632,Q2845017,siblings,1647
Q333795,Q335417,siblings,645
Q316064,Q3290402,siblings,518
Q316064,Q230303,siblings,518
Q316187,Q7539,siblings,4162
Q316797,Q161319,siblings,87
Q316797,Q619855,siblings,87
Q316797,Q618634,siblings,87
Q316797,Q619598,siblings,87
Q316974,Q208135,siblings,492
Q322785,Q4645564,siblings,843
Q322785,Q4645801,siblings,843
Q322785,Q2904001,siblings,843
Q322854,Q1931331,siblings,3823
Q316992,Q6526251,siblings,2728
Q317365,Q7545169,siblings,945
Q317365,Q81324,siblings,945
Q317365,Q3645473,siblings,945
Q317521,Q6409751,siblings,236
Q317521,Q7827568,siblings,236
Q317784,Q2831,siblings,542
Q317784,Q319392,siblings,542
Q317784,Q234388,siblings,542
Q317784,Q44855,siblings,542
Q317784,Q131324,siblings,542
Q317784,Q336222,siblings,542
Q317784,Q217427,siblings,542
Q317784,Q349461,siblings,542
Q317820,Q10125,siblings,3696
Q317824,Q56226,siblings,1016
Q317824,Q4330912,siblings,1016
Q336222,Q2831,siblings,542
Q336222,Q319392,siblings,542
Q336222,Q234388,siblings,542
Q336222,Q44855,siblings,542
Q336222,Q131324,siblings,542
Q336222,Q217427,siblings,542
Q336222,Q317784,siblings,542
Q336222,Q349461,siblings,542
Q336347,Q311916,siblings,409
Q336347,Q272154,siblings,409
Q336347,Q3052569,siblings,409
Q336691,Q3268202,siblings,3802
Q324366,Q2057483,siblings,248
Q324882,Q469401,siblings,389
Q325497,Q296511,siblings,557
Q328752,Q1957089,siblings,2343
Q328752,Q562782,siblings,2343
Q329776,Q4993516,siblings,5483
Q330014,Q134895,siblings,4755
Q330151,Q985882,siblings,4018
Q347879,Q380884,siblings,2270
Q347879,Q156552,siblings,2270
Q347963,Q715623,siblings,1551
Q334822,Q55407,siblings,155
Q334822,Q379171,siblings,155
Q334871,Q1070829,siblings,360
Q334871,Q922206,siblings,360
Q348627,Q377197,siblings,1929
Q349461,Q2831,siblings,542
Q349461,Q319392,siblings,542
Q349461,Q234388,siblings,542
Q349461,Q44855,siblings,542
Q349461,Q131324,siblings,542
Q349461,Q336222,siblings,542
Q349461,Q217427,siblings,542
Q349461,Q317784,siblings,542
Q350235,Q526461,siblings,2116
Q359440,Q353074,siblings,1255
Q335417,Q333795,siblings,645
Q357608,Q560094,siblings,173
Q357762,Q190998,siblings,5637
Q359356,Q1164826,siblings,565
Q359413,Q253660,siblings,409
Q338612,Q3336666,siblings,3199
Q344908,Q147663,siblings,502
Q351479,Q255651,siblings,3991
Q352159,Q7456454,siblings,3357
Q352709,Q3529579,siblings,695
Q352975,Q62845,siblings,3627
Q352981,Q355254,siblings,171
Q352981,Q154952,siblings,171
Q371203,Q2525208,siblings,87
Q371263,Q4165546,siblings,626
Q371716,Q5976701,siblings,905
Q371716,Q7185654,siblings,905
Q345212,Q436069,siblings,665
Q346630,Q2632825,siblings,1416
Q362304,Q4894291,siblings,2420
Q362304,Q1886607,siblings,2420
Q362304,Q458994,siblings,2420
Q356303,Q2051128,siblings,1814
Q356439,Q208104,siblings,303
Q353074,Q359440,siblings,1255
Q355254,Q154952,siblings,171
Q355254,Q352981,siblings,171
Q355748,Q6869043,siblings,1071
Q380884,Q347879,siblings,2270
Q380884,Q156552,siblings,2270
Q381657,Q512402,siblings,454
Q381700,Q292274,siblings,697
Q381700,Q583639,siblings,697
Q381700,Q1966130,siblings,697
Q381700,Q242348,siblings,697
Q381748,Q298547,siblings,4899
Q381817,Q7053178,siblings,3270
Q381817,Q3488976,siblings,3270
Q381817,Q4925272,siblings,3270
Q381817,Q4923558,siblings,3270
Q381863,Q2707860,siblings,1714
Q382393,Q3058969,siblings,1872
Q382598,Q2708085,siblings,4172
Q383062,Q3571782,siblings,4641
Q427791,Q126242,siblings,3636
Q431038,Q313204,siblings,1689
Q431038,Q103578,siblings,1689
Q431191,Q2381374,siblings,2784
Q431442,Q4264827,siblings,687
Q432069,Q6077732,siblings,197
Q388679,Q2568499,siblings,3086
Q390378,Q2246709,siblings,4699
Q390698,Q964367,siblings,891
Q367861,Q516921,siblings,3992
Q367901,Q933448,siblings,140
Q367901,Q2117878,siblings,140
Q367901,Q922418,siblings,140
Q369116,Q4886753,siblings,5258
Q365750,Q4301466,siblings,2
Q366670,Q853781,siblings,2123
Q366670,Q2204805,siblings,2123
Q433368,Q6969557,siblings,905
Q433417,Q187038,siblings,2437
Q433417,Q463734,siblings,2437
Q433500,Q6809317,siblings,1160
Q433500,Q5943665,siblings,1160
Q433500,Q8049890,siblings,1160
Q433683,Q230636,siblings,1123
Q433683,Q461259,siblings,1123
Q433683,Q453804,siblings,1123
Q433683,Q2966564,siblings,1123
Q447173,Q706694,siblings,1137
Q447173,Q44329,siblings,1137
Q447173,Q6852608,siblings,1137
Q447173,Q459816,siblings,1137
Q447285,Q34896,siblings,1182
Q438670,Q510505,siblings,116
Q438670,Q234500,siblings,116
Q440741,Q945734,siblings,2263
Q421581,Q3117676,siblings,2689
Q395089,Q2658477,siblings,2491
Q400167,Q460384,siblings,1161
Q400619,Q5960285,siblings,100
Q400619,Q8064737,siblings,100
Q401963,Q127548,siblings,4140
Q434435,Q252290,siblings,3261
Q434680,Q966848,siblings,2757
Q375787,Q2092750,siblings,1874
Q375932,Q4349585,siblings,1533
Q377197,Q348627,siblings,1929
Q379171,Q334822,siblings,155
Q379171,Q55407,siblings,155
Q379946,Q6892571,siblings,2216
Q379946,Q4665821,siblings,2216
Q379946,Q5431091,siblings,2216
Q380283,Q8440,siblings,4464
Q380579,Q3307106,siblings,2372
Q440363,Q4865076,siblings,1682
Q441726,Q6152540,siblings,2581
Q441941,Q1344275,siblings,419
Q441941,Q18953,siblings,419
Q442226,Q5362573,siblings,259
Q442243,Q4276189,siblings,2825
Q449013,Q5981051,siblings,3557
Q449013,Q5588921,siblings,3557
Q449240,Q2977063,siblings,2909
Q449547,Q3547968,siblings,324
Q449801,Q457170,siblings,2863
Q454819,Q1683946,siblings,1197
Q454819,Q273076,siblings,1197
Q454819,Q1184107,siblings,1197
Q455540,Q315471,siblings,195
Q455540,Q2806671,siblings,195
Q455611,Q17493,siblings,3421
Q455635,Q506944,siblings,3476
Q455691,Q10886337,siblings,45
Q455691,Q8965221,siblings,45
Q456034,Q1624159,siblings,1404
Q463734,Q187038,siblings,2437
Q463734,Q433417,siblings,2437
Q435324,Q29574,siblings,171
Q435324,Q268821,siblings,171
Q435324,Q263623,siblings,171
Q436069,Q345212,siblings,665
Q450775,Q201985,siblings,1793
Q451002,Q10261664,siblings,1647
Q451002,Q333632,siblings,1647
Q451002,Q2845017,siblings,1647
Q451359,Q4877250,siblings,153
Q444988,Q237805,siblings,692
Q451724,Q534961,siblings,1080
Q451724,Q3311149,siblings,1080
Q451724,Q1626864,siblings,1080
Q451724,Q2072516,siblings,1080
Q451724,Q2420456,siblings,1080
Q451984,Q10325284,siblings,4692
Q452307,Q515562,siblings,5703
Q464360,Q5643740,siblings,4376
Q464578,Q184885,siblings,155
Q464658,Q1687121,siblings,347
Q464712,Q7461184,siblings,2566
Q464862,Q552751,siblings,4654
Q457421,Q4954882,siblings,3380
Q457656,Q1159900,siblings,5723
Q458994,Q4894291,siblings,2420
Q458994,Q1886607,siblings,2420
Q458994,Q362304,siblings,2420
Q459216,Q228584,siblings,369
Q459816,Q706694,siblings,1137
Q459816,Q44329,siblings,1137
Q459816,Q447173,siblings,1137
Q459816,Q6852608,siblings,1137
Q453463,Q2564880,siblings,49
Q453463,Q676450,siblings,49
Q453463,Q57454,siblings,49
Q453804,Q433683,siblings,1123
Q453804,Q230636,siblings,1123
Q453804,Q461259,siblings,1123
Q453804,Q2966564,siblings,1123
Q454133,Q7026764,siblings,2750
Q455945,Q3644263,siblings,134
Q456105,Q171302,siblings,5228
Q456675,Q2557199,siblings,2095
Q457170,Q449801,siblings,2863
Q466947,Q1464,siblings,2874
Q465130,Q228645,siblings,720
Q466056,Q2896144,siblings,601
Q466056,Q313281,siblings,601
Q445761,Q9165365,siblings,4035
Q445767,Q920620,siblings,317
Q446050,Q171519,siblings,4391
Q446468,Q1320494,siblings,1369
Q446468,Q976575,siblings,1369
Q460148,Q6843612,siblings,872
Q460384,Q400167,siblings,1161
Q461192,Q57464,siblings,43
Q461192,Q7244519,siblings,43
Q461259,Q433683,siblings,1123
Q461259,Q230636,siblings,1123
Q461259,Q453804,siblings,1123
Q461259,Q2966564,siblings,1123
Q461050,Q2943402,siblings,5263
Q461348,Q1713970,siblings,1417
Q506730,Q3543364,siblings,226
Q506730,Q992930,siblings,226
Q470847,Q469514,siblings,2464
Q471209,Q740044,siblings,1876
Q471851,Q3215817,siblings,5417
Q471851,Q3051101,siblings,5417
Q486381,Q7137456,siblings,1636
Q486381,Q1736803,siblings,1636
Q486381,Q10856511,siblings,1636
Q488446,Q490114,siblings,737
Q490114,Q488446,siblings,737
Q493963,Q3659431,siblings,678
Q521087,Q2001604,siblings,5243
Q523964,Q2519431,siblings,599
Q524703,Q272117,siblings,43
Q466537,Q6554413,siblings,4144
Q467187,Q10860948,siblings,5884
Q467231,Q540605,siblings,4527
Q467231,Q983475,siblings,4527
Q467362,Q168724,siblings,5522
Q467861,Q1352872,siblings,1997
Q467861,Q467912,siblings,1997
Q467861,Q1975383,siblings,1997
Q467861,Q5112377,siblings,1997
Q467861,Q1386420,siblings,1997
Q467861,Q273833,siblings,1997
Q467874,Q3077388,siblings,1145
Q467874,Q1030373,siblings,1145
Q467874,Q37979,siblings,1145
Q467874,Q1030337,siblings,1145
Q467874,Q725680,siblings,1145
Q467874,Q1030348,siblings,1145
Q467912,Q1352872,siblings,1997
Q467912,Q1975383,siblings,1997
Q467912,Q467861,siblings,1997
Q467912,Q5112377,siblings,1997
Q467912,Q1386420,siblings,1997
Q467912,Q273833,siblings,1997
Q472790,Q2343067,siblings,4468
Q468677,Q199418,siblings,148
Q468797,Q940243,siblings,4081
Q469302,Q321846,siblings,2791
Q469401,Q324882,siblings,389
Q524601,Q7943707,siblings,4602
Q524601,Q6035765,siblings,4602
Q525282,Q2130407,siblings,2036
Q469514,Q470847,siblings,2464
Q541304,Q6830581,siblings,605
Q541304,Q7647840,siblings,605
Q541304,Q6234882,siblings,605
Q541680,Q58336,siblings,1245
Q498390,Q232812,siblings,916
Q499613,Q6470392,siblings,4215
Q496421,Q498210,siblings,5435
Q498210,Q496421,siblings,5435
Q498314,Q3544366,siblings,1552
Q506944,Q455635,siblings,3476
Q508722,Q310637,siblings,746
Q508722,Q862460,siblings,746
Q509262,Q5107926,siblings,136
Q509565,Q844333,siblings,1145
Q509565,Q1152111,siblings,1145
Q510259,Q5809645,siblings,171
Q510259,Q1765834,siblings,171
Q510259,Q2121373,siblings,171
Q479032,Q756223,siblings,5198
Q482807,Q922651,siblings,2901
Q526461,Q350235,siblings,2116
Q527553,Q4977062,siblings,4542
Q528320,Q6124175,siblings,4257
Q528749,Q86202,siblings,2424
Q541853,Q242368,siblings,522
Q542956,Q233253,siblings,85
Q483325,Q5419326,siblings,939
Q500644,Q5354380,siblings,2002
Q500644,Q6255591,siblings,2002
Q501354,Q57364,siblings,241
Q501493,Q1503424,siblings,953
Q501493,Q813272,siblings,953
Q504105,Q43723,siblings,1017
Q510074,Q2944371,siblings,334
Q510505,Q438670,siblings,116
Q510505,Q234500,siblings,116
Q511483,Q203840,siblings,778
Q512071,Q706358,siblings,3042
Q512402,Q381657,siblings,454
Q513336,Q4739544,siblings,2700
Q546367,Q2173011,siblings,2807
Q547506,Q512846,siblings,1517
Q553469,Q3442020,siblings,1588
Q553469,Q959548,siblings,1588
Q553469,Q130683,siblings,1588
Q553469,Q685722,siblings,1588
Q553958,Q3290404,siblings,624
Q554370,Q653317,siblings,42
Q554370,Q5141124,siblings,42
Q555341,Q2906838,siblings,1276
Q555426,Q766818,siblings,5693
Q555493,Q3098359,siblings,345
Q548112,Q1894727,siblings,2129
Q548112,Q1330169,siblings,2129
Q548733,Q1884754,siblings,2228
Q548733,Q1315769,siblings,2228
Q548733,Q1089410,siblings,2228
Q549981,Q259379,siblings,336
Q550183,Q680304,siblings,502
Q556137,Q7405429,siblings,1563
Q556137,Q742051,siblings,1563
Q556607,Q1059948,siblings,826
Q556607,Q7400024,siblings,826
Q556607,Q1573260,siblings,826
Q556607,Q1951896,siblings,826
Q556607,Q5688471,siblings,826
Q556607,Q58301,siblings,826
Q558221,Q7094394,siblings,1963
Q558221,Q199846,siblings,1963
Q559022,Q564093,siblings,801
Q532789,Q1343442,siblings,3040
Q534433,Q3765212,siblings,1646
Q534961,Q451724,siblings,1080
Q534961,Q3311149,siblings,1080
Q534961,Q1626864,siblings,1080
Q534961,Q2072516,siblings,1080
Q534961,Q2420456,siblings,1080
Q535946,Q2929427,siblings,177
Q535946,Q1420733,siblings,177
Q512846,Q547506,siblings,1517
Q515562,Q452307,siblings,5703
Q516921,Q367861,siblings,3992
Q518828,Q82593,siblings,4998
Q571645,Q700791,siblings,1746
Q536050,Q2641853,siblings,933
Q536660,Q949883,siblings,3466
Q519529,Q2787606,siblings,2088
Q520234,Q1481457,siblings,3777
Q539814,Q1370400,siblings,1885
Q539872,Q251210,siblings,2213
Q540605,Q467231,siblings,4527
Q540605,Q983475,siblings,4527
Q540608,Q6404568,siblings,64
Q551439,Q2138429,siblings,4826
Q560094,Q357608,siblings,173
Q560164,Q4964341,siblings,176
Q575689,Q231270,siblings,38
Q575689,Q186304,siblings,38
Q576436,Q242410,siblings,501
Q590433,Q313036,siblings,5294
Q590853,Q3070885,siblings,1261
Q592349,Q7244738,siblings,1080
Q592349,Q3059503,siblings,1080
Q651186,Q3376482,siblings,1431
Q552026,Q58735,siblings,5285
Q552470,Q271590,siblings,834
Q552751,Q464862,siblings,4654
Q552925,Q7050100,siblings,3353
Q614907,Q6706095,siblings,2513
Q616695,Q7306919,siblings,1563
Q618634,Q161319,siblings,87
Q618634,Q316797,siblings,87
Q618634,Q619855,siblings,87
Q618634,Q619598,siblings,87
Q619598,Q161319,siblings,87
Q619598,Q316797,siblings,87
Q619598,Q619855,siblings,87
Q619598,Q618634,siblings,87
Q619855,Q161319,siblings,87
Q619855,Q316797,siblings,87
Q619855,Q618634,siblings,87
Q619855,Q619598,siblings,87
Q620518,Q5429532,siblings,211
Q620518,Q4665663,siblings,211
Q562782,Q1957089,siblings,2343
Q562782,Q328752,siblings,2343
Q563544,Q5902202,siblings,1063
Q564889,Q817052,siblings,697
Q564889,Q102139,siblings,697
Q581499,Q706882,siblings,2169
Q583639,Q292274,siblings,697
Q583639,Q381700,siblings,697
Q583639,Q1966130,siblings,697
Q583639,Q242348,siblings,697
Q584724,Q2283054,siblings,2926
Q584724,Q3185970,siblings,2926
Q600415,Q6370170,siblings,2625
Q564093,Q559022,siblings,801
Q565265,Q818221,siblings,1349
Q653317,Q554370,siblings,42
Q653317,Q5141124,siblings,42
Q657778,Q170294,siblings,2654
Q627261,Q739990,siblings,3494
Q629237,Q3961150,siblings,4882
Q629237,Q3870121,siblings,4882
Q586574,Q218415,siblings,2183
Q586574,Q1048498,siblings,2183
Q606779,Q5831161,siblings,5237
Q607384,Q941295,siblings,4924
Q607450,Q3921852,siblings,1909
Q607685,Q10218,siblings,1546
Q609095,Q268262,siblings,388
Q609189,Q6273473,siblings,5238
Q609196,Q297173,siblings,4624
Q660476,Q258626,siblings,1557
Q661410,Q1036065,siblings,3011
Q674343,Q1009513,siblings,1037
Q674343,Q1217757,siblings,1037
Q676450,Q453463,siblings,49
Q676450,Q2564880,siblings,49
Q676450,Q57454,siblings,49
Q698411,Q211462,siblings,2972
Q700152,Q170194,siblings,87
Q700152,Q155004,siblings,87
Q639392,Q5437886,siblings,5737
Q646338,Q1657677,siblings,87
Q646338,Q16004,siblings,87
Q646338,Q2188802,siblings,87
Q646338,Q1653603,siblings,87
Q646397,Q3341546,siblings,304
Q699770,Q4205443,siblings,2080
Q700791,Q571645,siblings,1746
Q700913,Q6112826,siblings,2812
Q612582,Q3503882,siblings,1813
Q612582,Q207432,siblings,1813
Q614544,Q959607,siblings,449
Q614544,Q4875825,siblings,449
Q677342,Q3158647,siblings,2033
Q680304,Q550183,siblings,502
Q663875,Q1212263,siblings,1441
Q663875,Q1468375,siblings,1441
Q663875,Q6658829,siblings,1441
Q663875,Q2423576,siblings,1441
Q704310,Q19943,siblings,697
Q704310,Q237165,siblings,697
Q704310,Q240580,siblings,697
Q704846,Q3387740,siblings,2345
Q706358,Q512071,siblings,3042
Q706694,Q44329,siblings,1137
Q706694,Q447173,siblings,1137
Q706694,Q6852608,siblings,1137
Q706694,Q459816,siblings,1137
Q706882,Q581499,siblings,2169
Q707739,Q40103,siblings,3020
Q684842,Q3380401,siblings,3634
Q685722,Q3442020,siblings,1588
Q685722,Q553469,siblings,1588
Q685722,Q959548,siblings,1588
Q685722,Q130683,siblings,1588
Q689964,Q146906,siblings,43
Q689964,Q2817261,siblings,43
Q689964,Q4867793,siblings,43
Q722830,Q169946,siblings,1863
Q736223,Q22686,siblings,1187
Q736477,Q741784,siblings,1511
Q736477,Q289571,siblings,1511
Q712449,Q76711,siblings,851
Q712839,Q57655,siblings,4052
Q712839,Q215477,siblings,4052
Q713235,Q2897761,siblings,5574
Q724791,Q231182,siblings,4635
Q725680,Q3077388,siblings,1145
Q725680,Q1030373,siblings,1145
Q725680,Q37979,siblings,1145
Q725680,Q467874,siblings,1145
Q725680,Q1030337,siblings,1145
Q725680,Q1030348,siblings,1145
Q738291,Q4746839,siblings,4655
Q739990,Q627261,siblings,3494
Q740044,Q471209,siblings,1876
Q741513,Q310796,siblings,148
Q741513,Q718404,siblings,148
Q741513,Q1939373,siblings,148
Q741600,Q293149,siblings,335
Q741655,Q3236685,siblings,3638
Q741655,Q3557679,siblings,3638
Q741784,Q736477,siblings,1511
Q741784,Q289571,siblings,1511
Q742051,Q7405429,siblings,1563
Q742051,Q556137,siblings,1563
Q733103,Q6157634,siblings,2662
Q727398,Q3124507,siblings,4522
Q728063,Q7279284,siblings,4335
Q728063,Q180589,siblings,4335
Q730045,Q4593,siblings,1546
Q730901,Q6380448,siblings,3984
Q731168,Q2903713,siblings,888
Q715623,Q347963,siblings,1551
Q748926,Q46018,siblings,2731
Q711031,Q2894354,siblings,3448
Q720334,Q6931999,siblings,1959
Q718404,Q310796,siblings,148
Q718404,Q1939373,siblings,148
Q718404,Q741513,siblings,148
Q763206,Q2414301,siblings,511
Q763206,Q7243973,siblings,511
Q763206,Q5354440,siblings,511
Q763206,Q198780,siblings,511
Q766818,Q555426,siblings,5693
Q828957,Q165249,siblings,1018
Q830697,Q1199838,siblings,87
Q830697,Q935320,siblings,87
Q830697,Q1147467,siblings,87
Q749613,Q949482,siblings,5185
Q756223,Q479032,siblings,5198
Q772416,Q1050695,siblings,2157
Q772416,Q1052910,siblings,2157
Q861110,Q842633,siblings,885
Q862186,Q6200312,siblings,1325
Q862460,Q310637,siblings,746
Q862460,Q508722,siblings,746
Q866999,Q3352541,siblings,3237
Q869909,Q63284,siblings,4117
Q794114,Q6650108,siblings,1599
Q794114,Q3923981,siblings,1599
Q800179,Q296771,siblings,1335
Q800179,Q10279737,siblings,1335
Q800179,Q5765833,siblings,1335
Q842633,Q861110,siblings,885
Q844333,Q1152111,siblings,1145
Q844333,Q509565,siblings,1145
Q845256,Q8061482,siblings,2040
Q847010,Q214369,siblings,697
Q891522,Q3156516,siblings,1529
Q877624,Q5428603,siblings,49
Q877624,Q311308,siblings,49
Q813272,Q501493,siblings,953
Q813272,Q1503424,siblings,953
Q813332,Q5944264,siblings,1202
Q816886,Q89528,siblings,3500
Q817052,Q564889,siblings,697
Q817052,Q102139,siblings,697
Q818221,Q565265,siblings,1349
Q777936,Q131077,siblings,3572
Q853781,Q366670,siblings,2123
Q853781,Q2204805,siblings,2123
Q855749,Q1076063,siblings,171
Q855749,Q1061685,siblings,171
Q900624,Q904966,siblings,2869
Q900719,Q6668408,siblings,3658
Q901541,Q4521676,siblings,854
Q901725,Q787110,siblings,5151
Q902682,Q1610208,siblings,1320
Q904966,Q900624,siblings,2869
Q877928,Q3545489,siblings,3495
Q787110,Q901725,siblings,5151
Q787566,Q230929,siblings,4811
Q920620,Q445767,siblings,317
Q921603,Q3019212,siblings,98
Q922206,Q1070829,siblings,360
Q922206,Q334871,siblings,360
Q922418,Q933448,siblings,140
Q922418,Q367901,siblings,140
Q922418,Q2117878,siblings,140
Q916529,Q109677,siblings,1544
Q922651,Q482807,siblings,2901
Q925877,Q5630649,siblings,471
Q925877,Q5630728,siblings,471
Q940243,Q468797,siblings,4081
Q941210,Q6228896,siblings,743
Q941210,Q6228904,siblings,743
Q941295,Q607384,siblings,4924
Q941751,Q284011,siblings,1139
Q943363,Q246404,siblings,343
Q945734,Q440741,siblings,2263
Q964367,Q390698,siblings,891
Q964607,Q262838,siblings,1455
Q933448,Q367901,siblings,140
Q933448,Q2117878,siblings,140
Q933448,Q922418,siblings,140
Q1030337,Q3077388,siblings,1145
Q1030337,Q1030373,siblings,1145
Q1030337,Q37979,siblings,1145
Q1030337,Q467874,siblings,1145
Q1030337,Q725680,siblings,1145
Q1030337,Q1030348,siblings,1145
Q1030348,Q3077388,siblings,1145
Q1030348,Q1030373,siblings,1145
Q1030348,Q37979,siblings,1145
Q1030348,Q467874,siblings,1145
Q1030348,Q1030337,siblings,1145
Q1030348,Q725680,siblings,1145
Q1030373,Q3077388,siblings,1145
Q1030373,Q37979,siblings,1145
Q1030373,Q467874,siblings,1145
Q1030373,Q1030337,siblings,1145
Q1030373,Q725680,siblings,1145
Q1030373,Q1030348,siblings,1145
Q1036065,Q661410,siblings,3011
Q944546,Q48619,siblings,2326
Q945977,Q1199338,siblings,133
Q946101,Q136209,siblings,1086
Q946591,Q7436779,siblings,5193
Q947326,Q271142,siblings,3245
Q948920,Q3048622,siblings,4244
Q949883,Q536660,siblings,3466
Q934831,Q6173393,siblings,197
Q935320,Q1199838,siblings,87
Q935320,Q830697,siblings,87
Q935320,Q1147467,siblings,87
Q936663,Q1374493,siblings,2670
Q982872,Q3111214,siblings,3368
Q983053,Q1203191,siblings,3100
Q983053,Q9543,siblings,3100
Q983324,Q6069124,siblings,2121
Q983324,Q2208719,siblings,2121
Q983475,Q467231,siblings,4527
Q983475,Q540605,siblings,4527
Q964801,Q3014237,siblings,4280
Q966848,Q434680,siblings,2757
Q968773,Q4536793,siblings,828
Q969607,Q7402755,siblings,2061
Q938063,Q7213774,siblings,2996
Q938263,Q3215951,siblings,4898
Q1037331,Q1330201,siblings,3200
Q1037331,Q67039,siblings,3200
Q985882,Q330151,siblings,4018
Q988040,Q988045,siblings,2451
Q988045,Q988040,siblings,2451
Q992930,Q3543364,siblings,226
Q992930,Q506730,siblings,226
Q970992,Q6488358,siblings,174
Q975203,Q7173432,siblings,1302
Q976575,Q1320494,siblings,1369
Q976575,Q446468,siblings,1369
Q1004037,Q159101,siblings,697
Q1004751,Q241033,siblings,697
Q1005957,Q1534937,siblings,75
Q949482,Q749613,siblings,5185
Q950958,Q2218957,siblings,2528
Q952994,Q7626636,siblings,4583
Q953717,Q3888372,siblings,1042
Q953717,Q3067887,siblings,1042
Q1044420,Q1794887,siblings,1485
Q1044420,Q2066771,siblings,1485
Q1044457,Q7494889,siblings,3990
Q1048498,Q218415,siblings,2183
Q1048498,Q586574,siblings,2183
Q1049830,Q3223408,siblings,2123
Q979131,Q2512714,siblings,423
Q959087,Q2833696,siblings,2234
Q959153,Q40026,siblings,5534
Q959607,Q4875825,siblings,449
Q959607,Q614544,siblings,449
Q1009304,Q173001,siblings,4110
Q1009513,Q1217757,siblings,1037
Q1009513,Q674343,siblings,1037
Q1010436,Q3726090,siblings,508
Q1059948,Q7400024,siblings,826
Q1059948,Q1573260,siblings,826
Q1059948,Q1951896,siblings,826
Q1059948,Q5688471,siblings,826
Q1059948,Q58301,siblings,826
Q1059948,Q556607,siblings,826
Q1060355,Q3292104,siblings,208
Q1061685,Q1076063,siblings,171
Q1061685,Q855749,siblings,171
Q958529,Q44671,siblings,4055
Q959548,Q3442020,siblings,1588
Q959548,Q553469,siblings,1588
Q959548,Q130683,siblings,1588
Q959548,Q685722,siblings,1588
Q1050695,Q772416,siblings,2157
Q1050695,Q1052910,siblings,2157
Q1052910,Q1050695,siblings,2157
Q1052910,Q772416,siblings,2157
Q1070829,Q334871,siblings,360
Q1070829,Q922206,siblings,360
Q1147467,Q1199838,siblings,87
Q1147467,Q830697,siblings,87
Q1147467,Q935320,siblings,87
Q1149198,Q2657172,siblings,4706
Q1152111,Q844333,siblings,1145
Q1152111,Q509565,siblings,1145
Q1184107,Q1683946,siblings,1197
Q1184107,Q273076,siblings,1197
Q1184107,Q454819,siblings,1197
Q1189353,Q5924288,siblings,5210
Q1192750,Q7320299,siblings,384
Q1089410,Q548733,siblings,2228
Q1089410,Q1884754,siblings,2228
Q1089410,Q1315769,siblings,2228
Q1076063,Q1061685,siblings,171
Q1076063,Q855749,siblings,171
Q1159122,Q2904819,siblings,4309
Q1159900,Q457656,siblings,5723
Q1161847,Q1567160,siblings,4311
Q1199338,Q945977,siblings,133
Q1199838,Q830697,siblings,87
Q1199838,Q935320,siblings,87
Q1199838,Q1147467,siblings,87
Q1203191,Q9543,siblings,3100
Q1203191,Q983053,siblings,3100
Q1212263,Q1468375,siblings,1441
Q1212263,Q6658829,siblings,1441
Q1212263,Q2423576,siblings,1441
Q1212263,Q663875,siblings,1441
Q1217757,Q1009513,siblings,1037
Q1217757,Q674343,siblings,1037
Q1221764,Q7298569,siblings,3257
Q1101612,Q103646,siblings,5509
Q1232804,Q193504,siblings,2626
Q1134401,Q3472093,siblings,138
Q1139993,Q1867265,siblings,2529
Q1140263,Q8192289,siblings,512
Q1164209,Q258985,siblings,2416
Q1164826,Q359356,siblings,565
Q1171148,Q3099896,siblings,3665
Q1174481,Q6551575,siblings,988
Q1182285,Q7347843,siblings,4062
Q1255267,Q1255275,siblings,3471
Q1255275,Q1255267,siblings,3471
Q1338044,Q7336472,siblings,4075
Q1315769,Q548733,siblings,2228
Q1315769,Q1884754,siblings,2228
Q1315769,Q1089410,siblings,2228
Q1317011,Q312944,siblings,3251
Q1320494,Q976575,siblings,1369
Q1320494,Q446468,siblings,1369
Q1321598,Q4951018,siblings,757
Q1266160,Q303207,siblings,2109
Q1268462,Q2211141,siblings,5446
Q1357125,Q1330492,siblings,5594
Q1339485,Q3571886,siblings,362
Q1343292,Q7688725,siblings,2742
Q1343442,Q532789,siblings,3040
Q1344275,Q441941,siblings,419
Q1344275,Q18953,siblings,419
Q1345514,Q44221,siblings,2588
Q1379066,Q187737,siblings,779
Q1323218,Q2117824,siblings,2636
Q1330169,Q1894727,siblings,2129
Q1330169,Q548112,siblings,2129
Q1330201,Q67039,siblings,3200
Q1330201,Q1037331,siblings,3200
Q1330492,Q1357125,siblings,5594
Q1400658,Q122461,siblings,3580
Q1362691,Q5368787,siblings,4329
Q1349639,Q233937,siblings,4290
Q1386420,Q1352872,siblings,1997
Q1386420,Q467912,siblings,1997
Q1386420,Q1975383,siblings,1997
Q1386420,Q467861,siblings,1997
Q1386420,Q5112377,siblings,1997
Q1386420,Q273833,siblings,1997
Q1387724,Q3522294,siblings,1514
Q1352872,Q467912,siblings,1997
Q1352872,Q1975383,siblings,1997
Q1352872,Q467861,siblings,1997
Q1352872,Q5112377,siblings,1997
Q1352872,Q1386420,siblings,1997
Q1352872,Q273833,siblings,1997
Q1370400,Q539814,siblings,1885
Q1371438,Q3574658,siblings,1827
Q1420733,Q2929427,siblings,177
Q1420733,Q535946,siblings,177
Q1445246,Q4768394,siblings,967
Q1445246,Q7852174,siblings,967
Q1446919,Q78415,siblings,1854
Q1394411,Q4013330,siblings,2839
Q1468375,Q1212263,siblings,1441
Q1468375,Q6658829,siblings,1441
Q1468375,Q2423576,siblings,1441
Q1468375,Q663875,siblings,1441
Q1374493,Q936663,siblings,2670
Q1375057,Q1770624,siblings,38
Q1375345,Q207,siblings,680
Q1375345,Q3305438,siblings,680
Q1375345,Q320829,siblings,680
Q1375345,Q221997,siblings,680
Q1429306,Q1640126,siblings,697
Q1429306,Q160495,siblings,697
Q1429306,Q3185931,siblings,697
Q1440222,Q7498823,siblings,5545
Q1395864,Q4974190,siblings,5983
Q1396536,Q4083181,siblings,277
Q1481457,Q520234,siblings,3777
Q1490321,Q65126,siblings,657
Q1556074,Q242796,siblings,1196
Q1532902,Q2817328,siblings,43
Q1534937,Q1005957,siblings,75
Q1541117,Q294975,siblings,5484
Q1503424,Q501493,siblings,953
Q1503424,Q813272,siblings,953
Q1567160,Q1161847,siblings,4311
Q1573260,Q1059948,siblings,826
Q1573260,Q7400024,siblings,826
Q1573260,Q1951896,siblings,826
Q1573260,Q5688471,siblings,826
Q1573260,Q58301,siblings,826
Q1573260,Q556607,siblings,826
Q1626464,Q5213719,siblings,5304
Q1626864,Q451724,siblings,1080
Q1626864,Q534961,siblings,1080
Q1626864,Q3311149,siblings,1080
Q1626864,Q2072516,siblings,1080
Q1626864,Q2420456,siblings,1080
Q1635556,Q5297751,siblings,5566
Q1635556,Q5219593,siblings,5566
Q1640126,Q160495,siblings,697
Q1640126,Q3185931,siblings,697
Q1640126,Q1429306,siblings,697
Q1653603,Q1657677,siblings,87
Q1653603,Q16004,siblings,87
Q1653603,Q2188802,siblings,87
Q1653603,Q646338,siblings,87
Q1586454,Q7815258,siblings,3705
Q1594157,Q62795,siblings,3025
Q1610208,Q902682,siblings,1320
Q1624159,Q456034,siblings,1404
Q1736803,Q7137456,siblings,1636
Q1736803,Q486381,siblings,1636
Q1736803,Q10856511,siblings,1636
Q1657677,Q16004,siblings,87
Q1657677,Q2188802,siblings,87
Q1657677,Q646338,siblings,87
Q1657677,Q1653603,siblings,87
Q1667920,Q2159729,siblings,4169
Q1673541,Q74200,siblings,1595
Q1683946,Q273076,siblings,1197
Q1683946,Q454819,siblings,1197
Q1683946,Q1184107,siblings,1197
Q1700270,Q214574,siblings,3294
Q1701445,Q6776382,siblings,5561
Q1755401,Q78121,siblings,88
Q1713970,Q461348,siblings,1417
Q1716611,Q229184,siblings,1501
Q1765834,Q510259,siblings,171
Q1765834,Q5809645,siblings,171
Q1765834,Q2121373,siblings,171
Q1770472,Q7841119,siblings,3477
Q1770624,Q1375057,siblings,38
Q1772615,Q2377795,siblings,171
Q1772615,Q3358467,siblings,171
Q1685764,Q3081638,siblings,4682
Q1687121,Q464658,siblings,347
Q1693403,Q4388950,siblings,5878
Q1811163,Q4983219,siblings,2077
Q1832274,Q47122,siblings,185
Q1878304,Q2228316,siblings,3207
Q1878458,Q3141755,siblings,171
Q1878458,Q1999473,siblings,171
Q1878458,Q4992674,siblings,171
Q1884754,Q548733,siblings,2228
Q1884754,Q1315769,siblings,2228
Q1884754,Q1089410,siblings,2228
Q1886607,Q4894291,siblings,2420
Q1886607,Q458994,siblings,2420
Q1886607,Q362304,siblings,2420
Q1721796,Q291429,siblings,4091
Q1723754,Q7967337,siblings,4946
Q1848888,Q2072874,siblings,2787
Q1855372,Q6893462,siblings,2089
Q1855372,Q6204478,siblings,2089
Q1855372,Q6161563,siblings,2089
Q1790984,Q82275,siblings,2202
Q1794887,Q1044420,siblings,1485
Q1794887,Q2066771,siblings,1485
Q1894727,Q548112,siblings,2129
Q1894727,Q1330169,siblings,2129
Q1897583,Q2077079,siblings,3387
Q1797936,Q265691,siblings,697
Q1803720,Q204426,siblings,240
Q1805162,Q265706,siblings,694
Q1805538,Q59635,siblings,1008
Q1854649,Q2997305,siblings,852
Q1854649,Q8049755,siblings,852
Q1858359,Q5279602,siblings,280
Q1867265,Q1139993,siblings,2529
Q1979234,Q6701444,siblings,5663
Q1982096,Q3314967,siblings,4983
Q1984031,Q3273670,siblings,1406
Q1984031,Q4116131,siblings,1406
Q1931331,Q322854,siblings,3823
Q1932748,Q9332568,siblings,1513
Q1933369,Q6248285,siblings,108
Q1939373,Q310796,siblings,148
Q1939373,Q718404,siblings,148
Q1939373,Q741513,siblings,148
Q1901162,Q274342,siblings,1159
Q1901162,Q4459941,siblings,1159
Q1904757,Q2889104,siblings,5172
Q1909357,Q2956815,siblings,2406
Q1913939,Q3424937,siblings,202
Q2036974,Q2317090,siblings,697
Q1942360,Q101547,siblings,3018
Q1942631,Q180795,siblings,2940
Q1951828,Q2891336,siblings,5020
Q1951896,Q1059948,siblings,826
Q1951896,Q7400024,siblings,826
Q1951896,Q1573260,siblings,826
Q1951896,Q5688471,siblings,826
Q1951896,Q58301,siblings,826
Q1951896,Q556607,siblings,826
Q1955083,Q2263400,siblings,2950
Q1957089,Q562782,siblings,2343
Q1957089,Q328752,siblings,2343
Q2066771,Q1044420,siblings,1485
Q2066771,Q1794887,siblings,1485
Q2067420,Q4992201,siblings,1753
Q2069573,Q55183,siblings,768
Q2072516,Q451724,siblings,1080
Q2072516,Q534961,siblings,1080
Q2072516,Q3311149,siblings,1080
Q2072516,Q1626864,siblings,1080
Q2072516,Q2420456,siblings,1080
Q2072874,Q1848888,siblings,2787
Q2073266,Q7148252,siblings,5447
Q1966130,Q292274,siblings,697
Q1966130,Q381700,siblings,697
Q1966130,Q583639,siblings,697
Q1966130,Q242348,siblings,697
Q1968839,Q238638,siblings,990
Q1989101,Q4277766,siblings,871
Q1994919,Q2865791,siblings,1525
Q1995125,Q132345,siblings,1370
Q1996204,Q57553,siblings,109
Q1996204,Q276850,siblings,109
Q1996204,Q2517919,siblings,109
Q1996204,Q175176,siblings,109
Q2103263,Q4505,siblings,434
Q2117878,Q933448,siblings,140
Q2117878,Q367901,siblings,140
Q2117878,Q922418,siblings,140
Q2121373,Q510259,siblings,171
Q2121373,Q5809645,siblings,171
Q2121373,Q1765834,siblings,171
Q2073960,Q13133,siblings,5356
Q2077079,Q1897583,siblings,3387
Q2077222,Q3660315,siblings,2341
Q2117824,Q1323218,siblings,2636
Q2051128,Q356303,siblings,1814
Q2057483,Q324366,siblings,248
Q1974292,Q5610253,siblings,219
Q1975383,Q1352872,siblings,1997
Q1975383,Q467912,siblings,1997
Q1975383,Q467861,siblings,1997
Q1975383,Q5112377,siblings,1997
Q1975383,Q1386420,siblings,1997
Q1975383,Q273833,siblings,1997
Q1975977,Q4219737,siblings,513
Q1975977,Q2393932,siblings,513
Q1976542,Q3488527,siblings,1077
Q1976542,Q4304599,siblings,1077
Q1977242,Q2738556,siblings,3631
Q1999473,Q3141755,siblings,171
Q1999473,Q1878458,siblings,171
Q1999473,Q4992674,siblings,171
Q2001430,Q313705,siblings,5239
Q2001604,Q521087,siblings,5243
Q2130407,Q525282,siblings,2036
Q2134004,Q2874895,siblings,4549
Q2138429,Q551439,siblings,4826
Q2139066,Q2495512,siblings,3719
Q2139951,Q2715122,siblings,1940
Q2139951,Q2510830,siblings,1940
Q2139951,Q2412965,siblings,1940
Q2087610,Q6750446,siblings,1701
Q2063147,Q3956186,siblings,3878
Q2188802,Q1657677,siblings,87
Q2188802,Q16004,siblings,87
Q2188802,Q646338,siblings,87
Q2188802,Q1653603,siblings,87
Q2190228,Q103628,siblings,1787
Q2024169,Q2266804,siblings,1305
Q2024169,Q232695,siblings,1305
Q2024169,Q2268637,siblings,1305
Q2024169,Q45068,siblings,1305
Q2092750,Q375787,siblings,1874
Q2092940,Q3571680,siblings,1698
Q2204805,Q853781,siblings,2123
Q2204805,Q366670,siblings,2123
Q2343067,Q472790,siblings,4468
Q2155228,Q2800973,siblings,2758
Q2208719,Q6069124,siblings,2121
Q2208719,Q983324,siblings,2121
Q2211141,Q1268462,siblings,5446
Q2218957,Q950958,siblings,2528
Q2282630,Q57269,siblings,839
Q2283054,Q584724,siblings,2926
Q2283054,Q3185970,siblings,2926
Q2284236,Q6558085,siblings,1169
Q2379776,Q2740324,siblings,1636
Q2379776,Q2727922,siblings,1636
Q2379961,Q2891798,siblings,1636
Q2381374,Q431191,siblings,2784
Q2383760,Q5941239,siblings,4559
Q2384433,Q2388999,siblings,542
Q2384433,Q24356,siblings,542
Q2388999,Q2384433,siblings,542
Q2388999,Q24356,siblings,542
Q2159729,Q1667920,siblings,4169
Q2161657,Q1124,siblings,2239
Q2169093,Q42598,siblings,247
Q2169093,Q3313289,siblings,247
Q2173011,Q546367,siblings,2807
Q2393932,Q4219737,siblings,513
Q2393932,Q1975977,siblings,513
Q2228316,Q1878304,siblings,3207
Q2242035,Q257926,siblings,1619
Q2246709,Q390378,siblings,4699
Q2250963,Q6308647,siblings,1482
Q2177572,Q78912,siblings,5478
Q2259085,Q7244666,siblings,109
Q2259085,Q69103,siblings,109
Q2259085,Q3325528,siblings,109
Q2263400,Q1955083,siblings,2950
Q2266804,Q232695,siblings,1305
Q2266804,Q2268637,siblings,1305
Q2266804,Q2024169,siblings,1305
Q2266804,Q45068,siblings,1305
Q2268637,Q2266804,siblings,1305
Q2268637,Q232695,siblings,1305
Q2268637,Q2024169,siblings,1305
Q2268637,Q45068,siblings,1305
Q2325554,Q5111145,siblings,4734
Q2273036,Q3333562,siblings,1811
Q2274096,Q5863138,siblings,4227
Q2377795,Q1772615,siblings,171
Q2377795,Q3358467,siblings,171
Q2412102,Q2631300,siblings,544
Q2412965,Q2715122,siblings,1940
Q2412965,Q2139951,siblings,1940
Q2412965,Q2510830,siblings,1940
Q2414301,Q763206,siblings,511
Q2414301,Q7243973,siblings,511
Q2414301,Q5354440,siblings,511
Q2414301,Q198780,siblings,511
Q2313554,Q2317287,siblings,5408
Q2317090,Q2036974,siblings,697
Q2317287,Q2313554,siblings,5408
Q2564880,Q453463,siblings,49
Q2564880,Q676450,siblings,49
Q2564880,Q57454,siblings,49
Q2451872,Q2752035,siblings,3181
Q2451872,Q320747,siblings,3181
Q2459143,Q273434,siblings,2669
Q2510830,Q2715122,siblings,1940
Q2510830,Q2139951,siblings,1940
Q2510830,Q2412965,siblings,1940
Q2512714,Q979131,siblings,423
Q2517919,Q57553,siblings,109
Q2517919,Q276850,siblings,109
Q2517919,Q1996204,siblings,109
Q2517919,Q175176,siblings,109
Q2519431,Q523964,siblings,599
Q2420456,Q451724,siblings,1080
Q2420456,Q534961,siblings,1080
Q2420456,Q3311149,siblings,1080
Q2420456,Q1626864,siblings,1080
Q2420456,Q2072516,siblings,1080
Q2423576,Q1212263,siblings,1441
Q2423576,Q1468375,siblings,1441
Q2423576,Q6658829,siblings,1441
Q2423576,Q663875,siblings,1441
Q2568499,Q388679,siblings,3086
Q2467920,Q3268153,siblings,1684
Q2467920,Q3268142,siblings,1684
Q2474413,Q275971,siblings,412
Q2525208,Q371203,siblings,87
Q2542111,Q2779396,siblings,4159
Q2480363,Q6435140,siblings,5205
Q2487628,Q2592175,siblings,5172
Q2487628,Q2671482,siblings,5172
Q2487628,Q2492061,siblings,5172
Q2492061,Q2487628,siblings,5172
Q2492061,Q2592175,siblings,5172
Q2492061,Q2671482,siblings,5172
Q2618003,Q7340518,siblings,1395
Q2556523,Q7335045,siblings,3355
Q2557199,Q456675,siblings,2095
Q2495512,Q2139066,siblings,3719
Q2500320,Q2627833,siblings,4839
Q2627833,Q2500320,siblings,4839
Q2592175,Q2487628,siblings,5172
Q2592175,Q2671482,siblings,5172
Q2592175,Q2492061,siblings,5172
Q2657043,Q7452369,siblings,5068
Q2657172,Q1149198,siblings,4706
Q2658477,Q395089,siblings,2491
Q2631300,Q2412102,siblings,544
Q2632825,Q346630,siblings,1416
Q2774229,Q187058,siblings,2688
Q2777806,Q8053935,siblings,841
Q2777806,Q6607430,siblings,841
Q2777806,Q6860176,siblings,841
Q2777806,Q4829434,siblings,841
Q2777806,Q6802367,siblings,841
Q2779396,Q2542111,siblings,4159
Q2787606,Q519529,siblings,2088
Q2707860,Q381863,siblings,1714
Q2708085,Q382598,siblings,4172
Q2715122,Q2139951,siblings,1940
Q2715122,Q2510830,siblings,1940
Q2715122,Q2412965,siblings,1940
Q2726352,Q3630005,siblings,1064
Q2727922,Q2740324,siblings,1636
Q2727922,Q2379776,siblings,1636
Q2728197,Q2733724,siblings,3684
Q2733724,Q2728197,siblings,3684
Q2600379,Q5162596,siblings,31
Q2800973,Q2155228,siblings,2758
Q2806671,Q315471,siblings,195
Q2806671,Q455540,siblings,195
Q2817261,Q146906,siblings,43
Q2817261,Q689964,siblings,43
Q2817261,Q4867793,siblings,43
Q2817328,Q1532902,siblings,43
Q2664053,Q4428770,siblings,266
Q2641853,Q536050,siblings,933
Q2647249,Q100781,siblings,1205
Q2613996,Q5868452,siblings,2342
Q2824078,Q2926091,siblings,943
Q2824078,Q2874739,siblings,943
Q2833696,Q959087,siblings,2234
Q2738556,Q1977242,siblings,3631
Q2740324,Q2727922,siblings,1636
Q2740324,Q2379776,siblings,1636
Q2671482,Q2487628,siblings,5172
Q2671482,Q2592175,siblings,5172
Q2671482,Q2492061,siblings,5172
Q2689385,Q3290387,siblings,2586
Q2700318,Q258820,siblings,155
Q2700318,Q7286234,siblings,155
Q2856737,Q2896229,siblings,3663
Q2838608,Q3513911,siblings,1850
Q2840228,Q3286928,siblings,2145
Q2841182,Q6300652,siblings,5017
Q2746986,Q4404246,siblings,1762
Q2752035,Q2451872,siblings,3181
Q2752035,Q320747,siblings,3181
Q2752875,Q6305121,siblings,2799
Q2827676,Q3351862,siblings,3233
Q2944371,Q510074,siblings,334
Q2956815,Q1909357,siblings,2406
Q2894354,Q711031,siblings,3448
Q2896144,Q313281,siblings,601
Q2896144,Q466056,siblings,601
Q2896229,Q2856737,siblings,3663
Q2897761,Q713235,siblings,5574
Q2865791,Q1994919,siblings,1525
Q2845017,Q451002,siblings,1647
Q2845017,Q10261664,siblings,1647
Q2845017,Q333632,siblings,1647
Q2846128,Q182352,siblings,574
Q2942050,Q314502,siblings,3453
Q2943401,Q3081925,siblings,1106
Q2943402,Q461050,siblings,5263
Q2874739,Q2926091,siblings,943
Q2874739,Q2824078,siblings,943
Q2874895,Q2134004,siblings,4549
Q2997305,Q1854649,siblings,852
Q2997305,Q8049755,siblings,852
Q2889104,Q1904757,siblings,5172
Q2891336,Q1951828,siblings,5020
Q2891798,Q2379961,siblings,1636
Q2903713,Q731168,siblings,888
Q2904001,Q4645564,siblings,843
Q2904001,Q4645801,siblings,843
Q2904001,Q322785,siblings,843
Q2904040,Q6721826,siblings,432
Q2904656,Q6996088,siblings,3097
Q2904819,Q1159122,siblings,4309
Q2906838,Q555341,siblings,1276
Q2909639,Q2909673,siblings,4268
Q2909673,Q2909639,siblings,4268
Q2910061,Q6903645,siblings,1449
Q2919005,Q318505,siblings,1023
Q3014237,Q964801,siblings,4280
Q3019068,Q3078910,siblings,1166
Q3044644,Q6183402,siblings,3371
Q3048622,Q948920,siblings,4244
Q2960128,Q7349499,siblings,4304
Q2964784,Q6451271,siblings,2979
Q3069627,Q124294,siblings,3258
Q3070885,Q590853,siblings,1261
Q3077388,Q1030373,siblings,1145
Q3077388,Q37979,siblings,1145
Q3077388,Q467874,siblings,1145
Q3077388,Q1030337,siblings,1145
Q3077388,Q725680,siblings,1145
Q3077388,Q1030348,siblings,1145
Q3078910,Q3019068,siblings,1166
Q2917665,Q6974836,siblings,267
Q2926091,Q2874739,siblings,943
Q2926091,Q2824078,siblings,943
Q2929427,Q535946,siblings,177
Q2929427,Q1420733,siblings,177
Q3081638,Q1685764,siblings,4682
Q3081925,Q2943401,siblings,1106
Q3083098,Q9009248,siblings,1925
Q3083098,Q3391690,siblings,1925
Q3050853,Q9074685,siblings,2560
Q3050853,Q10281520,siblings,2560
Q3051101,Q471851,siblings,5417
Q3051101,Q3215817,siblings,5417
Q3052569,Q311916,siblings,409
Q3052569,Q336347,siblings,409
Q3052569,Q272154,siblings,409
Q3019212,Q921603,siblings,98
Q3022596,Q273791,siblings,2813
Q3029689,Q3498443,siblings,209
Q3034272,Q274599,siblings,1123
Q3035420,Q3380591,siblings,960
Q2966564,Q433683,siblings,1123
Q2966564,Q230636,siblings,1123
Q2966564,Q461259,siblings,1123
Q2966564,Q453804,siblings,1123
Q2977063,Q449240,siblings,2909
Q3098359,Q555493,siblings,345
Q3099896,Q1171148,siblings,3665
Q3058969,Q382393,siblings,1872
Q3059503,Q7244738,siblings,1080
Q3059503,Q592349,siblings,1080
Q3124507,Q727398,siblings,4522
Q3086620,Q3387256,siblings,1774
Q3089636,Q8322168,siblings,4723
Q3067887,Q953717,siblings,1042
Q3067887,Q3888372,siblings,1042
Q3141755,Q1999473,siblings,171
Q3141755,Q1878458,siblings,171
Q3141755,Q4992674,siblings,171
Q3167425,Q3341082,siblings,598
Q3111214,Q982872,siblings,3368
Q3178812,Q106791,siblings,1466
Q3178812,Q3178418,siblings,1466
Q3179763,Q4679111,siblings,1154
Q3132520,Q6381114,siblings,2091
Q3156516,Q891522,siblings,1529
Q3158647,Q677342,siblings,2033
Q3110901,Q328424,siblings,628
Q3116624,Q6379424,siblings,4873
Q3117676,Q421581,siblings,2689
Q3119872,Q3476232,siblings,2084
Q3120172,Q3351364,siblings,786
Q3120172,Q329,siblings,786
Q3219157,Q3350961,siblings,1127
Q3223408,Q1049830,siblings,2123
Q3232562,Q3239518,siblings,697
Q3236685,Q741655,siblings,3638
Q3236685,Q3557679,siblings,3638
Q3239518,Q3232562,siblings,697
Q3241428,Q6795248,siblings,1040
Q3185931,Q1640126,siblings,697
Q3185931,Q160495,siblings,697
Q3185931,Q1429306,siblings,697
Q3185970,Q2283054,siblings,2926
Q3185970,Q584724,siblings,2926
Q3177695,Q7531876,siblings,797
Q3178418,Q3178812,siblings,1466
Q3178418,Q106791,siblings,1466
Q3268142,Q3268153,siblings,1684
Q3268142,Q2467920,siblings,1684
Q3268153,Q2467920,siblings,1684
Q3268153,Q3268142,siblings,1684
Q3268202,Q336691,siblings,3802
Q3273670,Q1984031,siblings,1406
Q3273670,Q4116131,siblings,1406
Q3189773,Q168040,siblings,2026
Q3294749,Q3299569,siblings,2809
Q3299569,Q3294749,siblings,2809
Q3332827,Q3351122,siblings,1004
Q3333562,Q2273036,siblings,1811
Q3336666,Q338612,siblings,3199
Q3286841,Q224071,siblings,5997
Q3286928,Q2840228,siblings,2145
Q3196816,Q3201170,siblings,597
Q3199788,Q296774,siblings,2109
Q3201170,Q3196816,siblings,597
Q3215817,Q471851,siblings,5417
Q3215817,Q3051101,siblings,5417
Q3215951,Q938263,siblings,4898
Q3305438,Q207,siblings,680
Q3305438,Q320829,siblings,680
Q3305438,Q221997,siblings,680
Q3305438,Q1375345,siblings,680
Q3305564,Q5621407,siblings,4578
Q3307106,Q380579,siblings,2372
Q3311149,Q451724,siblings,1080
Q3311149,Q534961,siblings,1080
Q3311149,Q1626864,siblings,1080
Q3311149,Q2072516,siblings,1080
Q3311149,Q2420456,siblings,1080
Q3262045,Q3554215,siblings,488
Q3290387,Q2689385,siblings,2586
Q3290402,Q316064,siblings,518
Q3290402,Q230303,siblings,518
Q3290404,Q553958,siblings,624
Q3290640,Q67704,siblings,2316
Q3290640,Q62789,siblings,2316
Q3291581,Q12927,siblings,2330
Q3313289,Q42598,siblings,247
Q3313289,Q2169093,siblings,247
Q3314967,Q1982096,siblings,4983
Q3317069,Q22338,siblings,351
Q3325528,Q7244666,siblings,109
Q3325528,Q69103,siblings,109
Q3325528,Q2259085,siblings,109
Q3292104,Q1060355,siblings,208
Q3292539,Q328256,siblings,973
Q3292539,Q3437193,siblings,973
Q3341082,Q3167425,siblings,598
Q3341546,Q646397,siblings,304
Q3341887,Q3528268,siblings,2902
Q3342316,Q9667642,siblings,2256
Q3345518,Q3534361,siblings,4003
Q3376482,Q651186,siblings,1431
Q3380591,Q3035420,siblings,960
Q3387740,Q704846,siblings,2345
Q3391690,Q9009248,siblings,1925
Q3391690,Q3083098,siblings,1925
Q3434236,Q4919368,siblings,520
Q3434236,Q78515,siblings,520
Q3434236,Q112096,siblings,520
Q3434236,Q113733,siblings,520
Q3434236,Q77555,siblings,520
Q3436301,Q3529079,siblings,854
Q3436301,Q230654,siblings,854
Q3436301,Q6769708,siblings,854
Q3437193,Q328256,siblings,973
Q3437193,Q3292539,siblings,973
Q3380401,Q684842,siblings,3634
Q3350961,Q3219157,siblings,1127
Q3351122,Q3332827,siblings,1004
Q3351364,Q3120172,siblings,786
Q3351364,Q329,siblings,786
Q3351697,Q7499430,siblings,1322
Q3351862,Q2827676,siblings,3233
Q3352541,Q866999,siblings,3237
Q3488527,Q1976542,siblings,1077
Q3488527,Q4304599,siblings,1077
Q3488976,Q381817,siblings,3270
Q3488976,Q7053178,siblings,3270
Q3488976,Q4925272,siblings,3270
Q3488976,Q4923558,siblings,3270
Q3424937,Q1913939,siblings,202
Q3385685,Q268595,siblings,3232
Q3387025,Q56818,siblings,986
Q3387256,Q3086620,siblings,1774
Q3387469,Q4785866,siblings,1080
Q3358467,Q2377795,siblings,171
Q3358467,Q1772615,siblings,171
Q3366354,Q7244259,siblings,43
Q3368157,Q6779910,siblings,1851
Q3368157,Q7647789,siblings,1851
Q3498443,Q3029689,siblings,209
Q3440777,Q3510327,siblings,5389
Q3441335,Q5236362,siblings,2492
Q3442020,Q553469,siblings,1588
Q3442020,Q959548,siblings,1588
Q3442020,Q130683,siblings,1588
Q3442020,Q685722,siblings,1588
Q3442834,Q103946,siblings,2481
Q3428023,Q5629011,siblings,4424
Q3498996,Q6963172,siblings,915
Q3503882,Q207432,siblings,1813
Q3503882,Q612582,siblings,1813
Q3510327,Q3440777,siblings,5389
Q3513911,Q2838608,siblings,1850
Q3481851,Q6369963,siblings,2577
Q3528268,Q3341887,siblings,2902
Q3529079,Q230654,siblings,854
Q3529079,Q6769708,siblings,854
Q3529079,Q3436301,siblings,854
Q3529579,Q352709,siblings,695
Q3472093,Q1134401,siblings,138
Q3476232,Q3119872,siblings,2084
Q3479644,Q5444598,siblings,5585
Q3482658,Q73942,siblings,5390
Q3514639,Q7402858,siblings,6022
Q3518207,Q3518212,siblings,3196
Q3518212,Q3518207,siblings,3196
Q3518417,Q6373563,siblings,2498
Q3519776,Q3523083,siblings,4258
Q3521946,Q4770971,siblings,253
Q3522148,Q171276,siblings,105
Q3522294,Q1387724,siblings,1514
Q3523083,Q3519776,siblings,4258
Q3571680,Q2092940,siblings,1698
Q3571782,Q383062,siblings,4641
Q3571886,Q1339485,siblings,362
Q3572524,Q6673995,siblings,791
Q3574658,Q1371438,siblings,1827
Q3659431,Q493963,siblings,678
Q3660315,Q2077222,siblings,2341
Q3531971,Q8045769,siblings,3235
Q3534361,Q3345518,siblings,4003
Q3542702,Q7699811,siblings,2502
Q3543364,Q506730,siblings,226
Q3543364,Q992930,siblings,226
Q3544366,Q498314,siblings,1552
Q3545489,Q877928,siblings,3495
Q3547728,Q6901479,siblings,1886
Q3547728,Q6882836,siblings,1886
Q3547968,Q449547,siblings,324
Q3554215,Q3262045,siblings,488
Q3736070,Q3743314,siblings,3324
Q3736843,Q3743378,siblings,1037
Q3743314,Q3736070,siblings,3324
Q3557679,Q741655,siblings,3638
Q3557679,Q3236685,siblings,3638
Q3743378,Q3736843,siblings,1037
Q3743800,Q314856,siblings,2472
Q3594635,Q6962436,siblings,2919
Q3595147,Q7929390,siblings,34
Q3595178,Q277725,siblings,1873
Q3596070,Q36233,siblings,4466
Q3700226,Q7982829,siblings,2314
Q3713655,Q3731533,siblings,1187
Q3713655,Q239411,siblings,1187
Q3630005,Q2726352,siblings,1064
Q3762696,Q3637420,siblings,4326
Q3762696,Q296909,siblings,4326
Q3765212,Q534433,siblings,1646
Q3726090,Q1010436,siblings,508
Q3731533,Q3713655,siblings,1187
Q3731533,Q239411,siblings,1187
Q3637420,Q3762696,siblings,4326
Q3637420,Q296909,siblings,4326
Q3638754,Q3792950,siblings,4373
Q3644263,Q455945,siblings,134
Q3645473,Q7545169,siblings,945
Q3645473,Q317365,siblings,945
Q3645473,Q81324,siblings,945
Q3859408,Q3658872,siblings,2014
Q3870121,Q629237,siblings,4882
Q3870121,Q3961150,siblings,4882
Q3658872,Q3859408,siblings,2014
Q3941537,Q274314,siblings,1906
Q3792950,Q3638754,siblings,4373
Q3888372,Q953717,siblings,1042
Q3888372,Q3067887,siblings,1042
Q3888622,Q6547616,siblings,58
Q3890688,Q5937916,siblings,3269
Q3956186,Q2063147,siblings,3878
Q3959833,Q311235,siblings,610
Q3961150,Q629237,siblings,4882
Q3961150,Q3870121,siblings,4882
Q4013330,Q1394411,siblings,2839
Q4074457,Q4074458,siblings,2075
Q4074458,Q4074457,siblings,2075
Q4079744,Q7173047,siblings,4945
Q3921852,Q607450,siblings,1909
Q3923981,Q6650108,siblings,1599
Q3923981,Q794114,siblings,1599
Q4020203,Q8027,siblings,2420
Q4083181,Q1396536,siblings,277
Q4116131,Q3273670,siblings,1406
Q4116131,Q1984031,siblings,1406
Q4117209,Q149941,siblings,271
Q4121541,Q137538,siblings,2786
Q4165546,Q371263,siblings,626
Q4165651,Q6669035,siblings,626
Q4165651,Q58156,siblings,626
Q4167538,Q4167541,siblings,3203
Q4167541,Q4167538,siblings,3203
Q4150277,Q4150279,siblings,106
Q4150279,Q4150277,siblings,106
Q4219737,Q2393932,siblings,513
Q4219737,Q1975977,siblings,513
Q4160936,Q4160937,siblings,2311
Q4160937,Q4160936,siblings,2311
Q4200758,Q7238276,siblings,2415
Q4205443,Q699770,siblings,2080
Q4264069,Q76179,siblings,312
Q4261367,Q4261369,siblings,1727
Q4261369,Q4261367,siblings,1727
Q4264827,Q431442,siblings,687
Q4349585,Q375932,siblings,1533
Q4276189,Q442243,siblings,2825
Q4276787,Q271583,siblings,1530
Q4277766,Q1989101,siblings,871
Q4281193,Q4281196,siblings,1705
Q4281196,Q4281193,siblings,1705
Q4424481,Q4424483,siblings,842
Q4424483,Q4424481,siblings,842
Q4293730,Q47139,siblings,5764
Q4301466,Q365750,siblings,2
Q4301671,Q7693523,siblings,4758
Q4304599,Q1976542,siblings,1077
Q4304599,Q3488527,siblings,1077
Q4404246,Q2746986,siblings,1762
Q4406134,Q10363361,siblings,1771
Q4406134,Q10310427,siblings,1771
Q4408025,Q9025653,siblings,5841
Q4356053,Q4570670,siblings,4053
Q4426215,Q6903496,siblings,3632
Q4428770,Q2664053,siblings,266
Q4330912,Q56226,siblings,1016
Q4330912,Q317824,siblings,1016
Q4388950,Q1693403,siblings,5878
Q4536793,Q968773,siblings,828
Q4536856,Q4536964,siblings,3017
Q4536964,Q4536856,siblings,3017
Q4459941,Q274342,siblings,1159
Q4459941,Q1901162,siblings,1159
Q4570670,Q4356053,siblings,4053
Q4665057,Q5674606,siblings,772
Q4665226,Q7855214,siblings,690
Q4665226,Q293679,siblings,690
Q4665663,Q620518,siblings,211
Q4665663,Q5429532,siblings,211
Q4665821,Q6892571,siblings,2216
Q4665821,Q5431091,siblings,2216
Q4665821,Q379946,siblings,2216
Q4665864,Q8067570,siblings,3426
Q4665864,Q4666019,siblings,3426
Q4666019,Q4665864,siblings,3426
Q4666019,Q8067570,siblings,3426
Q4666283,Q302466,siblings,3426
Q4661865,Q4961922,siblings,3229
Q4679111,Q3179763,siblings,1154
Q4683100,Q6581650,siblings,2228
Q4684282,Q6132346,siblings,1171
Q4645564,Q4645801,siblings,843
Q4645564,Q2904001,siblings,843
Q4645564,Q322785,siblings,843
Q4645801,Q4645564,siblings,843
Q4645801,Q2904001,siblings,843
Q4645801,Q322785,siblings,843
Q4727244,Q7183541,siblings,1438
Q4739544,Q513336,siblings,2700
Q4521676,Q901541,siblings,854
Q4768394,Q1445246,siblings,967
Q4768394,Q7852174,siblings,967
Q4687826,Q10967627,siblings,5018
Q4694945,Q48622,siblings,2326
Q4699214,Q7908216,siblings,418
Q4794291,Q57665,siblings,863
Q4741393,Q5563101,siblings,4429
Q4746839,Q738291,siblings,4655
Q4749417,Q7038136,siblings,2714
Q4770971,Q3521946,siblings,253
Q4720562,Q74913,siblings,4499
Q4772506,Q7150626,siblings,2976
Q4777872,Q6751081,siblings,1905
Q4785851,Q6425396,siblings,202
Q4785866,Q3387469,siblings,1080
Q4753766,Q5213446,siblings,483
Q4756213,Q7174441,siblings,1541
Q4756700,Q7647707,siblings,2378
Q4764208,Q7585563,siblings,1297
Q4801977,Q9303235,siblings,5273
Q4805435,Q5178606,siblings,2549
Q4954882,Q457421,siblings,3380
Q4865076,Q440363,siblings,1682
Q4867793,Q146906,siblings,43
Q4867793,Q2817261,siblings,43
Q4867793,Q689964,siblings,43
Q4875825,Q959607,siblings,449
Q4875825,Q614544,siblings,449
Q4877250,Q451359,siblings,153
Q4879521,Q5372429,siblings,3326
Q4919368,Q78515,siblings,520
Q4919368,Q112096,siblings,520
Q4919368,Q113733,siblings,520
Q4919368,Q3434236,siblings,520
Q4919368,Q77555,siblings,520
Q4923120,Q174267,siblings,463
Q4923558,Q381817,siblings,3270
Q4923558,Q7053178,siblings,3270
Q4923558,Q3488976,siblings,3270
Q4923558,Q4925272,siblings,3270
Q4925272,Q381817,siblings,3270
Q4925272,Q7053178,siblings,3270
Q4925272,Q3488976,siblings,3270
Q4925272,Q4923558,siblings,3270
Q4928446,Q6332502,siblings,3179
Q4977062,Q527553,siblings,4542
Q4977376,Q63575,siblings,1081
Q4977376,Q105980,siblings,1081
Q4977376,Q125361,siblings,1081
Q4977376,Q77937,siblings,1081
Q4935748,Q7376409,siblings,521
Q4937882,Q4987349,siblings,3596
Q4960958,Q5072647,siblings,1650
Q4886753,Q369116,siblings,5258
Q4888549,Q7364585,siblings,67
Q4889354,Q4990091,siblings,743
Q4940014,Q270870,siblings,168
Q4940014,Q5581918,siblings,168
Q4941876,Q5602703,siblings,4356
Q4829434,Q8053935,siblings,841
Q4829434,Q6607430,siblings,841
Q4829434,Q6860176,siblings,841
Q4829434,Q2777806,siblings,841
Q4829434,Q6802367,siblings,841
Q4834039,Q5258094,siblings,2421
Q4983219,Q1811163,siblings,2077
Q4987349,Q4937882,siblings,3596
Q4961922,Q4661865,siblings,3229
Q4964341,Q560164,siblings,176
Q4967579,Q4967708,siblings,4126
Q4967708,Q4967579,siblings,4126
Q4894291,Q1886607,siblings,2420
Q4894291,Q458994,siblings,2420
Q4894291,Q362304,siblings,2420
Q4968574,Q5999630,siblings,2240
Q4971488,Q234973,siblings,2190
Q4973965,Q5494661,siblings,934
Q4974190,Q1395864,siblings,5983
Q4990091,Q4889354,siblings,743
Q4992201,Q2067420,siblings,1753
Q4951018,Q1321598,siblings,757
Q4949746,Q270786,siblings,3316
Q5043474,Q326,siblings,2332
Q4990909,Q6252092,siblings,130
Q4992674,Q3141755,siblings,171
Q4992674,Q1999473,siblings,171
Q4992674,Q1878458,siblings,171
Q4993516,Q329776,siblings,5483
Q5107926,Q509262,siblings,136
Q5108061,Q6789333,siblings,1252
Q5110004,Q6033524,siblings,1519
Q5111145,Q2325554,siblings,4734
Q5112179,Q11673,siblings,4421
Q5112377,Q1352872,siblings,1997
Q5112377,Q467912,siblings,1997
Q5112377,Q1975383,siblings,1997
Q5112377,Q467861,siblings,1997
Q5112377,Q1386420,siblings,1997
Q5112377,Q273833,siblings,1997
Q5052813,Q6558727,siblings,1621
Q5126130,Q7421577,siblings,445
Q5126130,Q328520,siblings,445
Q5095183,Q5095186,siblings,887
Q5095183,Q5095188,siblings,887
Q5095183,Q5095185,siblings,887
Q5095185,Q5095183,siblings,887
Q5095185,Q5095186,siblings,887
Q5095185,Q5095188,siblings,887
Q5095186,Q5095183,siblings,887
Q5095186,Q5095188,siblings,887
Q5095186,Q5095185,siblings,887
Q5095188,Q5095183,siblings,887
Q5095188,Q5095186,siblings,887
Q5095188,Q5095185,siblings,887
Q5071486,Q5517518,siblings,3949
Q5072647,Q4960958,siblings,1650
Q5178606,Q4805435,siblings,2549
Q5141124,Q554370,siblings,42
Q5141124,Q653317,siblings,42
Q5150226,Q7507748,siblings,1036
Q5162596,Q2600379,siblings,31
Q5296700,Q7829445,siblings,1781
Q5297751,Q1635556,siblings,5566
Q5297751,Q5219593,siblings,5566
Q5236362,Q3441335,siblings,2492
Q5244614,Q7448533,siblings,129
Q5202476,Q5427748,siblings,2670
Q5208548,Q5208551,siblings,3497
Q5208549,Q6963171,siblings,915
Q5208549,Q6963169,siblings,915
Q5208551,Q5208548,siblings,3497
Q5210356,Q7803170,siblings,1454
Q5213446,Q4753766,siblings,483
Q5213719,Q1626464,siblings,5304
Q5219593,Q1635556,siblings,5566
Q5219593,Q5297751,siblings,5566
Q5232150,Q5489862,siblings,4427
Q5258094,Q4834039,siblings,2421
Q5365513,Q7087663,siblings,825
Q5271504,Q8275026,siblings,2396
Q5279602,Q1858359,siblings,280
Q5346792,Q5561111,siblings,3265
Q5347128,Q5404922,siblings,3785
Q5354380,Q500644,siblings,2002
Q5354380,Q6255591,siblings,2002
Q5354440,Q763206,siblings,511
Q5354440,Q2414301,siblings,511
Q5354440,Q7243973,siblings,511
Q5354440,Q198780,siblings,511
Q5368787,Q1362691,siblings,4329
Q5372429,Q4879521,siblings,3326
Q5404922,Q5347128,siblings,3785
Q5407922,Q182325,siblings,274
Q5407922,Q5924522,siblings,274
Q5407922,Q5859876,siblings,274
Q5362573,Q442226,siblings,259
Q5389146,Q237897,siblings,4975
Q5489862,Q5232150,siblings,4427
Q5494661,Q4973965,siblings,934
Q5419326,Q483325,siblings,939
Q5427748,Q5202476,siblings,2670
Q5428603,Q877624,siblings,49
Q5428603,Q311308,siblings,49
Q5429532,Q620518,siblings,211
Q5429532,Q4665663,siblings,211
Q5431091,Q6892571,siblings,2216
Q5431091,Q4665821,siblings,2216
Q5431091,Q379946,siblings,2216
Q5434725,Q167829,siblings,2138
Q5437886,Q639392,siblings,5737
Q5444598,Q3479644,siblings,5585
Q5444968,Q6123664,siblings,627
Q5444777,Q9050000,siblings,2387
Q5517518,Q5071486,siblings,3949
Q5519561,Q7409415,siblings,515
Q5581918,Q270870,siblings,168
Q5581918,Q4940014,siblings,168
Q5619088,Q6791008,siblings,2109
Q5588921,Q5981051,siblings,3557
Q5588921,Q449013,siblings,3557
Q5561111,Q5346792,siblings,3265
Q5563101,Q4741393,siblings,4429
Q5666679,Q6110899,siblings,66
Q5621407,Q3305564,siblings,4578
Q5602703,Q4941876,siblings,4356
Q5674606,Q4665057,siblings,772
Q5681251,Q5834000,siblings,3883
Q5688471,Q1059948,siblings,826
Q5688471,Q7400024,siblings,826
Q5688471,Q1573260,siblings,826
Q5688471,Q1951896,siblings,826
Q5688471,Q58301,siblings,826
Q5688471,Q556607,siblings,826
Q5610253,Q1974292,siblings,219
Q5628154,Q251790,siblings,4859
Q5629011,Q3428023,siblings,4424
Q5630649,Q925877,siblings,471
Q5630649,Q5630728,siblings,471
Q5630728,Q925877,siblings,471
Q5630728,Q5630649,siblings,471
Q5640337,Q7193776,siblings,3160
Q5643738,Q7825807,siblings,4590
Q5643740,Q464360,siblings,4376
Q5726858,Q6853506,siblings,1575
Q5750311,Q5951001,siblings,2609
Q5707233,Q9015138,siblings,6093
Q5724157,Q5992992,siblings,3585
Q5809645,Q510259,siblings,171
Q5809645,Q1765834,siblings,171
Q5809645,Q2121373,siblings,171
Q5887826,Q5927664,siblings,959
Q5765833,Q800179,siblings,1335
Q5765833,Q296771,siblings,1335
Q5765833,Q10279737,siblings,1335
Q5768127,Q57537,siblings,898
Q5938827,Q5950909,siblings,876
Q5902202,Q563544,siblings,1063
Q5937916,Q3890688,siblings,3269
Q5939411,Q5941065,siblings,1422
Q5941065,Q5939411,siblings,1422
Q5941239,Q2383760,siblings,4559
Q5943665,Q6809317,siblings,1160
Q5943665,Q433500,siblings,1160
Q5943665,Q8049890,siblings,1160
Q5831161,Q606779,siblings,5237
Q5834000,Q5681251,siblings,3883
Q5859876,Q182325,siblings,274
Q5859876,Q5924522,siblings,274
Q5859876,Q5407922,siblings,274
Q5924288,Q1189353,siblings,5210
Q5924522,Q182325,siblings,274
Q5924522,Q5859876,siblings,274
Q5924522,Q5407922,siblings,274
Q5927664,Q5887826,siblings,959
Q5960285,Q8064737,siblings,100
Q5960285,Q400619,siblings,100
Q5863138,Q2274096,siblings,4227
Q5868452,Q2613996,siblings,2342
Q5878660,Q6014209,siblings,3208
Q5999630,Q4968574,siblings,2240
Q5944264,Q813332,siblings,1202
Q5950909,Q5938827,siblings,876
Q5951001,Q5750311,siblings,2609
Q5969883,Q5969887,siblings,4988
Q5969887,Q5969883,siblings,4988
Q6014209,Q5878660,siblings,3208
Q6059631,Q6059669,siblings,5333
Q6059669,Q6059631,siblings,5333
Q6066032,Q6987739,siblings,313
Q6069124,Q983324,siblings,2121
Q6069124,Q2208719,siblings,2121
Q5976701,Q371716,siblings,905
Q5976701,Q7185654,siblings,905
Q5981051,Q449013,siblings,3557
Q5981051,Q5588921,siblings,3557
Q6024858,Q228862,siblings,3411
Q6132346,Q4684282,siblings,1171
Q5992185,Q6109761,siblings,1157
Q5992992,Q5724157,siblings,3585
Q6077732,Q432069,siblings,197
Q6030999,Q7216686,siblings,329
Q6033524,Q5110004,siblings,1519
Q6035765,Q7943707,siblings,4602
Q6035765,Q524601,siblings,4602
Q6106781,Q6499357,siblings,3460
Q6106781,Q7793737,siblings,3460
Q6109761,Q5992185,siblings,1157
Q6110899,Q5666679,siblings,66
Q6112826,Q700913,siblings,2812
Q6152540,Q441726,siblings,2581
Q6183402,Q3044644,siblings,3371
Q6123664,Q5444968,siblings,627
Q6124175,Q528320,siblings,4257
Q6141435,Q7053083,siblings,3479
Q6157634,Q733103,siblings,2662
Q6160487,Q8353804,siblings,2027
Q6161563,Q6893462,siblings,2089
Q6161563,Q6204478,siblings,2089
Q6161563,Q1855372,siblings,2089
Q6167377,Q6770477,siblings,4048
Q6173393,Q934831,siblings,197
Q6216250,Q6835617,siblings,1759
Q6187841,Q256395,siblings,844
Q6200312,Q862186,siblings,1325
Q6204478,Q6893462,siblings,2089
Q6204478,Q6161563,siblings,2089
Q6204478,Q1855372,siblings,2089
Q6228896,Q6228904,siblings,743
Q6228896,Q941210,siblings,743
Q6228904,Q6228896,siblings,743
Q6228904,Q941210,siblings,743
Q6175882,Q7919721,siblings,2366
Q6176403,Q57327,siblings,687
Q6176403,Q58233,siblings,687
Q6176547,Q6962562,siblings,4175
Q6211133,Q219366,siblings,4721
Q6211184,Q10390,siblings,1862
Q6234882,Q6830581,siblings,605
Q6234882,Q7647840,siblings,605
Q6234882,Q541304,siblings,605
Q6252092,Q4990909,siblings,130
Q6308647,Q2250963,siblings,1482
Q6273473,Q609189,siblings,5238
Q6247947,Q7323355,siblings,2463
Q6248285,Q1933369,siblings,108
Q6255591,Q500644,siblings,2002
Q6255591,Q5354380,siblings,2002
Q6404568,Q540608,siblings,64
Q6409751,Q317521,siblings,236
Q6409751,Q7827568,siblings,236
Q6332502,Q4928446,siblings,3179
Q6344147,Q6727242,siblings,3926
Q6369963,Q3481851,siblings,2577
Q6370170,Q600415,siblings,2625
Q6425396,Q4785851,siblings,202
Q6435140,Q2480363,siblings,5205
Q6498898,Q7608279,siblings,1429
Q6499357,Q6106781,siblings,3460
Q6499357,Q7793737,siblings,3460
Q6298789,Q8076937,siblings,131
Q6300652,Q2841182,siblings,5017
Q6305121,Q2752875,siblings,2799
Q6451271,Q2964784,siblings,2979
Q6470392,Q499613,siblings,4215
Q6558085,Q2284236,siblings,1169
Q6558727,Q5052813,siblings,1621
Q6578300,Q6585920,siblings,2716
Q6581650,Q4683100,siblings,2228
Q6581805,Q7212960,siblings,2245
Q6581805,Q7192774,siblings,2245
Q6581805,Q7222900,siblings,2245
Q6479877,Q6751191,siblings,4419
Q6488358,Q970992,siblings,174
Q6585920,Q6578300,siblings,2716
Q6607430,Q8053935,siblings,841
Q6607430,Q6860176,siblings,841
Q6607430,Q4829434,siblings,841
Q6607430,Q2777806,siblings,841
Q6607430,Q6802367,siblings,841
Q6631454,Q270115,siblings,2929
Q6373563,Q3518417,siblings,2498
Q6376665,Q152451,siblings,3787
Q6379424,Q3116624,siblings,4873
Q6640798,Q7014238,siblings,4013
Q6650108,Q3923981,siblings,1599
Q6650108,Q794114,siblings,1599
Q6658829,Q1212263,siblings,1441
Q6658829,Q1468375,siblings,1441
Q6658829,Q2423576,siblings,1441
Q6658829,Q663875,siblings,1441
Q6526251,Q316992,siblings,2728
Q6535108,Q8064841,siblings,229
Q6696598,Q6708532,siblings,613
Q6380448,Q730901,siblings,3984
Q6381114,Q3132520,siblings,2091
Q6389326,Q235137,siblings,3165
Q6394075,Q6769499,siblings,2086
Q6395418,Q7260894,siblings,819
Q6779910,Q7647789,siblings,1851
Q6779910,Q3368157,siblings,1851
Q6748401,Q6918852,siblings,3095
Q6748401,Q6935530,siblings,3095
Q6750446,Q2087610,siblings,1701
Q6751081,Q4777872,siblings,1905
Q6751191,Q6479877,siblings,4419
Q6752589,Q6700604,siblings,2443
Q6668408,Q900719,siblings,3658
Q6669035,Q4165651,siblings,626
Q6669035,Q58156,siblings,626
Q6673995,Q3572524,siblings,791
Q6700604,Q6752589,siblings,2443
Q6701444,Q1979234,siblings,5663
Q6706095,Q614907,siblings,2513
Q6708532,Q6696598,siblings,613
Q6721826,Q2904040,siblings,432
Q6727242,Q6344147,siblings,3926
Q6547616,Q3888622,siblings,58
Q6554413,Q466537,siblings,4144
Q6551575,Q1174481,siblings,988
Q6782141,Q240136,siblings,998
Q6789333,Q5108061,siblings,1252
Q6791008,Q5619088,siblings,2109
Q6763863,Q6895334,siblings,1010
Q6763863,Q6933490,siblings,1010
Q6731219,Q7001644,siblings,3214
Q6817563,Q6977436,siblings,4989
Q6829989,Q8008126,siblings,1922
Q6830581,Q7647840,siblings,605
Q6830581,Q541304,siblings,605
Q6830581,Q6234882,siblings,605
Q6833765,Q6792754,siblings,2791
Q6792754,Q6833765,siblings,2791
Q6795248,Q3241428,siblings,1040
Q6802367,Q8053935,siblings,841
Q6802367,Q6607430,siblings,841
Q6802367,Q6860176,siblings,841
Q6802367,Q4829434,siblings,841
Q6802367,Q2777806,siblings,841
Q7001644,Q6731219,siblings,3214
Q7014238,Q6640798,siblings,4013
Q6809317,Q433500,siblings,1160
Q6809317,Q5943665,siblings,1160
Q6809317,Q8049890,siblings,1160
Q6901479,Q3547728,siblings,1886
Q6901479,Q6882836,siblings,1886
Q6903496,Q4426215,siblings,3632
Q6903645,Q2910061,siblings,1449
Q6915324,Q6897261,siblings,4884
Q6918852,Q6748401,siblings,3095
Q6918852,Q6935530,siblings,3095
Q6931999,Q720334,siblings,1959
Q6933490,Q6895334,siblings,1010
Q6933490,Q6763863,siblings,1010
Q6935530,Q6748401,siblings,3095
Q6935530,Q6918852,siblings,3095
Q6769499,Q6394075,siblings,2086
Q6769708,Q3529079,siblings,854
Q6769708,Q230654,siblings,854
Q6769708,Q3436301,siblings,854
Q6770477,Q6167377,siblings,4048
Q6775988,Q7175408,siblings,3219
Q6776382,Q1701445,siblings,5561
Q6835617,Q6216250,siblings,1759
Q6843612,Q460148,siblings,872
Q6852608,Q706694,siblings,1137
Q6852608,Q44329,siblings,1137
Q6852608,Q447173,siblings,1137
Q6852608,Q459816,siblings,1137
Q6852822,Q6945723,siblings,1852
Q6853506,Q5726858,siblings,1575
Q6945723,Q6852822,siblings,1852
Q6949488,Q7025522,siblings,5231
Q6962436,Q3594635,siblings,2919
Q6962562,Q6176547,siblings,4175
Q7087663,Q5365513,siblings,825
Q7094394,Q558221,siblings,1963
Q7094394,Q199846,siblings,1963
Q7025522,Q6949488,siblings,5231
Q7026764,Q454133,siblings,2750
Q7038136,Q4749417,siblings,2714
Q7050100,Q552925,siblings,3353
Q7173047,Q4079744,siblings,4945
Q6963169,Q6963171,siblings,915
Q6963169,Q5208549,siblings,915
Q6963171,Q6963169,siblings,915
Q6963171,Q5208549,siblings,915
Q6963172,Q3498996,siblings,915
Q6964697,Q6872244,siblings,5436
Q6969557,Q433368,siblings,905
Q6974836,Q2917665,siblings,267
Q6977436,Q6817563,siblings,4989
Q6983484,Q57675,siblings,4836
Q6987739,Q6066032,siblings,313
Q6996088,Q2904656,siblings,3097
Q6860176,Q8053935,siblings,841
Q6860176,Q6607430,siblings,841
Q6860176,Q4829434,siblings,841
Q6860176,Q2777806,siblings,841
Q6860176,Q6802367,siblings,841
Q6869043,Q355748,siblings,1071
Q6872244,Q6964697,siblings,5436
Q6882836,Q3547728,siblings,1886
Q6882836,Q6901479,siblings,1886
Q6892571,Q4665821,siblings,2216
Q6892571,Q5431091,siblings,2216
Q6892571,Q379946,siblings,2216
Q6893462,Q6204478,siblings,2089
Q6893462,Q6161563,siblings,2089
Q6893462,Q1855372,siblings,2089
Q6895334,Q6933490,siblings,1010
Q6895334,Q6763863,siblings,1010
Q6897261,Q6915324,siblings,4884
Q7137456,Q1736803,siblings,1636
Q7137456,Q486381,siblings,1636
Q7137456,Q10856511,siblings,1636
Q7053083,Q6141435,siblings,3479
Q7053178,Q381817,siblings,3270
Q7053178,Q3488976,siblings,3270
Q7053178,Q4925272,siblings,3270
Q7053178,Q4923558,siblings,3270
Q7077154,Q7402688,siblings,685
Q7173432,Q975203,siblings,1302
Q7174441,Q4756213,siblings,1541
Q7175408,Q6775988,siblings,3219
Q7260894,Q6395418,siblings,819
Q7178538,Q115671,siblings,698
Q7183113,Q7499581,siblings,1163
Q7183541,Q4727244,siblings,1438
Q7185654,Q5976701,siblings,905
Q7185654,Q371716,siblings,905
Q7192774,Q7212960,siblings,2245
Q7192774,Q6581805,siblings,2245
Q7192774,Q7222900,siblings,2245
Q7193776,Q5640337,siblings,3160
Q7148252,Q2073266,siblings,5447
Q7150626,Q4772506,siblings,2976
Q7212960,Q7192774,siblings,2245
Q7212960,Q6581805,siblings,2245
Q7212960,Q7222900,siblings,2245
Q7213774,Q938063,siblings,2996
Q7216686,Q6030999,siblings,329
Q7222900,Q7212960,siblings,2245
Q7222900,Q7192774,siblings,2245
Q7222900,Q6581805,siblings,2245
Q7228700,Q7283602,siblings,5076
Q7238276,Q4200758,siblings,2415
Q7279284,Q728063,siblings,4335
Q7279284,Q180589,siblings,4335
Q7283602,Q7228700,siblings,5076
Q7286234,Q258820,siblings,155
Q7286234,Q2700318,siblings,155
Q7289698,Q277665,siblings,1031
Q7335045,Q2556523,siblings,3355
Q7336472,Q1338044,siblings,4075
Q7340518,Q2618003,siblings,1395
Q7320299,Q1192750,siblings,384
Q7323355,Q6247947,siblings,2463
Q7243973,Q763206,siblings,511
Q7243973,Q2414301,siblings,511
Q7243973,Q5354440,siblings,511
Q7243973,Q198780,siblings,511
Q7244259,Q3366354,siblings,43
Q7244519,Q57464,siblings,43
Q7244519,Q461192,siblings,43
Q7244666,Q69103,siblings,109
Q7244666,Q3325528,siblings,109
Q7244666,Q2259085,siblings,109
Q7244586,Q116325,siblings,511
Q7244738,Q3059503,siblings,1080
Q7244738,Q592349,siblings,1080
Q7246465,Q310867,siblings,3897
Q7298569,Q1221764,siblings,3257
Q7298936,Q7791618,siblings,4679
Q7306919,Q616695,siblings,1563
Q7347843,Q1182285,siblings,4062
Q7364585,Q4888549,siblings,67
Q7492933,Q7492936,siblings,376
Q7492933,Q52183,siblings,376
Q7492936,Q52183,siblings,376
Q7492936,Q7492933,siblings,376
Q7494889,Q1044457,siblings,3990
Q7498823,Q1440222,siblings,5545
Q7499430,Q3351697,siblings,1322
Q7499581,Q7183113,siblings,1163
Q7349499,Q2960128,siblings,4304
Q7376409,Q4935748,siblings,521
Q7418393,Q11058950,siblings,155
Q7421577,Q5126130,siblings,445
Q7421577,Q328520,siblings,445
Q7425114,Q40057,siblings,1751
Q7436779,Q946591,siblings,5193
Q7405720,Q227716,siblings,2919
Q7405720,Q208497,siblings,2919
Q7448533,Q5244614,siblings,129
Q7452369,Q2657043,siblings,5068
Q7456454,Q352159,siblings,3357
Q7461184,Q464712,siblings,2566
Q7585563,Q4764208,siblings,1297
Q7400024,Q1059948,siblings,826
Q7400024,Q1573260,siblings,826
Q7400024,Q1951896,siblings,826
Q7400024,Q5688471,siblings,826
Q7400024,Q58301,siblings,826
Q7400024,Q556607,siblings,826
Q7402688,Q7077154,siblings,685
Q7402755,Q969607,siblings,2061
Q7402858,Q3514639,siblings,6022
Q7405429,Q556137,siblings,1563
Q7405429,Q742051,siblings,1563
Q7409415,Q5519561,siblings,515
Q7507748,Q5150226,siblings,1036
Q7608279,Q6498898,siblings,1429
Q7610649,Q180978,siblings,3931
Q7693523,Q4301671,siblings,4758
Q7531876,Q3177695,siblings,797
Q7545169,Q317365,siblings,945
Q7545169,Q81324,siblings,945
Q7545169,Q3645473,siblings,945
Q7688676,Q144719,siblings,2655
Q7688725,Q1343292,siblings,2742
Q7699811,Q3542702,siblings,2502
Q7706881,Q8054513,siblings,3781
Q7789440,Q31112,siblings,1927
Q7791618,Q7298936,siblings,4679
Q7791637,Q170581,siblings,4734
Q7626636,Q952994,siblings,4583
Q7647707,Q4756700,siblings,2378
Q7647789,Q6779910,siblings,1851
Q7647789,Q3368157,siblings,1851
Q7647840,Q6830581,siblings,605
Q7647840,Q541304,siblings,605
Q7647840,Q6234882,siblings,605
Q7807915,Q132451,siblings,4630
Q7815258,Q1586454,siblings,3705
Q7803170,Q5210356,siblings,1454
Q7805962,Q7806029,siblings,2415
Q7806029,Q7805962,siblings,2415
Q7787257,Q170676,siblings,980
Q7793737,Q6499357,siblings,3460
Q7793737,Q6106781,siblings,3460
Q7929390,Q3595147,siblings,34
Q7943707,Q524601,siblings,4602
Q7943707,Q6035765,siblings,4602
Q7825807,Q5643738,siblings,4590
Q7827568,Q317521,siblings,236
Q7827568,Q6409751,siblings,236
Q7829445,Q5296700,siblings,1781
Q7841119,Q1770472,siblings,3477
Q7849607,Q57449,siblings,3864
Q7852174,Q1445246,siblings,967
Q7852174,Q4768394,siblings,967
Q7855214,Q4665226,siblings,690
Q7855214,Q293679,siblings,690
Q8008126,Q6829989,siblings,1922
Q7967337,Q1723754,siblings,4946
Q7908216,Q4699214,siblings,418
Q7919721,Q6175882,siblings,2366
Q7982829,Q3700226,siblings,2314
Q8045769,Q3531971,siblings,3235
Q8049755,Q2997305,siblings,852
Q8049755,Q1854649,siblings,852
Q8049890,Q6809317,siblings,1160
Q8049890,Q433500,siblings,1160
Q8049890,Q5943665,siblings,1160
Q8053935,Q6607430,siblings,841
Q8053935,Q6860176,siblings,841
Q8053935,Q4829434,siblings,841
Q8053935,Q2777806,siblings,841
Q8053935,Q6802367,siblings,841
Q8054513,Q7706881,siblings,3781
Q8272604,Q9062245,siblings,938
Q8275026,Q5271504,siblings,2396
Q8322168,Q3089636,siblings,4723
Q8965221,Q10886337,siblings,45
Q8965221,Q455691,siblings,45
Q9009248,Q3391690,siblings,1925
Q9009248,Q3083098,siblings,1925
Q9009402,Q251146,siblings,1318
Q9015084,Q10376116,siblings,1767
Q9015138,Q5707233,siblings,6093
Q8353804,Q6160487,siblings,2027
Q8061482,Q845256,siblings,2040
Q8064737,Q5960285,siblings,100
Q8064737,Q400619,siblings,100
Q8064841,Q6535108,siblings,229
Q8067570,Q4665864,siblings,3426
Q8067570,Q4666019,siblings,3426
Q8076937,Q6298789,siblings,131
Q9332568,Q1932748,siblings,1513
Q8192289,Q1140263,siblings,512
Q9165365,Q445761,siblings,4035
Q9025653,Q4408025,siblings,5841
Q9050000,Q5444777,siblings,2387
Q9062245,Q8272604,siblings,938
Q9074685,Q3050853,siblings,2560
Q9074685,Q10281520,siblings,2560
Q8864232,Q8864240,siblings,2120
Q8864240,Q8864232,siblings,2120
Q9602279,Q10392749,siblings,1410
Q9667642,Q3342316,siblings,2256
Q9696914,Q10283057,siblings,1203
Q9382075,Q9394733,siblings,1423
Q9303235,Q4801977,siblings,5273
Q10310427,Q4406134,siblings,1771
Q10310427,Q10363361,siblings,1771
Q9394733,Q9382075,siblings,1423
Q10392749,Q9602279,siblings,1410
Q10393825,Q10327778,siblings,2258
Q10325284,Q451984,siblings,4692
Q10327778,Q10393825,siblings,2258
Q10261664,Q451002,siblings,1647
Q10261664,Q333632,siblings,1647
Q10261664,Q2845017,siblings,1647
Q10264030,Q10346160,siblings,1236
Q10264030,Q10357883,siblings,1236
Q10279737,Q800179,siblings,1335
Q10279737,Q296771,siblings,1335
Q10279737,Q5765833,siblings,1335
Q10281520,Q3050853,siblings,2560
Q10281520,Q9074685,siblings,2560
Q10289097,Q172838,siblings,2701
Q10856511,Q7137456,siblings,1636
Q10856511,Q1736803,siblings,1636
Q10856511,Q486381,siblings,1636
Q10886337,Q8965221,siblings,45
Q10886337,Q455691,siblings,45
Q10374385,Q10295562,siblings,4197
Q10376116,Q9015084,siblings,1767
Q10346160,Q10264030,siblings,1236
Q10346160,Q10357883,siblings,1236
Q10357883,Q10346160,siblings,1236
Q10357883,Q10264030,siblings,1236
Q10363361,Q4406134,siblings,1771
Q10363361,Q10310427,siblings,1771
Q10283057,Q9696914,siblings,1203
Q10295562,Q10374385,siblings,4197
Q10860948,Q467187,siblings,5884
Q10967627,Q4687826,siblings,5018
Q11058950,Q7418393,siblings,155
Q11259379,Q11259381,siblings,1022
Q11259381,Q11259379,siblings,1022
